<?xml version="1.0" encoding="UTF-8" ?>
<rss version="2.0" xmlns:content="http://purl.org/rss/1.0/modules/content/" xmlns:wikidot="http://www.wikidot.com/rss-namespace">

	<channel>
		<title>Recent page changes from site &quot;Seed&quot; (a Wikidot site)</title>
		<link>http://seedrpg.wikidot.com</link>
		<description></description>
				<copyright></copyright>
		<lastBuildDate>Sun, 21 Feb 2021 20:32:15 +0000</lastBuildDate>
		
					<item>
				<guid>http://seedrpg.wikidot.com/sod:maverick#revision-1309763493</guid>
				<title>&quot;Maverick&quot; - source change</title>
				<link>http://seedrpg.wikidot.com/sod:maverick</link>
				<description>Page: &lt;a href=&quot;http://seedrpg.wikidot.com/sod:maverick&quot;&gt;Maverick&lt;/a&gt; (sod:maverick)&lt;br/&gt;Current revision number: 19&lt;br/&gt;Date changed: Fri, 31 Jul 2020 18:18:39 +0000&lt;br/&gt;Change type: source change&lt;br/&gt;By: &lt;span class=&quot;printuser&quot;&gt;&lt;a href=&quot;http://www.wikidot.com/user:info/icecylee&quot; onclick=&quot;WIKIDOT.page.listeners.userInfo(49403); return false;&quot; &gt;Icecylee&lt;/a&gt;&lt;/span&gt;&lt;br/&gt;&lt;br/&gt;Page content preview: &lt;br/&gt;FoldUnfold
Table of Contents

MAVERICK
Level 0
Passive
Active Abilities
Overdrive Abilities
Dazed Abilities
Level 1 Passive
Level 2 (Active)
Level 3 (Active)
Level 4 (Passive, Skill)
Level 5...</description>
				<pubDate>Fri, 31 Jul 2020 18:18:39 +0000</pubDate>
												<content:encoded>
					<![CDATA[
						Page: <a href="http://seedrpg.wikidot.com/sod:maverick">Maverick</a> (sod:maverick)<br/>Current revision number: 19<br/>Date changed: Fri, 31 Jul 2020 18:18:39 +0000<br/>Change type: source change<br/>By: <span class="printuser"><a href="http://www.wikidot.com/user:info/icecylee" onclick="WIKIDOT.page.listeners.userInfo(49403); return false;" >Icecylee</a></span><br/><br/>Page content preview: <br/>FoldUnfold Table of Contents MAVERICK Level 0 Passive Active Abilities Overdrive Abilities Dazed Abilities Level 1 Passive Level 2 (Active) Level 3 (Active) Level 4 (Passive, Skill) Level 5...
				 	]]>
				</content:encoded>							</item>
					<item>
				<guid>http://seedrpg.wikidot.com/sod:attributes#revision-1306834608</guid>
				<title>&quot;Attributes&quot; - source change</title>
				<link>http://seedrpg.wikidot.com/sod:attributes</link>
				<description>Page: &lt;a href=&quot;http://seedrpg.wikidot.com/sod:attributes&quot;&gt;Attributes&lt;/a&gt; (sod:attributes)&lt;br/&gt;Current revision number: 11&lt;br/&gt;Date changed: Fri, 31 Jul 2020 03:04:45 +0000&lt;br/&gt;Change type: source change&lt;br/&gt;By: &lt;span class=&quot;printuser&quot;&gt;&lt;a href=&quot;http://www.wikidot.com/user:info/gravagar&quot; onclick=&quot;WIKIDOT.page.listeners.userInfo(1982912); return false;&quot; &gt;Gravagar&lt;/a&gt;&lt;/span&gt;&lt;br/&gt;&lt;br/&gt;Page content preview: &lt;br/&gt;Attributes can be thought of as unique passive abilities that can only be taken at character generation. Generally speaking they&#039;re not particularly powerful, but they can help reinforce character...</description>
				<pubDate>Fri, 31 Jul 2020 03:04:45 +0000</pubDate>
												<content:encoded>
					<![CDATA[
						Page: <a href="http://seedrpg.wikidot.com/sod:attributes">Attributes</a> (sod:attributes)<br/>Current revision number: 11<br/>Date changed: Fri, 31 Jul 2020 03:04:45 +0000<br/>Change type: source change<br/>By: <span class="printuser"><a href="http://www.wikidot.com/user:info/gravagar" onclick="WIKIDOT.page.listeners.userInfo(1982912); return false;" >Gravagar</a></span><br/><br/>Page content preview: <br/>Attributes can be thought of as unique passive abilities that can only be taken at character generation. Generally speaking they're not particularly powerful, but they can help reinforce character...
				 	]]>
				</content:encoded>							</item>
					<item>
				<guid>http://seedrpg.wikidot.com/sod:traits#revision-1306432272</guid>
				<title>&quot;Traits&quot; - source change</title>
				<link>http://seedrpg.wikidot.com/sod:traits</link>
				<description>Page: &lt;a href=&quot;http://seedrpg.wikidot.com/sod:traits&quot;&gt;Traits&lt;/a&gt; (sod:traits)&lt;br/&gt;Current revision number: 25&lt;br/&gt;Date changed: Thu, 30 Jul 2020 23:44:08 +0000&lt;br/&gt;Change type: source change&lt;br/&gt;By: &lt;span class=&quot;printuser&quot;&gt;&lt;a href=&quot;http://www.wikidot.com/user:info/diaconate&quot; onclick=&quot;WIKIDOT.page.listeners.userInfo(2047894); return false;&quot; &gt;Diaconate&lt;/a&gt;&lt;/span&gt;&lt;br/&gt;&lt;br/&gt;Page content preview: &lt;br/&gt;FoldUnfold
Table of Contents

Ranger
Merchant
Bard
Archaeologist
Academic
Exorcist
Seer
Emissary
Free Knight
Rat
Vagabond
Rebel
Crook
Assassin
Sanctified
Maxwellian Soldier
Maxwellian...</description>
				<pubDate>Thu, 30 Jul 2020 23:44:08 +0000</pubDate>
												<content:encoded>
					<![CDATA[
						Page: <a href="http://seedrpg.wikidot.com/sod:traits">Traits</a> (sod:traits)<br/>Current revision number: 25<br/>Date changed: Thu, 30 Jul 2020 23:44:08 +0000<br/>Change type: source change<br/>By: <span class="printuser"><a href="http://www.wikidot.com/user:info/diaconate" onclick="WIKIDOT.page.listeners.userInfo(2047894); return false;" >Diaconate</a></span><br/><br/>Page content preview: <br/>FoldUnfold Table of Contents Ranger Merchant Bard Archaeologist Academic Exorcist Seer Emissary Free Knight Rat Vagabond Rebel Crook Assassin Sanctified Maxwellian Soldier Maxwellian...
				 	]]>
				</content:encoded>							</item>
					<item>
				<guid>http://seedrpg.wikidot.com/sod:status-effects#revision-986281553</guid>
				<title>&quot;Status Effects&quot; - source change</title>
				<link>http://seedrpg.wikidot.com/sod:status-effects</link>
				<description>Page: &lt;a href=&quot;http://seedrpg.wikidot.com/sod:status-effects&quot;&gt;Status Effects&lt;/a&gt; (sod:status-effects)&lt;br/&gt;Current revision number: 15&lt;br/&gt;Date changed: Fri, 22 Nov 2019 02:10:03 +0000&lt;br/&gt;Change type: source change&lt;br/&gt;By: &lt;span class=&quot;printuser&quot;&gt;&lt;a href=&quot;http://www.wikidot.com/user:info/icecylee&quot; onclick=&quot;WIKIDOT.page.listeners.userInfo(49403); return false;&quot; &gt;Icecylee&lt;/a&gt;&lt;/span&gt;&lt;br/&gt;&lt;br/&gt;Page content preview: &lt;br/&gt;Statuses come with one of two durations: Short, which are removed at the end of the round in which they&#039;re applied, and Long, which last for the remainder of the fight. Both can be cleansed or...</description>
				<pubDate>Fri, 22 Nov 2019 02:10:03 +0000</pubDate>
												<content:encoded>
					<![CDATA[
						Page: <a href="http://seedrpg.wikidot.com/sod:status-effects">Status Effects</a> (sod:status-effects)<br/>Current revision number: 15<br/>Date changed: Fri, 22 Nov 2019 02:10:03 +0000<br/>Change type: source change<br/>By: <span class="printuser"><a href="http://www.wikidot.com/user:info/icecylee" onclick="WIKIDOT.page.listeners.userInfo(49403); return false;" >Icecylee</a></span><br/><br/>Page content preview: <br/>Statuses come with one of two durations: Short, which are removed at the end of the round in which they're applied, and Long, which last for the remainder of the fight. Both can be cleansed or...
				 	]]>
				</content:encoded>							</item>
					<item>
				<guid>http://seedrpg.wikidot.com/sod:traits#revision-980077926</guid>
				<title>&quot;Traits&quot; - source change</title>
				<link>http://seedrpg.wikidot.com/sod:traits</link>
				<description>Page: &lt;a href=&quot;http://seedrpg.wikidot.com/sod:traits&quot;&gt;Traits&lt;/a&gt; (sod:traits)&lt;br/&gt;Current revision number: 24&lt;br/&gt;Date changed: Sun, 10 Nov 2019 19:18:27 +0000&lt;br/&gt;Change type: source change&lt;br/&gt;By: &lt;span class=&quot;printuser&quot;&gt;&lt;a href=&quot;http://www.wikidot.com/user:info/diaconate&quot; onclick=&quot;WIKIDOT.page.listeners.userInfo(2047894); return false;&quot; &gt;Diaconate&lt;/a&gt;&lt;/span&gt;&lt;br/&gt;&lt;br/&gt;Page content preview: &lt;br/&gt;FoldUnfold
Table of Contents

Ranger
Merchant
Bard
Archaeologist
Academic
Exorcist
Seer
Emissary
Free Knight
Rat
Vagabond
Rebel
Crook
Assassin
Sanctified
Maxwellian Soldier
Maxwellian...</description>
				<pubDate>Sun, 10 Nov 2019 19:18:27 +0000</pubDate>
												<content:encoded>
					<![CDATA[
						Page: <a href="http://seedrpg.wikidot.com/sod:traits">Traits</a> (sod:traits)<br/>Current revision number: 24<br/>Date changed: Sun, 10 Nov 2019 19:18:27 +0000<br/>Change type: source change<br/>By: <span class="printuser"><a href="http://www.wikidot.com/user:info/diaconate" onclick="WIKIDOT.page.listeners.userInfo(2047894); return false;" >Diaconate</a></span><br/><br/>Page content preview: <br/>FoldUnfold Table of Contents Ranger Merchant Bard Archaeologist Academic Exorcist Seer Emissary Free Knight Rat Vagabond Rebel Crook Assassin Sanctified Maxwellian Soldier Maxwellian...
				 	]]>
				</content:encoded>							</item>
					<item>
				<guid>http://seedrpg.wikidot.com/sod:traits#revision-980077883</guid>
				<title>&quot;Traits&quot; - source change</title>
				<link>http://seedrpg.wikidot.com/sod:traits</link>
				<description>Page: &lt;a href=&quot;http://seedrpg.wikidot.com/sod:traits&quot;&gt;Traits&lt;/a&gt; (sod:traits)&lt;br/&gt;Current revision number: 23&lt;br/&gt;Date changed: Sun, 10 Nov 2019 19:12:40 +0000&lt;br/&gt;Change type: source change&lt;br/&gt;By: &lt;span class=&quot;printuser&quot;&gt;&lt;a href=&quot;http://www.wikidot.com/user:info/diaconate&quot; onclick=&quot;WIKIDOT.page.listeners.userInfo(2047894); return false;&quot; &gt;Diaconate&lt;/a&gt;&lt;/span&gt;&lt;br/&gt;&lt;br/&gt;Page content preview: &lt;br/&gt;FoldUnfold
Table of Contents

Ranger
Merchant
Bard
Archaeologist
Academic
Exorcist
Seer
Emissary
Free Knight
Rat
Vagabond
Rebel
Crook
Assassin
Sanctified
Maxwellian Soldier
Maxwellian...</description>
				<pubDate>Sun, 10 Nov 2019 19:12:40 +0000</pubDate>
												<content:encoded>
					<![CDATA[
						Page: <a href="http://seedrpg.wikidot.com/sod:traits">Traits</a> (sod:traits)<br/>Current revision number: 23<br/>Date changed: Sun, 10 Nov 2019 19:12:40 +0000<br/>Change type: source change<br/>By: <span class="printuser"><a href="http://www.wikidot.com/user:info/diaconate" onclick="WIKIDOT.page.listeners.userInfo(2047894); return false;" >Diaconate</a></span><br/><br/>Page content preview: <br/>FoldUnfold Table of Contents Ranger Merchant Bard Archaeologist Academic Exorcist Seer Emissary Free Knight Rat Vagabond Rebel Crook Assassin Sanctified Maxwellian Soldier Maxwellian...
				 	]]>
				</content:encoded>							</item>
					<item>
				<guid>http://seedrpg.wikidot.com/sod:expeditions#revision-978946563</guid>
				<title>&quot;Expeditions&quot; - source change</title>
				<link>http://seedrpg.wikidot.com/sod:expeditions</link>
				<description>Page: &lt;a href=&quot;http://seedrpg.wikidot.com/sod:expeditions&quot;&gt;Expeditions&lt;/a&gt; (sod:expeditions)&lt;br/&gt;Current revision number: 8&lt;br/&gt;Date changed: Fri, 08 Nov 2019 01:37:43 +0000&lt;br/&gt;Change type: source change&lt;br/&gt;By: &lt;span class=&quot;printuser&quot;&gt;&lt;a href=&quot;http://www.wikidot.com/user:info/diaconate&quot; onclick=&quot;WIKIDOT.page.listeners.userInfo(2047894); return false;&quot; &gt;Diaconate&lt;/a&gt;&lt;/span&gt;&lt;br/&gt;&lt;br/&gt;Page content preview: &lt;br/&gt;When traveling over land, you can model the voyage as an Expedition - basically, a montage of short vignette scenes focusing on moments along the voyage, each of which accrues Progress. When you&#039;ve...</description>
				<pubDate>Fri, 08 Nov 2019 01:37:43 +0000</pubDate>
												<content:encoded>
					<![CDATA[
						Page: <a href="http://seedrpg.wikidot.com/sod:expeditions">Expeditions</a> (sod:expeditions)<br/>Current revision number: 8<br/>Date changed: Fri, 08 Nov 2019 01:37:43 +0000<br/>Change type: source change<br/>By: <span class="printuser"><a href="http://www.wikidot.com/user:info/diaconate" onclick="WIKIDOT.page.listeners.userInfo(2047894); return false;" >Diaconate</a></span><br/><br/>Page content preview: <br/>When traveling over land, you can model the voyage as an Expedition - basically, a montage of short vignette scenes focusing on moments along the voyage, each of which accrues Progress. When you've...
				 	]]>
				</content:encoded>							</item>
					<item>
				<guid>http://seedrpg.wikidot.com/sod:sage#revision-961885632</guid>
				<title>&quot;Sage&quot; - source change</title>
				<link>http://seedrpg.wikidot.com/sod:sage</link>
				<description>Page: &lt;a href=&quot;http://seedrpg.wikidot.com/sod:sage&quot;&gt;Sage&lt;/a&gt; (sod:sage)&lt;br/&gt;Current revision number: 18&lt;br/&gt;Date changed: Sat, 05 Oct 2019 04:47:06 +0000&lt;br/&gt;Change type: source change&lt;br/&gt;Change comments: small prescription buff&lt;br/&gt;By: &lt;span class=&quot;printuser&quot;&gt;&lt;a href=&quot;http://www.wikidot.com/user:info/icecylee&quot; onclick=&quot;WIKIDOT.page.listeners.userInfo(49403); return false;&quot; &gt;Icecylee&lt;/a&gt;&lt;/span&gt;&lt;br/&gt;&lt;br/&gt;Page content preview: &lt;br/&gt;FoldUnfold
Table of Contents

SAGE
Level 0
Passive
Active Abilities
Overdrive Abilities
Dazed Abilities
Level 1 (Quick)
Level 2 (Active)
Level 3 (Active)
Level 4 (Passive, Skill)
Level 5...</description>
				<pubDate>Sat, 05 Oct 2019 04:47:06 +0000</pubDate>
												<content:encoded>
					<![CDATA[
						Page: <a href="http://seedrpg.wikidot.com/sod:sage">Sage</a> (sod:sage)<br/>Current revision number: 18<br/>Date changed: Sat, 05 Oct 2019 04:47:06 +0000<br/>Change type: source change<br/>Change comments: small prescription buff<br/>By: <span class="printuser"><a href="http://www.wikidot.com/user:info/icecylee" onclick="WIKIDOT.page.listeners.userInfo(49403); return false;" >Icecylee</a></span><br/><br/>Page content preview: <br/>FoldUnfold Table of Contents SAGE Level 0 Passive Active Abilities Overdrive Abilities Dazed Abilities Level 1 (Quick) Level 2 (Active) Level 3 (Active) Level 4 (Passive, Skill) Level 5...
				 	]]>
				</content:encoded>							</item>
					<item>
				<guid>http://seedrpg.wikidot.com/sod:elementalist#revision-961582639</guid>
				<title>&quot;Elementalist&quot; - source change</title>
				<link>http://seedrpg.wikidot.com/sod:elementalist</link>
				<description>Page: &lt;a href=&quot;http://seedrpg.wikidot.com/sod:elementalist&quot;&gt;Elementalist&lt;/a&gt; (sod:elementalist)&lt;br/&gt;Current revision number: 18&lt;br/&gt;Date changed: Fri, 04 Oct 2019 02:57:45 +0000&lt;br/&gt;Change type: source change&lt;br/&gt;By: &lt;span class=&quot;printuser&quot;&gt;&lt;a href=&quot;http://www.wikidot.com/user:info/icecylee&quot; onclick=&quot;WIKIDOT.page.listeners.userInfo(49403); return false;&quot; &gt;Icecylee&lt;/a&gt;&lt;/span&gt;&lt;br/&gt;&lt;br/&gt;Page content preview: &lt;br/&gt;FoldUnfold
Table of Contents

ELEMENTALIST
Level 0
Passive
Active Abilities
Overdrive Abilities
Dazed Abilities
Level 1 (Quick)
Level 2 (Active)
Level 3 (Active)
Level 4 (Passive, Skill)
Level 5...</description>
				<pubDate>Fri, 04 Oct 2019 02:57:45 +0000</pubDate>
												<content:encoded>
					<![CDATA[
						Page: <a href="http://seedrpg.wikidot.com/sod:elementalist">Elementalist</a> (sod:elementalist)<br/>Current revision number: 18<br/>Date changed: Fri, 04 Oct 2019 02:57:45 +0000<br/>Change type: source change<br/>By: <span class="printuser"><a href="http://www.wikidot.com/user:info/icecylee" onclick="WIKIDOT.page.listeners.userInfo(49403); return false;" >Icecylee</a></span><br/><br/>Page content preview: <br/>FoldUnfold Table of Contents ELEMENTALIST Level 0 Passive Active Abilities Overdrive Abilities Dazed Abilities Level 1 (Quick) Level 2 (Active) Level 3 (Active) Level 4 (Passive, Skill) Level 5...
				 	]]>
				</content:encoded>							</item>
					<item>
				<guid>http://seedrpg.wikidot.com/sod:combat#revision-951370207</guid>
				<title>&quot;Combat&quot; - source change</title>
				<link>http://seedrpg.wikidot.com/sod:combat</link>
				<description>Page: &lt;a href=&quot;http://seedrpg.wikidot.com/sod:combat&quot;&gt;Combat&lt;/a&gt; (sod:combat)&lt;br/&gt;Current revision number: 19&lt;br/&gt;Date changed: Wed, 18 Sep 2019 21:25:47 +0000&lt;br/&gt;Change type: source change&lt;br/&gt;By: &lt;span class=&quot;printuser&quot;&gt;&lt;a href=&quot;http://www.wikidot.com/user:info/icecylee&quot; onclick=&quot;WIKIDOT.page.listeners.userInfo(49403); return false;&quot; &gt;Icecylee&lt;/a&gt;&lt;/span&gt;&lt;br/&gt;&lt;br/&gt;Page content preview: &lt;br/&gt;FoldUnfold
Table of Contents

THE FLOW OF COMBAT
THE START OF BATTLE:
TURN ORDER:
ROWS:
TAKING A TURN:
CHOOSE AN ACTION:
ABILITY TYPES:
ACTION ABILITIES
OVERDRIVE ABILITIES
MOMENTUM AND...</description>
				<pubDate>Wed, 18 Sep 2019 21:25:47 +0000</pubDate>
												<content:encoded>
					<![CDATA[
						Page: <a href="http://seedrpg.wikidot.com/sod:combat">Combat</a> (sod:combat)<br/>Current revision number: 19<br/>Date changed: Wed, 18 Sep 2019 21:25:47 +0000<br/>Change type: source change<br/>By: <span class="printuser"><a href="http://www.wikidot.com/user:info/icecylee" onclick="WIKIDOT.page.listeners.userInfo(49403); return false;" >Icecylee</a></span><br/><br/>Page content preview: <br/>FoldUnfold Table of Contents THE FLOW OF COMBAT THE START OF BATTLE: TURN ORDER: ROWS: TAKING A TURN: CHOOSE AN ACTION: ABILITY TYPES: ACTION ABILITIES OVERDRIVE ABILITIES MOMENTUM AND...
				 	]]>
				</content:encoded>							</item>
					<item>
				<guid>http://seedrpg.wikidot.com/sod:status-effects#revision-951370192</guid>
				<title>&quot;Status Effects&quot; - source change</title>
				<link>http://seedrpg.wikidot.com/sod:status-effects</link>
				<description>Page: &lt;a href=&quot;http://seedrpg.wikidot.com/sod:status-effects&quot;&gt;Status Effects&lt;/a&gt; (sod:status-effects)&lt;br/&gt;Current revision number: 14&lt;br/&gt;Date changed: Wed, 18 Sep 2019 21:24:20 +0000&lt;br/&gt;Change type: source change&lt;br/&gt;By: &lt;span class=&quot;printuser&quot;&gt;&lt;a href=&quot;http://www.wikidot.com/user:info/icecylee&quot; onclick=&quot;WIKIDOT.page.listeners.userInfo(49403); return false;&quot; &gt;Icecylee&lt;/a&gt;&lt;/span&gt;&lt;br/&gt;&lt;br/&gt;Page content preview: &lt;br/&gt;Statuses come with one of two durations: Short, which are removed at the end of the round in which they&#039;re applied, and Long, which last for the remainder of the fight. Both can be cleansed or...</description>
				<pubDate>Wed, 18 Sep 2019 21:24:20 +0000</pubDate>
												<content:encoded>
					<![CDATA[
						Page: <a href="http://seedrpg.wikidot.com/sod:status-effects">Status Effects</a> (sod:status-effects)<br/>Current revision number: 14<br/>Date changed: Wed, 18 Sep 2019 21:24:20 +0000<br/>Change type: source change<br/>By: <span class="printuser"><a href="http://www.wikidot.com/user:info/icecylee" onclick="WIKIDOT.page.listeners.userInfo(49403); return false;" >Icecylee</a></span><br/><br/>Page content preview: <br/>Statuses come with one of two durations: Short, which are removed at the end of the round in which they're applied, and Long, which last for the remainder of the fight. Both can be cleansed or...
				 	]]>
				</content:encoded>							</item>
					<item>
				<guid>http://seedrpg.wikidot.com/sod:attributes#revision-944378734</guid>
				<title>&quot;Attributes&quot; - source change</title>
				<link>http://seedrpg.wikidot.com/sod:attributes</link>
				<description>Page: &lt;a href=&quot;http://seedrpg.wikidot.com/sod:attributes&quot;&gt;Attributes&lt;/a&gt; (sod:attributes)&lt;br/&gt;Current revision number: 10&lt;br/&gt;Date changed: Sun, 08 Sep 2019 22:56:09 +0000&lt;br/&gt;Change type: source change&lt;br/&gt;Change comments: Lowered Cunning&#039;s effectiveness slightly.&lt;br/&gt;By: &lt;span class=&quot;printuser&quot;&gt;&lt;a href=&quot;http://www.wikidot.com/user:info/icecylee&quot; onclick=&quot;WIKIDOT.page.listeners.userInfo(49403); return false;&quot; &gt;Icecylee&lt;/a&gt;&lt;/span&gt;&lt;br/&gt;&lt;br/&gt;Page content preview: &lt;br/&gt;Attributes can be thought of as unique passive abilities that can only be taken at character generation. Generally speaking they&#039;re not particularly powerful, but they can help reinforce character...</description>
				<pubDate>Sun, 08 Sep 2019 22:56:09 +0000</pubDate>
												<content:encoded>
					<![CDATA[
						Page: <a href="http://seedrpg.wikidot.com/sod:attributes">Attributes</a> (sod:attributes)<br/>Current revision number: 10<br/>Date changed: Sun, 08 Sep 2019 22:56:09 +0000<br/>Change type: source change<br/>Change comments: Lowered Cunning's effectiveness slightly.<br/>By: <span class="printuser"><a href="http://www.wikidot.com/user:info/icecylee" onclick="WIKIDOT.page.listeners.userInfo(49403); return false;" >Icecylee</a></span><br/><br/>Page content preview: <br/>Attributes can be thought of as unique passive abilities that can only be taken at character generation. Generally speaking they're not particularly powerful, but they can help reinforce character...
				 	]]>
				</content:encoded>							</item>
					<item>
				<guid>http://seedrpg.wikidot.com/sod:mystic#revision-944378053</guid>
				<title>&quot;Mystic&quot; - source change</title>
				<link>http://seedrpg.wikidot.com/sod:mystic</link>
				<description>Page: &lt;a href=&quot;http://seedrpg.wikidot.com/sod:mystic&quot;&gt;Mystic&lt;/a&gt; (sod:mystic)&lt;br/&gt;Current revision number: 23&lt;br/&gt;Date changed: Sun, 08 Sep 2019 22:36:20 +0000&lt;br/&gt;Change type: source change&lt;br/&gt;Change comments: Lowered the initial damage of most spells.&lt;br/&gt;By: &lt;span class=&quot;printuser&quot;&gt;&lt;a href=&quot;http://www.wikidot.com/user:info/icecylee&quot; onclick=&quot;WIKIDOT.page.listeners.userInfo(49403); return false;&quot; &gt;Icecylee&lt;/a&gt;&lt;/span&gt;&lt;br/&gt;&lt;br/&gt;Page content preview: &lt;br/&gt;FoldUnfold
Table of Contents

MYSTIC
Level 0
Passive
Active Abilities
Overdrive Abilities
Dazed Abilities
Level 1 (Quick)
Level 2 (Active)
Level 3 (Active)
Level 4 (Passive, Skill)
Level 5...</description>
				<pubDate>Sun, 08 Sep 2019 22:36:20 +0000</pubDate>
												<content:encoded>
					<![CDATA[
						Page: <a href="http://seedrpg.wikidot.com/sod:mystic">Mystic</a> (sod:mystic)<br/>Current revision number: 23<br/>Date changed: Sun, 08 Sep 2019 22:36:20 +0000<br/>Change type: source change<br/>Change comments: Lowered the initial damage of most spells.<br/>By: <span class="printuser"><a href="http://www.wikidot.com/user:info/icecylee" onclick="WIKIDOT.page.listeners.userInfo(49403); return false;" >Icecylee</a></span><br/><br/>Page content preview: <br/>FoldUnfold Table of Contents MYSTIC Level 0 Passive Active Abilities Overdrive Abilities Dazed Abilities Level 1 (Quick) Level 2 (Active) Level 3 (Active) Level 4 (Passive, Skill) Level 5...
				 	]]>
				</content:encoded>							</item>
					<item>
				<guid>http://seedrpg.wikidot.com/sod:magus#revision-944377926</guid>
				<title>&quot;Magus&quot; - source change</title>
				<link>http://seedrpg.wikidot.com/sod:magus</link>
				<description>Page: &lt;a href=&quot;http://seedrpg.wikidot.com/sod:magus&quot;&gt;Magus&lt;/a&gt; (sod:magus)&lt;br/&gt;Current revision number: 10&lt;br/&gt;Date changed: Sun, 08 Sep 2019 22:32:02 +0000&lt;br/&gt;Change type: source change&lt;br/&gt;Change comments: Lowered damage of elem hit + long status spells a bit.&lt;br/&gt;By: &lt;span class=&quot;printuser&quot;&gt;&lt;a href=&quot;http://www.wikidot.com/user:info/icecylee&quot; onclick=&quot;WIKIDOT.page.listeners.userInfo(49403); return false;&quot; &gt;Icecylee&lt;/a&gt;&lt;/span&gt;&lt;br/&gt;&lt;br/&gt;Page content preview: &lt;br/&gt;FoldUnfold
Table of Contents

MAGUS
Level 0
Passive
Active Abilities
Overdrive Abilities
Dazed Abilities
Level 1 (Quick)
Level 2 (Active)
Level 3 (Active)
Level 4 (Passive, Skill)
Level 5...</description>
				<pubDate>Sun, 08 Sep 2019 22:32:02 +0000</pubDate>
												<content:encoded>
					<![CDATA[
						Page: <a href="http://seedrpg.wikidot.com/sod:magus">Magus</a> (sod:magus)<br/>Current revision number: 10<br/>Date changed: Sun, 08 Sep 2019 22:32:02 +0000<br/>Change type: source change<br/>Change comments: Lowered damage of elem hit + long status spells a bit.<br/>By: <span class="printuser"><a href="http://www.wikidot.com/user:info/icecylee" onclick="WIKIDOT.page.listeners.userInfo(49403); return false;" >Icecylee</a></span><br/><br/>Page content preview: <br/>FoldUnfold Table of Contents MAGUS Level 0 Passive Active Abilities Overdrive Abilities Dazed Abilities Level 1 (Quick) Level 2 (Active) Level 3 (Active) Level 4 (Passive, Skill) Level 5...
				 	]]>
				</content:encoded>							</item>
					<item>
				<guid>http://seedrpg.wikidot.com/sod:golemologist#revision-944377809</guid>
				<title>&quot;Golemologist&quot; - source change</title>
				<link>http://seedrpg.wikidot.com/sod:golemologist</link>
				<description>Page: &lt;a href=&quot;http://seedrpg.wikidot.com/sod:golemologist&quot;&gt;Golemologist&lt;/a&gt; (sod:golemologist)&lt;br/&gt;Current revision number: 9&lt;br/&gt;Date changed: Sun, 08 Sep 2019 22:28:14 +0000&lt;br/&gt;Change type: source change&lt;br/&gt;Change comments: Lowered electrofluid die size,&lt;br/&gt;By: &lt;span class=&quot;printuser&quot;&gt;&lt;a href=&quot;http://www.wikidot.com/user:info/icecylee&quot; onclick=&quot;WIKIDOT.page.listeners.userInfo(49403); return false;&quot; &gt;Icecylee&lt;/a&gt;&lt;/span&gt;&lt;br/&gt;&lt;br/&gt;Page content preview: &lt;br/&gt;FoldUnfold
Table of Contents

GOLEMOLOGIST
Level 0
Passive
Active Abilities
Overdrive Abilities
Dazed Abilities
Level 1 (Quick)
Level 2 (Active)
Level 3 (Active)
Level 4 (Passive, Skill)
Level 5...</description>
				<pubDate>Sun, 08 Sep 2019 22:28:14 +0000</pubDate>
												<content:encoded>
					<![CDATA[
						Page: <a href="http://seedrpg.wikidot.com/sod:golemologist">Golemologist</a> (sod:golemologist)<br/>Current revision number: 9<br/>Date changed: Sun, 08 Sep 2019 22:28:14 +0000<br/>Change type: source change<br/>Change comments: Lowered electrofluid die size,<br/>By: <span class="printuser"><a href="http://www.wikidot.com/user:info/icecylee" onclick="WIKIDOT.page.listeners.userInfo(49403); return false;" >Icecylee</a></span><br/><br/>Page content preview: <br/>FoldUnfold Table of Contents GOLEMOLOGIST Level 0 Passive Active Abilities Overdrive Abilities Dazed Abilities Level 1 (Quick) Level 2 (Active) Level 3 (Active) Level 4 (Passive, Skill) Level 5...
				 	]]>
				</content:encoded>							</item>
					<item>
				<guid>http://seedrpg.wikidot.com/sod:sage#revision-944368319</guid>
				<title>&quot;Sage&quot; - source change</title>
				<link>http://seedrpg.wikidot.com/sod:sage</link>
				<description>Page: &lt;a href=&quot;http://seedrpg.wikidot.com/sod:sage&quot;&gt;Sage&lt;/a&gt; (sod:sage)&lt;br/&gt;Current revision number: 17&lt;br/&gt;Date changed: Sun, 08 Sep 2019 22:17:22 +0000&lt;br/&gt;Change type: source change&lt;br/&gt;Change comments: ok actually it&#039;s not E-Shatter II forgot about the combo, so now it&#039;s +1MP and splashes the status.&lt;br/&gt;By: &lt;span class=&quot;printuser&quot;&gt;&lt;a href=&quot;http://www.wikidot.com/user:info/icecylee&quot; onclick=&quot;WIKIDOT.page.listeners.userInfo(49403); return false;&quot; &gt;Icecylee&lt;/a&gt;&lt;/span&gt;&lt;br/&gt;&lt;br/&gt;Page content preview: &lt;br/&gt;FoldUnfold
Table of Contents

SAGE
Level 0
Passive
Active Abilities
Overdrive Abilities
Dazed Abilities
Level 1 (Quick)
Level 2 (Active)
Level 3 (Active)
Level 4 (Passive, Skill)
Level 5...</description>
				<pubDate>Sun, 08 Sep 2019 22:17:22 +0000</pubDate>
												<content:encoded>
					<![CDATA[
						Page: <a href="http://seedrpg.wikidot.com/sod:sage">Sage</a> (sod:sage)<br/>Current revision number: 17<br/>Date changed: Sun, 08 Sep 2019 22:17:22 +0000<br/>Change type: source change<br/>Change comments: ok actually it's not E-Shatter II forgot about the combo, so now it's +1MP and splashes the status.<br/>By: <span class="printuser"><a href="http://www.wikidot.com/user:info/icecylee" onclick="WIKIDOT.page.listeners.userInfo(49403); return false;" >Icecylee</a></span><br/><br/>Page content preview: <br/>FoldUnfold Table of Contents SAGE Level 0 Passive Active Abilities Overdrive Abilities Dazed Abilities Level 1 (Quick) Level 2 (Active) Level 3 (Active) Level 4 (Passive, Skill) Level 5...
				 	]]>
				</content:encoded>							</item>
					<item>
				<guid>http://seedrpg.wikidot.com/sod:sage#revision-944368171</guid>
				<title>&quot;Sage&quot; - source change</title>
				<link>http://seedrpg.wikidot.com/sod:sage</link>
				<description>Page: &lt;a href=&quot;http://seedrpg.wikidot.com/sod:sage&quot;&gt;Sage&lt;/a&gt; (sod:sage)&lt;br/&gt;Current revision number: 16&lt;br/&gt;Date changed: Sun, 08 Sep 2019 22:12:26 +0000&lt;br/&gt;Change type: source change&lt;br/&gt;Change comments: Lowered non-OD spell damage slightly, buffed Chorus from E-Shatter I to II.&lt;br/&gt;By: &lt;span class=&quot;printuser&quot;&gt;&lt;a href=&quot;http://www.wikidot.com/user:info/icecylee&quot; onclick=&quot;WIKIDOT.page.listeners.userInfo(49403); return false;&quot; &gt;Icecylee&lt;/a&gt;&lt;/span&gt;&lt;br/&gt;&lt;br/&gt;Page content preview: &lt;br/&gt;FoldUnfold
Table of Contents

SAGE
Level 0
Passive
Active Abilities
Overdrive Abilities
Dazed Abilities
Level 1 (Quick)
Level 2 (Active)
Level 3 (Active)
Level 4 (Passive, Skill)
Level 5...</description>
				<pubDate>Sun, 08 Sep 2019 22:12:26 +0000</pubDate>
												<content:encoded>
					<![CDATA[
						Page: <a href="http://seedrpg.wikidot.com/sod:sage">Sage</a> (sod:sage)<br/>Current revision number: 16<br/>Date changed: Sun, 08 Sep 2019 22:12:26 +0000<br/>Change type: source change<br/>Change comments: Lowered non-OD spell damage slightly, buffed Chorus from E-Shatter I to II.<br/>By: <span class="printuser"><a href="http://www.wikidot.com/user:info/icecylee" onclick="WIKIDOT.page.listeners.userInfo(49403); return false;" >Icecylee</a></span><br/><br/>Page content preview: <br/>FoldUnfold Table of Contents SAGE Level 0 Passive Active Abilities Overdrive Abilities Dazed Abilities Level 1 (Quick) Level 2 (Active) Level 3 (Active) Level 4 (Passive, Skill) Level 5...
				 	]]>
				</content:encoded>							</item>
					<item>
				<guid>http://seedrpg.wikidot.com/sod:ace#revision-944367962</guid>
				<title>&quot;Ace&quot; - source change</title>
				<link>http://seedrpg.wikidot.com/sod:ace</link>
				<description>Page: &lt;a href=&quot;http://seedrpg.wikidot.com/sod:ace&quot;&gt;Ace&lt;/a&gt; (sod:ace)&lt;br/&gt;Current revision number: 20&lt;br/&gt;Date changed: Sun, 08 Sep 2019 22:07:40 +0000&lt;br/&gt;Change type: source change&lt;br/&gt;Change comments: Lowered splash damage on spread wave slightly but left the combo damage as is.&lt;br/&gt;By: &lt;span class=&quot;printuser&quot;&gt;&lt;a href=&quot;http://www.wikidot.com/user:info/icecylee&quot; onclick=&quot;WIKIDOT.page.listeners.userInfo(49403); return false;&quot; &gt;Icecylee&lt;/a&gt;&lt;/span&gt;&lt;br/&gt;&lt;br/&gt;Page content preview: &lt;br/&gt;FoldUnfold
Table of Contents

ACE
Level 0
Passive
Active Abilities
Overdrive Abilities
Dazed Abilities
Level 1 (Quick)
Level 2 (Active)
Level 3 (Active)
Level 4 (Passive, Skill)
Level 5...</description>
				<pubDate>Sun, 08 Sep 2019 22:07:40 +0000</pubDate>
												<content:encoded>
					<![CDATA[
						Page: <a href="http://seedrpg.wikidot.com/sod:ace">Ace</a> (sod:ace)<br/>Current revision number: 20<br/>Date changed: Sun, 08 Sep 2019 22:07:40 +0000<br/>Change type: source change<br/>Change comments: Lowered splash damage on spread wave slightly but left the combo damage as is.<br/>By: <span class="printuser"><a href="http://www.wikidot.com/user:info/icecylee" onclick="WIKIDOT.page.listeners.userInfo(49403); return false;" >Icecylee</a></span><br/><br/>Page content preview: <br/>FoldUnfold Table of Contents ACE Level 0 Passive Active Abilities Overdrive Abilities Dazed Abilities Level 1 (Quick) Level 2 (Active) Level 3 (Active) Level 4 (Passive, Skill) Level 5...
				 	]]>
				</content:encoded>							</item>
					<item>
				<guid>http://seedrpg.wikidot.com/sod:traits#revision-906154709</guid>
				<title>&quot;Traits&quot; - source change</title>
				<link>http://seedrpg.wikidot.com/sod:traits</link>
				<description>Page: &lt;a href=&quot;http://seedrpg.wikidot.com/sod:traits&quot;&gt;Traits&lt;/a&gt; (sod:traits)&lt;br/&gt;Current revision number: 22&lt;br/&gt;Date changed: Sat, 24 Aug 2019 06:23:00 +0000&lt;br/&gt;Change type: source change&lt;br/&gt;By: &lt;span class=&quot;printuser&quot;&gt;&lt;a href=&quot;http://www.wikidot.com/user:info/icecylee&quot; onclick=&quot;WIKIDOT.page.listeners.userInfo(49403); return false;&quot; &gt;Icecylee&lt;/a&gt;&lt;/span&gt;&lt;br/&gt;&lt;br/&gt;Page content preview: &lt;br/&gt;FoldUnfold
Table of Contents

Ranger
Merchant
Bard
Archaeologist
Academic
Exorcist
Seer
Emissary
Free Knight
Rat
Vagabond
Rebel
Crook
Assassin
Sanctified
Maxwellian Soldier
Maxwellian...</description>
				<pubDate>Sat, 24 Aug 2019 06:23:00 +0000</pubDate>
												<content:encoded>
					<![CDATA[
						Page: <a href="http://seedrpg.wikidot.com/sod:traits">Traits</a> (sod:traits)<br/>Current revision number: 22<br/>Date changed: Sat, 24 Aug 2019 06:23:00 +0000<br/>Change type: source change<br/>By: <span class="printuser"><a href="http://www.wikidot.com/user:info/icecylee" onclick="WIKIDOT.page.listeners.userInfo(49403); return false;" >Icecylee</a></span><br/><br/>Page content preview: <br/>FoldUnfold Table of Contents Ranger Merchant Bard Archaeologist Academic Exorcist Seer Emissary Free Knight Rat Vagabond Rebel Crook Assassin Sanctified Maxwellian Soldier Maxwellian...
				 	]]>
				</content:encoded>							</item>
					<item>
				<guid>http://seedrpg.wikidot.com/sod:skills#revision-906144252</guid>
				<title>&quot;Skills&quot; - source change</title>
				<link>http://seedrpg.wikidot.com/sod:skills</link>
				<description>Page: &lt;a href=&quot;http://seedrpg.wikidot.com/sod:skills&quot;&gt;Skills&lt;/a&gt; (sod:skills)&lt;br/&gt;Current revision number: 15&lt;br/&gt;Date changed: Sat, 24 Aug 2019 05:34:22 +0000&lt;br/&gt;Change type: source change&lt;br/&gt;By: &lt;span class=&quot;printuser&quot;&gt;&lt;a href=&quot;http://www.wikidot.com/user:info/icecylee&quot; onclick=&quot;WIKIDOT.page.listeners.userInfo(49403); return false;&quot; &gt;Icecylee&lt;/a&gt;&lt;/span&gt;&lt;br/&gt;&lt;br/&gt;Page content preview: &lt;br/&gt;FoldUnfold
Table of Contents

The Basic Skill Modes
Acting Under Pressure
Figuring Something Out
Completing a Project
Other Considerations
Assisting
Skill Mismatch
Scope
THE SKILL LIST
Prowess...</description>
				<pubDate>Sat, 24 Aug 2019 05:34:22 +0000</pubDate>
												<content:encoded>
					<![CDATA[
						Page: <a href="http://seedrpg.wikidot.com/sod:skills">Skills</a> (sod:skills)<br/>Current revision number: 15<br/>Date changed: Sat, 24 Aug 2019 05:34:22 +0000<br/>Change type: source change<br/>By: <span class="printuser"><a href="http://www.wikidot.com/user:info/icecylee" onclick="WIKIDOT.page.listeners.userInfo(49403); return false;" >Icecylee</a></span><br/><br/>Page content preview: <br/>FoldUnfold Table of Contents The Basic Skill Modes Acting Under Pressure Figuring Something Out Completing a Project Other Considerations Assisting Skill Mismatch Scope THE SKILL LIST Prowess...
				 	]]>
				</content:encoded>							</item>
					<item>
				<guid>http://seedrpg.wikidot.com/sod:traits#revision-906108312</guid>
				<title>&quot;Traits&quot; - source change</title>
				<link>http://seedrpg.wikidot.com/sod:traits</link>
				<description>Page: &lt;a href=&quot;http://seedrpg.wikidot.com/sod:traits&quot;&gt;Traits&lt;/a&gt; (sod:traits)&lt;br/&gt;Current revision number: 21&lt;br/&gt;Date changed: Sat, 24 Aug 2019 04:45:28 +0000&lt;br/&gt;Change type: source change&lt;br/&gt;By: &lt;span class=&quot;printuser&quot;&gt;&lt;a href=&quot;http://www.wikidot.com/user:info/diaconate&quot; onclick=&quot;WIKIDOT.page.listeners.userInfo(2047894); return false;&quot; &gt;Diaconate&lt;/a&gt;&lt;/span&gt;&lt;br/&gt;&lt;br/&gt;Page content preview: &lt;br/&gt;FoldUnfold
Table of Contents

Ranger
Merchant
Bard
Archaeologist
Academic
Exorcist
Seer
Emissary
Free Knight
Rat
Vagabond
Rebel
Crook
Assassin
Sanctified
Maxwellian Soldier
Maxwellian...</description>
				<pubDate>Sat, 24 Aug 2019 04:45:28 +0000</pubDate>
												<content:encoded>
					<![CDATA[
						Page: <a href="http://seedrpg.wikidot.com/sod:traits">Traits</a> (sod:traits)<br/>Current revision number: 21<br/>Date changed: Sat, 24 Aug 2019 04:45:28 +0000<br/>Change type: source change<br/>By: <span class="printuser"><a href="http://www.wikidot.com/user:info/diaconate" onclick="WIKIDOT.page.listeners.userInfo(2047894); return false;" >Diaconate</a></span><br/><br/>Page content preview: <br/>FoldUnfold Table of Contents Ranger Merchant Bard Archaeologist Academic Exorcist Seer Emissary Free Knight Rat Vagabond Rebel Crook Assassin Sanctified Maxwellian Soldier Maxwellian...
				 	]]>
				</content:encoded>							</item>
					<item>
				<guid>http://seedrpg.wikidot.com/sod:traits#revision-906108189</guid>
				<title>&quot;Traits&quot; - source change</title>
				<link>http://seedrpg.wikidot.com/sod:traits</link>
				<description>Page: &lt;a href=&quot;http://seedrpg.wikidot.com/sod:traits&quot;&gt;Traits&lt;/a&gt; (sod:traits)&lt;br/&gt;Current revision number: 20&lt;br/&gt;Date changed: Sat, 24 Aug 2019 04:41:03 +0000&lt;br/&gt;Change type: source change&lt;br/&gt;By: &lt;span class=&quot;printuser&quot;&gt;&lt;a href=&quot;http://www.wikidot.com/user:info/diaconate&quot; onclick=&quot;WIKIDOT.page.listeners.userInfo(2047894); return false;&quot; &gt;Diaconate&lt;/a&gt;&lt;/span&gt;&lt;br/&gt;&lt;br/&gt;Page content preview: &lt;br/&gt;FoldUnfold
Table of Contents

Ranger
Merchant
Bard
Archaeologist
Academic
Exorcist
Seer
Emissary
Free Knight
Rat
Vagabond
Rebel
Crook
Assassin
Sanctified
Maxwellian Soldier
Maxwellian...</description>
				<pubDate>Sat, 24 Aug 2019 04:41:03 +0000</pubDate>
												<content:encoded>
					<![CDATA[
						Page: <a href="http://seedrpg.wikidot.com/sod:traits">Traits</a> (sod:traits)<br/>Current revision number: 20<br/>Date changed: Sat, 24 Aug 2019 04:41:03 +0000<br/>Change type: source change<br/>By: <span class="printuser"><a href="http://www.wikidot.com/user:info/diaconate" onclick="WIKIDOT.page.listeners.userInfo(2047894); return false;" >Diaconate</a></span><br/><br/>Page content preview: <br/>FoldUnfold Table of Contents Ranger Merchant Bard Archaeologist Academic Exorcist Seer Emissary Free Knight Rat Vagabond Rebel Crook Assassin Sanctified Maxwellian Soldier Maxwellian...
				 	]]>
				</content:encoded>							</item>
					<item>
				<guid>http://seedrpg.wikidot.com/sod:traits#revision-906101405</guid>
				<title>&quot;Traits&quot; - source change</title>
				<link>http://seedrpg.wikidot.com/sod:traits</link>
				<description>Page: &lt;a href=&quot;http://seedrpg.wikidot.com/sod:traits&quot;&gt;Traits&lt;/a&gt; (sod:traits)&lt;br/&gt;Current revision number: 19&lt;br/&gt;Date changed: Sat, 24 Aug 2019 04:20:34 +0000&lt;br/&gt;Change type: source change&lt;br/&gt;By: &lt;span class=&quot;printuser&quot;&gt;&lt;a href=&quot;http://www.wikidot.com/user:info/diaconate&quot; onclick=&quot;WIKIDOT.page.listeners.userInfo(2047894); return false;&quot; &gt;Diaconate&lt;/a&gt;&lt;/span&gt;&lt;br/&gt;&lt;br/&gt;Page content preview: &lt;br/&gt;FoldUnfold
Table of Contents

Ranger
Merchant
Bard
Archaeologist
Academic
Exorcist
Seer
Emissary
Free Knight
Rat
Vagabond
Rebel
Crook
Assassin
Sanctified
Maxwellian Soldier
Maxwellian...</description>
				<pubDate>Sat, 24 Aug 2019 04:20:34 +0000</pubDate>
												<content:encoded>
					<![CDATA[
						Page: <a href="http://seedrpg.wikidot.com/sod:traits">Traits</a> (sod:traits)<br/>Current revision number: 19<br/>Date changed: Sat, 24 Aug 2019 04:20:34 +0000<br/>Change type: source change<br/>By: <span class="printuser"><a href="http://www.wikidot.com/user:info/diaconate" onclick="WIKIDOT.page.listeners.userInfo(2047894); return false;" >Diaconate</a></span><br/><br/>Page content preview: <br/>FoldUnfold Table of Contents Ranger Merchant Bard Archaeologist Academic Exorcist Seer Emissary Free Knight Rat Vagabond Rebel Crook Assassin Sanctified Maxwellian Soldier Maxwellian...
				 	]]>
				</content:encoded>							</item>
					<item>
				<guid>http://seedrpg.wikidot.com/sod:battle-items#revision-904597170</guid>
				<title>&quot;Battle Items&quot; - source change</title>
				<link>http://seedrpg.wikidot.com/sod:battle-items</link>
				<description>Page: &lt;a href=&quot;http://seedrpg.wikidot.com/sod:battle-items&quot;&gt;Battle Items&lt;/a&gt; (sod:battle-items)&lt;br/&gt;Current revision number: 27&lt;br/&gt;Date changed: Wed, 21 Aug 2019 06:29:33 +0000&lt;br/&gt;Change type: source change&lt;br/&gt;By: &lt;span class=&quot;printuser&quot;&gt;&lt;a href=&quot;http://www.wikidot.com/user:info/fuepepe&quot; onclick=&quot;WIKIDOT.page.listeners.userInfo(1397081); return false;&quot; &gt;Fuepepe&lt;/a&gt;&lt;/span&gt;&lt;br/&gt;&lt;br/&gt;Page content preview: &lt;br/&gt;MUNDANE BATTLE ITEMS




Damage
Recovery &amp; Other Effects





Gold Cost
Consumable?
Item
Effect


12
Yes
Enchanted Bullet
True Strikes a single target for 25 physical damage....</description>
				<pubDate>Wed, 21 Aug 2019 06:29:33 +0000</pubDate>
												<content:encoded>
					<![CDATA[
						Page: <a href="http://seedrpg.wikidot.com/sod:battle-items">Battle Items</a> (sod:battle-items)<br/>Current revision number: 27<br/>Date changed: Wed, 21 Aug 2019 06:29:33 +0000<br/>Change type: source change<br/>By: <span class="printuser"><a href="http://www.wikidot.com/user:info/fuepepe" onclick="WIKIDOT.page.listeners.userInfo(1397081); return false;" >Fuepepe</a></span><br/><br/>Page content preview: <br/>MUNDANE BATTLE ITEMS Damage Recovery & Other Effects Gold Cost Consumable? Item Effect 12 Yes Enchanted Bullet True Strikes a single target for 25 physical damage....
				 	]]>
				</content:encoded>							</item>
					<item>
				<guid>http://seedrpg.wikidot.com/sod:accessories#revision-904596547</guid>
				<title>&quot;Accessories&quot; - source change</title>
				<link>http://seedrpg.wikidot.com/sod:accessories</link>
				<description>Page: &lt;a href=&quot;http://seedrpg.wikidot.com/sod:accessories&quot;&gt;Accessories&lt;/a&gt; (sod:accessories)&lt;br/&gt;Current revision number: 6&lt;br/&gt;Date changed: Wed, 21 Aug 2019 06:01:21 +0000&lt;br/&gt;Change type: source change&lt;br/&gt;By: &lt;span class=&quot;printuser&quot;&gt;&lt;a href=&quot;http://www.wikidot.com/user:info/icecylee&quot; onclick=&quot;WIKIDOT.page.listeners.userInfo(49403); return false;&quot; &gt;Icecylee&lt;/a&gt;&lt;/span&gt;&lt;br/&gt;&lt;br/&gt;Page content preview: &lt;br/&gt;MUNDANE ACCESSORIES
Accessories are small little trinkets that provide small little one per battle effects.
When you have an Accessory equipped, you gain access to its Quick Ability, and can use...</description>
				<pubDate>Wed, 21 Aug 2019 06:01:21 +0000</pubDate>
												<content:encoded>
					<![CDATA[
						Page: <a href="http://seedrpg.wikidot.com/sod:accessories">Accessories</a> (sod:accessories)<br/>Current revision number: 6<br/>Date changed: Wed, 21 Aug 2019 06:01:21 +0000<br/>Change type: source change<br/>By: <span class="printuser"><a href="http://www.wikidot.com/user:info/icecylee" onclick="WIKIDOT.page.listeners.userInfo(49403); return false;" >Icecylee</a></span><br/><br/>Page content preview: <br/>MUNDANE ACCESSORIES Accessories are small little trinkets that provide small little one per battle effects. When you have an Accessory equipped, you gain access to its Quick Ability, and can use...
				 	]]>
				</content:encoded>							</item>
					<item>
				<guid>http://seedrpg.wikidot.com/sod:agent#revision-904596540</guid>
				<title>&quot;Agent&quot; - source change</title>
				<link>http://seedrpg.wikidot.com/sod:agent</link>
				<description>Page: &lt;a href=&quot;http://seedrpg.wikidot.com/sod:agent&quot;&gt;Agent&lt;/a&gt; (sod:agent)&lt;br/&gt;Current revision number: 34&lt;br/&gt;Date changed: Wed, 21 Aug 2019 06:00:56 +0000&lt;br/&gt;Change type: source change&lt;br/&gt;By: &lt;span class=&quot;printuser&quot;&gt;&lt;a href=&quot;http://www.wikidot.com/user:info/icecylee&quot; onclick=&quot;WIKIDOT.page.listeners.userInfo(49403); return false;&quot; &gt;Icecylee&lt;/a&gt;&lt;/span&gt;&lt;br/&gt;&lt;br/&gt;Page content preview: &lt;br/&gt;FoldUnfold
Table of Contents

AGENT
Level 0
Passive
Active Abilities
Overdrive Abilities
Dazed Abilities
Level 1 (Quick)
Level 2 (Active)
Level 3 (Active)
Level 4 (Passive, Skill)
Level 5...</description>
				<pubDate>Wed, 21 Aug 2019 06:00:56 +0000</pubDate>
												<content:encoded>
					<![CDATA[
						Page: <a href="http://seedrpg.wikidot.com/sod:agent">Agent</a> (sod:agent)<br/>Current revision number: 34<br/>Date changed: Wed, 21 Aug 2019 06:00:56 +0000<br/>Change type: source change<br/>By: <span class="printuser"><a href="http://www.wikidot.com/user:info/icecylee" onclick="WIKIDOT.page.listeners.userInfo(49403); return false;" >Icecylee</a></span><br/><br/>Page content preview: <br/>FoldUnfold Table of Contents AGENT Level 0 Passive Active Abilities Overdrive Abilities Dazed Abilities Level 1 (Quick) Level 2 (Active) Level 3 (Active) Level 4 (Passive, Skill) Level 5...
				 	]]>
				</content:encoded>							</item>
					<item>
				<guid>http://seedrpg.wikidot.com/sod:accessories#revision-904596516</guid>
				<title>&quot;Accessories&quot; - source change</title>
				<link>http://seedrpg.wikidot.com/sod:accessories</link>
				<description>Page: &lt;a href=&quot;http://seedrpg.wikidot.com/sod:accessories&quot;&gt;Accessories&lt;/a&gt; (sod:accessories)&lt;br/&gt;Current revision number: 5&lt;br/&gt;Date changed: Wed, 21 Aug 2019 05:59:35 +0000&lt;br/&gt;Change type: source change&lt;br/&gt;By: &lt;span class=&quot;printuser&quot;&gt;&lt;a href=&quot;http://www.wikidot.com/user:info/icecylee&quot; onclick=&quot;WIKIDOT.page.listeners.userInfo(49403); return false;&quot; &gt;Icecylee&lt;/a&gt;&lt;/span&gt;&lt;br/&gt;&lt;br/&gt;Page content preview: &lt;br/&gt;MUNDANE ACCESSORIES
Accessories are small little trinkets that provide small little one per battle effects.
When you have an Accessory equipped, you gain access to its Quick Ability, and can use...</description>
				<pubDate>Wed, 21 Aug 2019 05:59:35 +0000</pubDate>
												<content:encoded>
					<![CDATA[
						Page: <a href="http://seedrpg.wikidot.com/sod:accessories">Accessories</a> (sod:accessories)<br/>Current revision number: 5<br/>Date changed: Wed, 21 Aug 2019 05:59:35 +0000<br/>Change type: source change<br/>By: <span class="printuser"><a href="http://www.wikidot.com/user:info/icecylee" onclick="WIKIDOT.page.listeners.userInfo(49403); return false;" >Icecylee</a></span><br/><br/>Page content preview: <br/>MUNDANE ACCESSORIES Accessories are small little trinkets that provide small little one per battle effects. When you have an Accessory equipped, you gain access to its Quick Ability, and can use...
				 	]]>
				</content:encoded>							</item>
					<item>
				<guid>http://seedrpg.wikidot.com/sod:exploration#revision-904376658</guid>
				<title>&quot;Exploration&quot; - source change</title>
				<link>http://seedrpg.wikidot.com/sod:exploration</link>
				<description>Page: &lt;a href=&quot;http://seedrpg.wikidot.com/sod:exploration&quot;&gt;Exploration&lt;/a&gt; (sod:exploration)&lt;br/&gt;Current revision number: 9&lt;br/&gt;Date changed: Fri, 16 Aug 2019 03:18:55 +0000&lt;br/&gt;Change type: source change&lt;br/&gt;By: &lt;span class=&quot;printuser&quot;&gt;&lt;a href=&quot;http://www.wikidot.com/user:info/icecylee&quot; onclick=&quot;WIKIDOT.page.listeners.userInfo(49403); return false;&quot; &gt;Icecylee&lt;/a&gt;&lt;/span&gt;&lt;br/&gt;&lt;br/&gt;Page content preview: &lt;br/&gt;FoldUnfold
Table of Contents

Exploration Turn Flow
Player Exploration Actions
Wander
Follow Instructions
Assist
Explore
Hustle
Sneak
Scrutinize
Investigate
Survey
Building A Dungeon
GM...</description>
				<pubDate>Fri, 16 Aug 2019 03:18:55 +0000</pubDate>
												<content:encoded>
					<![CDATA[
						Page: <a href="http://seedrpg.wikidot.com/sod:exploration">Exploration</a> (sod:exploration)<br/>Current revision number: 9<br/>Date changed: Fri, 16 Aug 2019 03:18:55 +0000<br/>Change type: source change<br/>By: <span class="printuser"><a href="http://www.wikidot.com/user:info/icecylee" onclick="WIKIDOT.page.listeners.userInfo(49403); return false;" >Icecylee</a></span><br/><br/>Page content preview: <br/>FoldUnfold Table of Contents Exploration Turn Flow Player Exploration Actions Wander Follow Instructions Assist Explore Hustle Sneak Scrutinize Investigate Survey Building A Dungeon GM...
				 	]]>
				</content:encoded>							</item>
					<item>
				<guid>http://seedrpg.wikidot.com/sod:exploration#revision-904376644</guid>
				<title>&quot;Exploration&quot; - source change</title>
				<link>http://seedrpg.wikidot.com/sod:exploration</link>
				<description>Page: &lt;a href=&quot;http://seedrpg.wikidot.com/sod:exploration&quot;&gt;Exploration&lt;/a&gt; (sod:exploration)&lt;br/&gt;Current revision number: 8&lt;br/&gt;Date changed: Fri, 16 Aug 2019 03:16:28 +0000&lt;br/&gt;Change type: source change&lt;br/&gt;By: &lt;span class=&quot;printuser&quot;&gt;&lt;a href=&quot;http://www.wikidot.com/user:info/icecylee&quot; onclick=&quot;WIKIDOT.page.listeners.userInfo(49403); return false;&quot; &gt;Icecylee&lt;/a&gt;&lt;/span&gt;&lt;br/&gt;&lt;br/&gt;Page content preview: &lt;br/&gt;FoldUnfold
Table of Contents

Exploration Turn Flow
Player Exploration Actions
Wander
Follow Instructions
Assist
Explore
Hustle
Sneak
Scrutinize
Investigate
Survey
Building A Dungeon
GM...</description>
				<pubDate>Fri, 16 Aug 2019 03:16:28 +0000</pubDate>
												<content:encoded>
					<![CDATA[
						Page: <a href="http://seedrpg.wikidot.com/sod:exploration">Exploration</a> (sod:exploration)<br/>Current revision number: 8<br/>Date changed: Fri, 16 Aug 2019 03:16:28 +0000<br/>Change type: source change<br/>By: <span class="printuser"><a href="http://www.wikidot.com/user:info/icecylee" onclick="WIKIDOT.page.listeners.userInfo(49403); return false;" >Icecylee</a></span><br/><br/>Page content preview: <br/>FoldUnfold Table of Contents Exploration Turn Flow Player Exploration Actions Wander Follow Instructions Assist Explore Hustle Sneak Scrutinize Investigate Survey Building A Dungeon GM...
				 	]]>
				</content:encoded>							</item>
					<item>
				<guid>http://seedrpg.wikidot.com/sod:charms#revision-904375084</guid>
				<title>&quot;Charms&quot; - source change</title>
				<link>http://seedrpg.wikidot.com/sod:charms</link>
				<description>Page: &lt;a href=&quot;http://seedrpg.wikidot.com/sod:charms&quot;&gt;Charms&lt;/a&gt; (sod:charms)&lt;br/&gt;Current revision number: 10&lt;br/&gt;Date changed: Fri, 16 Aug 2019 00:59:19 +0000&lt;br/&gt;Change type: source change&lt;br/&gt;By: &lt;span class=&quot;printuser&quot;&gt;&lt;a href=&quot;http://www.wikidot.com/user:info/diaconate&quot; onclick=&quot;WIKIDOT.page.listeners.userInfo(2047894); return false;&quot; &gt;Diaconate&lt;/a&gt;&lt;/span&gt;&lt;br/&gt;&lt;br/&gt;Page content preview: &lt;br/&gt;MUNDANE CHARMS
Charms a small slips of paper, each blessed with a different boon from the Gods. Charms provide passive, always on benefits that serve a wide range of functions, as long as its...</description>
				<pubDate>Fri, 16 Aug 2019 00:59:19 +0000</pubDate>
												<content:encoded>
					<![CDATA[
						Page: <a href="http://seedrpg.wikidot.com/sod:charms">Charms</a> (sod:charms)<br/>Current revision number: 10<br/>Date changed: Fri, 16 Aug 2019 00:59:19 +0000<br/>Change type: source change<br/>By: <span class="printuser"><a href="http://www.wikidot.com/user:info/diaconate" onclick="WIKIDOT.page.listeners.userInfo(2047894); return false;" >Diaconate</a></span><br/><br/>Page content preview: <br/>MUNDANE CHARMS Charms a small slips of paper, each blessed with a different boon from the Gods. Charms provide passive, always on benefits that serve a wide range of functions, as long as its...
				 	]]>
				</content:encoded>							</item>
				</channel>
</rss>