<?xml version="1.0" encoding="UTF-8" ?>
<rss version="2.0" xmlns:content="http://purl.org/rss/1.0/modules/content/" xmlns:wikidot="http://www.wikidot.com/rss-namespace">

	<channel>
		<title>Recent page changes from site &quot;Final Fantasy Saga&quot; (a Wikidot site)</title>
		<link>http://ffsaga.wikidot.com</link>
		<description></description>
				<copyright></copyright>
		<lastBuildDate>Sun, 21 Feb 2021 20:47:11 +0000</lastBuildDate>
		
					<item>
				<guid>http://ffsaga.wikidot.com/creatures#revision-17588541</guid>
				<title>&quot;Creatures&quot; - source change</title>
				<link>http://ffsaga.wikidot.com/creatures</link>
				<description>Page: &lt;a href=&quot;http://ffsaga.wikidot.com/creatures&quot;&gt;Creatures&lt;/a&gt; (creatures)&lt;br/&gt;Current revision number: 18&lt;br/&gt;Date changed: Thu, 04 Nov 2010 23:51:13 +0000&lt;br/&gt;Change type: source change&lt;br/&gt;By: &lt;span class=&quot;printuser&quot;&gt;&lt;a href=&quot;http://www.wikidot.com/user:info/jrpseudonym&quot; onclick=&quot;WIKIDOT.page.listeners.userInfo(22225); return false;&quot; &gt;JRPseudonym&lt;/a&gt;&lt;/span&gt;&lt;br/&gt;&lt;br/&gt;Page content preview: &lt;br/&gt;Some monsters are particularly resistant or particularly vulnerable to a specific type of energy.There are 8 types of energy, which are distilled from magicite: Earth, Fire, Ice, Lightning, Water,...</description>
				<pubDate>Thu, 04 Nov 2010 23:51:13 +0000</pubDate>
												<content:encoded>
					<![CDATA[
						Page: <a href="http://ffsaga.wikidot.com/creatures">Creatures</a> (creatures)<br/>Current revision number: 18<br/>Date changed: Thu, 04 Nov 2010 23:51:13 +0000<br/>Change type: source change<br/>By: <span class="printuser"><a href="http://www.wikidot.com/user:info/jrpseudonym" onclick="WIKIDOT.page.listeners.userInfo(22225); return false;" >JRPseudonym</a></span><br/><br/>Page content preview: <br/>Some monsters are particularly resistant or particularly vulnerable to a specific type of energy.There are 8 types of energy, which are distilled from magicite: Earth, Fire, Ice, Lightning, Water,...
				 	]]>
				</content:encoded>							</item>
					<item>
				<guid>http://ffsaga.wikidot.com/settings#revision-13655288</guid>
				<title>&quot;Settings&quot; - source change</title>
				<link>http://ffsaga.wikidot.com/settings</link>
				<description>Page: &lt;a href=&quot;http://ffsaga.wikidot.com/settings&quot;&gt;Settings&lt;/a&gt; (settings)&lt;br/&gt;Current revision number: 4&lt;br/&gt;Date changed: Thu, 18 Feb 2010 07:11:19 +0000&lt;br/&gt;Change type: source change&lt;br/&gt;By: &lt;span class=&quot;printuser&quot;&gt;&lt;a href=&quot;http://www.wikidot.com/user:info/jrpseudonym&quot; onclick=&quot;WIKIDOT.page.listeners.userInfo(22225); return false;&quot; &gt;JRPseudonym&lt;/a&gt;&lt;/span&gt;&lt;br/&gt;&lt;br/&gt;Page content preview: &lt;br/&gt;This is the page for setting information, worlds and such, linking directly to the Final Fantasy Wikia site, where you can find extensive information on culture, lands, people, races, and much...</description>
				<pubDate>Thu, 18 Feb 2010 07:11:19 +0000</pubDate>
												<content:encoded>
					<![CDATA[
						Page: <a href="http://ffsaga.wikidot.com/settings">Settings</a> (settings)<br/>Current revision number: 4<br/>Date changed: Thu, 18 Feb 2010 07:11:19 +0000<br/>Change type: source change<br/>By: <span class="printuser"><a href="http://www.wikidot.com/user:info/jrpseudonym" onclick="WIKIDOT.page.listeners.userInfo(22225); return false;" >JRPseudonym</a></span><br/><br/>Page content preview: <br/>This is the page for setting information, worlds and such, linking directly to the Final Fantasy Wikia site, where you can find extensive information on culture, lands, people, races, and much...
				 	]]>
				</content:encoded>							</item>
					<item>
				<guid>http://ffsaga.wikidot.com/settings#revision-13655206</guid>
				<title>&quot;Settings&quot; - source change</title>
				<link>http://ffsaga.wikidot.com/settings</link>
				<description>Page: &lt;a href=&quot;http://ffsaga.wikidot.com/settings&quot;&gt;Settings&lt;/a&gt; (settings)&lt;br/&gt;Current revision number: 3&lt;br/&gt;Date changed: Thu, 18 Feb 2010 07:01:01 +0000&lt;br/&gt;Change type: source change&lt;br/&gt;By: &lt;span class=&quot;printuser&quot;&gt;&lt;a href=&quot;http://www.wikidot.com/user:info/jrpseudonym&quot; onclick=&quot;WIKIDOT.page.listeners.userInfo(22225); return false;&quot; &gt;JRPseudonym&lt;/a&gt;&lt;/span&gt;&lt;br/&gt;&lt;br/&gt;Page content preview: &lt;br/&gt;This is the page for setting information, worlds and such, linking directly to the Final Fantasy Wikia site, where you can find extensive information on culture, lands, people, races, and much...</description>
				<pubDate>Thu, 18 Feb 2010 07:01:01 +0000</pubDate>
												<content:encoded>
					<![CDATA[
						Page: <a href="http://ffsaga.wikidot.com/settings">Settings</a> (settings)<br/>Current revision number: 3<br/>Date changed: Thu, 18 Feb 2010 07:01:01 +0000<br/>Change type: source change<br/>By: <span class="printuser"><a href="http://www.wikidot.com/user:info/jrpseudonym" onclick="WIKIDOT.page.listeners.userInfo(22225); return false;" >JRPseudonym</a></span><br/><br/>Page content preview: <br/>This is the page for setting information, worlds and such, linking directly to the Final Fantasy Wikia site, where you can find extensive information on culture, lands, people, races, and much...
				 	]]>
				</content:encoded>							</item>
					<item>
				<guid>http://ffsaga.wikidot.com/settings#revision-13655198</guid>
				<title>&quot;Settings&quot; - source change</title>
				<link>http://ffsaga.wikidot.com/settings</link>
				<description>Page: &lt;a href=&quot;http://ffsaga.wikidot.com/settings&quot;&gt;Settings&lt;/a&gt; (settings)&lt;br/&gt;Current revision number: 2&lt;br/&gt;Date changed: Thu, 18 Feb 2010 07:00:10 +0000&lt;br/&gt;Change type: source change&lt;br/&gt;By: &lt;span class=&quot;printuser&quot;&gt;&lt;a href=&quot;http://www.wikidot.com/user:info/jrpseudonym&quot; onclick=&quot;WIKIDOT.page.listeners.userInfo(22225); return false;&quot; &gt;JRPseudonym&lt;/a&gt;&lt;/span&gt;&lt;br/&gt;&lt;br/&gt;Page content preview: &lt;br/&gt;This is the page for setting information, worlds and such, linking directly to the Final Fantasy Wikia site, where you can find extensive information on culture, lands, people, races, and much...</description>
				<pubDate>Thu, 18 Feb 2010 07:00:10 +0000</pubDate>
												<content:encoded>
					<![CDATA[
						Page: <a href="http://ffsaga.wikidot.com/settings">Settings</a> (settings)<br/>Current revision number: 2<br/>Date changed: Thu, 18 Feb 2010 07:00:10 +0000<br/>Change type: source change<br/>By: <span class="printuser"><a href="http://www.wikidot.com/user:info/jrpseudonym" onclick="WIKIDOT.page.listeners.userInfo(22225); return false;" >JRPseudonym</a></span><br/><br/>Page content preview: <br/>This is the page for setting information, worlds and such, linking directly to the Final Fantasy Wikia site, where you can find extensive information on culture, lands, people, races, and much...
				 	]]>
				</content:encoded>							</item>
					<item>
				<guid>http://ffsaga.wikidot.com/aerona#revision-13655158</guid>
				<title>&quot;Aerona&quot; - title change</title>
				<link>http://ffsaga.wikidot.com/aerona</link>
				<description>Page: &lt;a href=&quot;http://ffsaga.wikidot.com/aerona&quot;&gt;Aerona&lt;/a&gt; (aerona)&lt;br/&gt;Current revision number: 12&lt;br/&gt;Date changed: Thu, 18 Feb 2010 06:56:26 +0000&lt;br/&gt;Change type: title change&lt;br/&gt;By: &lt;span class=&quot;printuser&quot;&gt;&lt;a href=&quot;http://www.wikidot.com/user:info/jrpseudonym&quot; onclick=&quot;WIKIDOT.page.listeners.userInfo(22225); return false;&quot; &gt;JRPseudonym&lt;/a&gt;&lt;/span&gt;&lt;br/&gt;&lt;br/&gt;Page content preview: &lt;br/&gt;This is a custom setting of my and my fellow players own creation. It shares many of the tropes of the Final Fantasy setting that I and my players enjoys, and eschews others. Take it as you will,...</description>
				<pubDate>Thu, 18 Feb 2010 06:56:26 +0000</pubDate>
												<content:encoded>
					<![CDATA[
						Page: <a href="http://ffsaga.wikidot.com/aerona">Aerona</a> (aerona)<br/>Current revision number: 12<br/>Date changed: Thu, 18 Feb 2010 06:56:26 +0000<br/>Change type: title change<br/>By: <span class="printuser"><a href="http://www.wikidot.com/user:info/jrpseudonym" onclick="WIKIDOT.page.listeners.userInfo(22225); return false;" >JRPseudonym</a></span><br/><br/>Page content preview: <br/>This is a custom setting of my and my fellow players own creation. It shares many of the tropes of the Final Fantasy setting that I and my players enjoys, and eschews others. Take it as you will,...
				 	]]>
				</content:encoded>							</item>
					<item>
				<guid>http://ffsaga.wikidot.com/aerona#revision-13655155</guid>
				<title>&quot;Aerona&quot; - page move/rename</title>
				<link>http://ffsaga.wikidot.com/aerona</link>
				<description>Page: &lt;a href=&quot;http://ffsaga.wikidot.com/aerona&quot;&gt;Aerona&lt;/a&gt; (aerona)&lt;br/&gt;Current revision number: 11&lt;br/&gt;Date changed: Thu, 18 Feb 2010 06:56:07 +0000&lt;br/&gt;Change type: page move/rename&lt;br/&gt;Change comments: You successfully renamed the page: &amp;quot;jen-tarn&amp;quot; to &amp;quot;aerona&amp;quot;.&lt;br/&gt;By: &lt;span class=&quot;printuser&quot;&gt;&lt;a href=&quot;http://www.wikidot.com/user:info/jrpseudonym&quot; onclick=&quot;WIKIDOT.page.listeners.userInfo(22225); return false;&quot; &gt;JRPseudonym&lt;/a&gt;&lt;/span&gt;&lt;br/&gt;&lt;br/&gt;Page content preview: &lt;br/&gt;This is a custom setting of my and my fellow players own creation. It shares many of the tropes of the Final Fantasy setting that I and my players enjoys, and eschews others. Take it as you will,...</description>
				<pubDate>Thu, 18 Feb 2010 06:56:07 +0000</pubDate>
												<content:encoded>
					<![CDATA[
						Page: <a href="http://ffsaga.wikidot.com/aerona">Aerona</a> (aerona)<br/>Current revision number: 11<br/>Date changed: Thu, 18 Feb 2010 06:56:07 +0000<br/>Change type: page move/rename<br/>Change comments: You successfully renamed the page: &quot;jen-tarn&quot; to &quot;aerona&quot;.<br/>By: <span class="printuser"><a href="http://www.wikidot.com/user:info/jrpseudonym" onclick="WIKIDOT.page.listeners.userInfo(22225); return false;" >JRPseudonym</a></span><br/><br/>Page content preview: <br/>This is a custom setting of my and my fellow players own creation. It shares many of the tropes of the Final Fantasy setting that I and my players enjoys, and eschews others. Take it as you will,...
				 	]]>
				</content:encoded>							</item>
					<item>
				<guid>http://ffsaga.wikidot.com/prestige-classes#revision-11702712</guid>
				<title>&quot;Prestige Classes&quot; - file action</title>
				<link>http://ffsaga.wikidot.com/prestige-classes</link>
				<description>Page: &lt;a href=&quot;http://ffsaga.wikidot.com/prestige-classes&quot;&gt;Prestige Classes&lt;/a&gt; (prestige-classes)&lt;br/&gt;Current revision number: 86&lt;br/&gt;Date changed: Wed, 07 Oct 2009 05:07:00 +0000&lt;br/&gt;Change type: file action&lt;br/&gt;Change comments: Uploaded file &amp;quot;FFT-Dycedarg.jpg&amp;quot;.&lt;br/&gt;By: &lt;span class=&quot;printuser&quot;&gt;&lt;a href=&quot;http://www.wikidot.com/user:info/jrpseudonym&quot; onclick=&quot;WIKIDOT.page.listeners.userInfo(22225); return false;&quot; &gt;JRPseudonym&lt;/a&gt;&lt;/span&gt;&lt;br/&gt;&lt;br/&gt;Page content preview: &lt;br/&gt;Alchemist
Bard
Dark Knight
Dragoon
Fencer


GunMage
Gunslinger
High Magus
Holy Knight
Knight


Monk
Ninja
Sky Pirate
Summoner
Tactician





Base
Level
Attack
Bonus
Class Features


1
+0
Defense...</description>
				<pubDate>Wed, 07 Oct 2009 05:07:00 +0000</pubDate>
												<content:encoded>
					<![CDATA[
						Page: <a href="http://ffsaga.wikidot.com/prestige-classes">Prestige Classes</a> (prestige-classes)<br/>Current revision number: 86<br/>Date changed: Wed, 07 Oct 2009 05:07:00 +0000<br/>Change type: file action<br/>Change comments: Uploaded file &quot;FFT-Dycedarg.jpg&quot;.<br/>By: <span class="printuser"><a href="http://www.wikidot.com/user:info/jrpseudonym" onclick="WIKIDOT.page.listeners.userInfo(22225); return false;" >JRPseudonym</a></span><br/><br/>Page content preview: <br/>Alchemist Bard Dark Knight Dragoon Fencer GunMage Gunslinger High Magus Holy Knight Knight Monk Ninja Sky Pirate Summoner Tactician Base Level Attack Bonus Class Features 1 +0 Defense...
				 	]]>
				</content:encoded>							</item>
					<item>
				<guid>http://ffsaga.wikidot.com/prestige-classes#revision-11702709</guid>
				<title>&quot;Prestige Classes&quot; - file action</title>
				<link>http://ffsaga.wikidot.com/prestige-classes</link>
				<description>Page: &lt;a href=&quot;http://ffsaga.wikidot.com/prestige-classes&quot;&gt;Prestige Classes&lt;/a&gt; (prestige-classes)&lt;br/&gt;Current revision number: 85&lt;br/&gt;Date changed: Wed, 07 Oct 2009 05:06:41 +0000&lt;br/&gt;Change type: file action&lt;br/&gt;Change comments: Uploaded file &amp;quot;FFT-Summoner.jpg&amp;quot;.&lt;br/&gt;By: &lt;span class=&quot;printuser&quot;&gt;&lt;a href=&quot;http://www.wikidot.com/user:info/jrpseudonym&quot; onclick=&quot;WIKIDOT.page.listeners.userInfo(22225); return false;&quot; &gt;JRPseudonym&lt;/a&gt;&lt;/span&gt;&lt;br/&gt;&lt;br/&gt;Page content preview: &lt;br/&gt;Alchemist
Bard
Dark Knight
Dragoon
Fencer


GunMage
Gunslinger
High Magus
Holy Knight
Knight


Monk
Ninja
Sky Pirate
Summoner
Tactician





Base
Level
Attack
Bonus
Class Features


1
+0
Defense...</description>
				<pubDate>Wed, 07 Oct 2009 05:06:41 +0000</pubDate>
												<content:encoded>
					<![CDATA[
						Page: <a href="http://ffsaga.wikidot.com/prestige-classes">Prestige Classes</a> (prestige-classes)<br/>Current revision number: 85<br/>Date changed: Wed, 07 Oct 2009 05:06:41 +0000<br/>Change type: file action<br/>Change comments: Uploaded file &quot;FFT-Summoner.jpg&quot;.<br/>By: <span class="printuser"><a href="http://www.wikidot.com/user:info/jrpseudonym" onclick="WIKIDOT.page.listeners.userInfo(22225); return false;" >JRPseudonym</a></span><br/><br/>Page content preview: <br/>Alchemist Bard Dark Knight Dragoon Fencer GunMage Gunslinger High Magus Holy Knight Knight Monk Ninja Sky Pirate Summoner Tactician Base Level Attack Bonus Class Features 1 +0 Defense...
				 	]]>
				</content:encoded>							</item>
					<item>
				<guid>http://ffsaga.wikidot.com/prestige-classes#revision-11702666</guid>
				<title>&quot;Prestige Classes&quot; - file action</title>
				<link>http://ffsaga.wikidot.com/prestige-classes</link>
				<description>Page: &lt;a href=&quot;http://ffsaga.wikidot.com/prestige-classes&quot;&gt;Prestige Classes&lt;/a&gt; (prestige-classes)&lt;br/&gt;Current revision number: 84&lt;br/&gt;Date changed: Wed, 07 Oct 2009 05:03:09 +0000&lt;br/&gt;Change type: file action&lt;br/&gt;Change comments: Uploaded file &amp;quot;FFT-Monk.jpg&amp;quot;.&lt;br/&gt;By: &lt;span class=&quot;printuser&quot;&gt;&lt;a href=&quot;http://www.wikidot.com/user:info/jrpseudonym&quot; onclick=&quot;WIKIDOT.page.listeners.userInfo(22225); return false;&quot; &gt;JRPseudonym&lt;/a&gt;&lt;/span&gt;&lt;br/&gt;&lt;br/&gt;Page content preview: &lt;br/&gt;Alchemist
Bard
Dark Knight
Dragoon
Fencer


GunMage
Gunslinger
High Magus
Holy Knight
Knight


Monk
Ninja
Sky Pirate
Summoner
Tactician





Base
Level
Attack
Bonus
Class Features


1
+0
Defense...</description>
				<pubDate>Wed, 07 Oct 2009 05:03:09 +0000</pubDate>
												<content:encoded>
					<![CDATA[
						Page: <a href="http://ffsaga.wikidot.com/prestige-classes">Prestige Classes</a> (prestige-classes)<br/>Current revision number: 84<br/>Date changed: Wed, 07 Oct 2009 05:03:09 +0000<br/>Change type: file action<br/>Change comments: Uploaded file &quot;FFT-Monk.jpg&quot;.<br/>By: <span class="printuser"><a href="http://www.wikidot.com/user:info/jrpseudonym" onclick="WIKIDOT.page.listeners.userInfo(22225); return false;" >JRPseudonym</a></span><br/><br/>Page content preview: <br/>Alchemist Bard Dark Knight Dragoon Fencer GunMage Gunslinger High Magus Holy Knight Knight Monk Ninja Sky Pirate Summoner Tactician Base Level Attack Bonus Class Features 1 +0 Defense...
				 	]]>
				</content:encoded>							</item>
					<item>
				<guid>http://ffsaga.wikidot.com/ships#revision-10731631</guid>
				<title>&quot;Ships&quot; - source change</title>
				<link>http://ffsaga.wikidot.com/ships</link>
				<description>Page: &lt;a href=&quot;http://ffsaga.wikidot.com/ships&quot;&gt;Ships&lt;/a&gt; (ships)&lt;br/&gt;Current revision number: 24&lt;br/&gt;Date changed: Thu, 23 Jul 2009 22:24:52 +0000&lt;br/&gt;Change type: source change&lt;br/&gt;By: &lt;span class=&quot;printuser&quot;&gt;&lt;a href=&quot;http://www.wikidot.com/user:info/jrpseudonym&quot; onclick=&quot;WIKIDOT.page.listeners.userInfo(22225); return false;&quot; &gt;JRPseudonym&lt;/a&gt;&lt;/span&gt;&lt;br/&gt;&lt;br/&gt;Page content preview: &lt;br/&gt;Stock Ships
Military


Class
Crew*
Cargo
Consumables
Emplacement Pts


Carrier
~256
38400&amp;nbsp;kg**
6 months
200


Dreadnought
~256
12800&amp;nbsp;kg
6 months
1600


Battleship
~128
6400&amp;nbsp;kg
6...</description>
				<pubDate>Thu, 23 Jul 2009 22:24:52 +0000</pubDate>
												<content:encoded>
					<![CDATA[
						Page: <a href="http://ffsaga.wikidot.com/ships">Ships</a> (ships)<br/>Current revision number: 24<br/>Date changed: Thu, 23 Jul 2009 22:24:52 +0000<br/>Change type: source change<br/>By: <span class="printuser"><a href="http://www.wikidot.com/user:info/jrpseudonym" onclick="WIKIDOT.page.listeners.userInfo(22225); return false;" >JRPseudonym</a></span><br/><br/>Page content preview: <br/>Stock Ships Military Class Crew* Cargo Consumables Emplacement Pts Carrier ~256 38400&nbsp;kg** 6 months 200 Dreadnought ~256 12800&nbsp;kg 6 months 1600 Battleship ~128 6400&nbsp;kg 6...
				 	]]>
				</content:encoded>							</item>
					<item>
				<guid>http://ffsaga.wikidot.com/ships#revision-10689597</guid>
				<title>&quot;Ships&quot; - source change</title>
				<link>http://ffsaga.wikidot.com/ships</link>
				<description>Page: &lt;a href=&quot;http://ffsaga.wikidot.com/ships&quot;&gt;Ships&lt;/a&gt; (ships)&lt;br/&gt;Current revision number: 23&lt;br/&gt;Date changed: Tue, 21 Jul 2009 05:00:07 +0000&lt;br/&gt;Change type: source change&lt;br/&gt;By: &lt;span class=&quot;printuser&quot;&gt;&lt;a href=&quot;http://www.wikidot.com/user:info/jrpseudonym&quot; onclick=&quot;WIKIDOT.page.listeners.userInfo(22225); return false;&quot; &gt;JRPseudonym&lt;/a&gt;&lt;/span&gt;&lt;br/&gt;&lt;br/&gt;Page content preview: &lt;br/&gt;Stock Ships
Military


Class
Crew*
Cargo
Consumables
Emplacement Pts


Carrier
~256
38400&amp;nbsp;kg**
6 months
200


Dreadnought
~256
12800&amp;nbsp;kg
6 months
1600


Battleship
~128
6400&amp;nbsp;kg
6...</description>
				<pubDate>Tue, 21 Jul 2009 05:00:07 +0000</pubDate>
												<content:encoded>
					<![CDATA[
						Page: <a href="http://ffsaga.wikidot.com/ships">Ships</a> (ships)<br/>Current revision number: 23<br/>Date changed: Tue, 21 Jul 2009 05:00:07 +0000<br/>Change type: source change<br/>By: <span class="printuser"><a href="http://www.wikidot.com/user:info/jrpseudonym" onclick="WIKIDOT.page.listeners.userInfo(22225); return false;" >JRPseudonym</a></span><br/><br/>Page content preview: <br/>Stock Ships Military Class Crew* Cargo Consumables Emplacement Pts Carrier ~256 38400&nbsp;kg** 6 months 200 Dreadnought ~256 12800&nbsp;kg 6 months 1600 Battleship ~128 6400&nbsp;kg 6...
				 	]]>
				</content:encoded>							</item>
					<item>
				<guid>http://ffsaga.wikidot.com/ships#revision-10689593</guid>
				<title>&quot;Ships&quot; - source change</title>
				<link>http://ffsaga.wikidot.com/ships</link>
				<description>Page: &lt;a href=&quot;http://ffsaga.wikidot.com/ships&quot;&gt;Ships&lt;/a&gt; (ships)&lt;br/&gt;Current revision number: 22&lt;br/&gt;Date changed: Tue, 21 Jul 2009 04:58:59 +0000&lt;br/&gt;Change type: source change&lt;br/&gt;By: &lt;span class=&quot;printuser&quot;&gt;&lt;a href=&quot;http://www.wikidot.com/user:info/jrpseudonym&quot; onclick=&quot;WIKIDOT.page.listeners.userInfo(22225); return false;&quot; &gt;JRPseudonym&lt;/a&gt;&lt;/span&gt;&lt;br/&gt;&lt;br/&gt;Page content preview: &lt;br/&gt;Stock Ships
Military


Class
Crew*
Cargo
Consumables
Emplacement Pts


Carrier
~256
38400&amp;nbsp;kg**
6 months
200


Dreadnought
~256
12800&amp;nbsp;kg
6 months
1600


Battleship
~128
6400&amp;nbsp;kg
6...</description>
				<pubDate>Tue, 21 Jul 2009 04:58:59 +0000</pubDate>
												<content:encoded>
					<![CDATA[
						Page: <a href="http://ffsaga.wikidot.com/ships">Ships</a> (ships)<br/>Current revision number: 22<br/>Date changed: Tue, 21 Jul 2009 04:58:59 +0000<br/>Change type: source change<br/>By: <span class="printuser"><a href="http://www.wikidot.com/user:info/jrpseudonym" onclick="WIKIDOT.page.listeners.userInfo(22225); return false;" >JRPseudonym</a></span><br/><br/>Page content preview: <br/>Stock Ships Military Class Crew* Cargo Consumables Emplacement Pts Carrier ~256 38400&nbsp;kg** 6 months 200 Dreadnought ~256 12800&nbsp;kg 6 months 1600 Battleship ~128 6400&nbsp;kg 6...
				 	]]>
				</content:encoded>							</item>
					<item>
				<guid>http://ffsaga.wikidot.com/ships#revision-10689577</guid>
				<title>&quot;Ships&quot; - source change</title>
				<link>http://ffsaga.wikidot.com/ships</link>
				<description>Page: &lt;a href=&quot;http://ffsaga.wikidot.com/ships&quot;&gt;Ships&lt;/a&gt; (ships)&lt;br/&gt;Current revision number: 21&lt;br/&gt;Date changed: Tue, 21 Jul 2009 04:53:50 +0000&lt;br/&gt;Change type: source change&lt;br/&gt;By: &lt;span class=&quot;printuser&quot;&gt;&lt;a href=&quot;http://www.wikidot.com/user:info/jrpseudonym&quot; onclick=&quot;WIKIDOT.page.listeners.userInfo(22225); return false;&quot; &gt;JRPseudonym&lt;/a&gt;&lt;/span&gt;&lt;br/&gt;&lt;br/&gt;Page content preview: &lt;br/&gt;Stock Ships
Military


Class
Crew*
Cargo
Consumables
Emplacement Pts


Carrier
~256
38400&amp;nbsp;kg**
6 months
200


Dreadnought
~256
12800&amp;nbsp;kg
6 months
1600


Battleship
~128
6400&amp;nbsp;kg
6...</description>
				<pubDate>Tue, 21 Jul 2009 04:53:50 +0000</pubDate>
												<content:encoded>
					<![CDATA[
						Page: <a href="http://ffsaga.wikidot.com/ships">Ships</a> (ships)<br/>Current revision number: 21<br/>Date changed: Tue, 21 Jul 2009 04:53:50 +0000<br/>Change type: source change<br/>By: <span class="printuser"><a href="http://www.wikidot.com/user:info/jrpseudonym" onclick="WIKIDOT.page.listeners.userInfo(22225); return false;" >JRPseudonym</a></span><br/><br/>Page content preview: <br/>Stock Ships Military Class Crew* Cargo Consumables Emplacement Pts Carrier ~256 38400&nbsp;kg** 6 months 200 Dreadnought ~256 12800&nbsp;kg 6 months 1600 Battleship ~128 6400&nbsp;kg 6...
				 	]]>
				</content:encoded>							</item>
					<item>
				<guid>http://ffsaga.wikidot.com/ships#revision-10689571</guid>
				<title>&quot;Ships&quot; - source change</title>
				<link>http://ffsaga.wikidot.com/ships</link>
				<description>Page: &lt;a href=&quot;http://ffsaga.wikidot.com/ships&quot;&gt;Ships&lt;/a&gt; (ships)&lt;br/&gt;Current revision number: 20&lt;br/&gt;Date changed: Tue, 21 Jul 2009 04:52:35 +0000&lt;br/&gt;Change type: source change&lt;br/&gt;By: &lt;span class=&quot;printuser&quot;&gt;&lt;a href=&quot;http://www.wikidot.com/user:info/jrpseudonym&quot; onclick=&quot;WIKIDOT.page.listeners.userInfo(22225); return false;&quot; &gt;JRPseudonym&lt;/a&gt;&lt;/span&gt;&lt;br/&gt;&lt;br/&gt;Page content preview: &lt;br/&gt;Stock Ships
Military


Class
Crew*
Cargo
Consumables
Emplacement Pts


Carrier
~256
38400&amp;nbsp;kg**
6 months
200


Dreadnought
~256
12800&amp;nbsp;kg
6 months
1600


Battleship
~128
6400&amp;nbsp;kg
6...</description>
				<pubDate>Tue, 21 Jul 2009 04:52:35 +0000</pubDate>
												<content:encoded>
					<![CDATA[
						Page: <a href="http://ffsaga.wikidot.com/ships">Ships</a> (ships)<br/>Current revision number: 20<br/>Date changed: Tue, 21 Jul 2009 04:52:35 +0000<br/>Change type: source change<br/>By: <span class="printuser"><a href="http://www.wikidot.com/user:info/jrpseudonym" onclick="WIKIDOT.page.listeners.userInfo(22225); return false;" >JRPseudonym</a></span><br/><br/>Page content preview: <br/>Stock Ships Military Class Crew* Cargo Consumables Emplacement Pts Carrier ~256 38400&nbsp;kg** 6 months 200 Dreadnought ~256 12800&nbsp;kg 6 months 1600 Battleship ~128 6400&nbsp;kg 6...
				 	]]>
				</content:encoded>							</item>
					<item>
				<guid>http://ffsaga.wikidot.com/ships#revision-10689561</guid>
				<title>&quot;Ships&quot; - source change</title>
				<link>http://ffsaga.wikidot.com/ships</link>
				<description>Page: &lt;a href=&quot;http://ffsaga.wikidot.com/ships&quot;&gt;Ships&lt;/a&gt; (ships)&lt;br/&gt;Current revision number: 19&lt;br/&gt;Date changed: Tue, 21 Jul 2009 04:49:39 +0000&lt;br/&gt;Change type: source change&lt;br/&gt;By: &lt;span class=&quot;printuser&quot;&gt;&lt;a href=&quot;http://www.wikidot.com/user:info/jrpseudonym&quot; onclick=&quot;WIKIDOT.page.listeners.userInfo(22225); return false;&quot; &gt;JRPseudonym&lt;/a&gt;&lt;/span&gt;&lt;br/&gt;&lt;br/&gt;Page content preview: &lt;br/&gt;Stock Ships
Military


Class
Crew*
Cargo
Consumables
Emplacement Pts


Carrier
~256
38400&amp;nbsp;kg**
6 months
200


Dreadnought
~256
12800&amp;nbsp;kg
6 months
1600


Battleship
~128
6400&amp;nbsp;kg
6...</description>
				<pubDate>Tue, 21 Jul 2009 04:49:39 +0000</pubDate>
												<content:encoded>
					<![CDATA[
						Page: <a href="http://ffsaga.wikidot.com/ships">Ships</a> (ships)<br/>Current revision number: 19<br/>Date changed: Tue, 21 Jul 2009 04:49:39 +0000<br/>Change type: source change<br/>By: <span class="printuser"><a href="http://www.wikidot.com/user:info/jrpseudonym" onclick="WIKIDOT.page.listeners.userInfo(22225); return false;" >JRPseudonym</a></span><br/><br/>Page content preview: <br/>Stock Ships Military Class Crew* Cargo Consumables Emplacement Pts Carrier ~256 38400&nbsp;kg** 6 months 200 Dreadnought ~256 12800&nbsp;kg 6 months 1600 Battleship ~128 6400&nbsp;kg 6...
				 	]]>
				</content:encoded>							</item>
					<item>
				<guid>http://ffsaga.wikidot.com/ships#revision-10689538</guid>
				<title>&quot;Ships&quot; - source change</title>
				<link>http://ffsaga.wikidot.com/ships</link>
				<description>Page: &lt;a href=&quot;http://ffsaga.wikidot.com/ships&quot;&gt;Ships&lt;/a&gt; (ships)&lt;br/&gt;Current revision number: 18&lt;br/&gt;Date changed: Tue, 21 Jul 2009 04:42:10 +0000&lt;br/&gt;Change type: source change&lt;br/&gt;By: &lt;span class=&quot;printuser&quot;&gt;&lt;a href=&quot;http://www.wikidot.com/user:info/jrpseudonym&quot; onclick=&quot;WIKIDOT.page.listeners.userInfo(22225); return false;&quot; &gt;JRPseudonym&lt;/a&gt;&lt;/span&gt;&lt;br/&gt;&lt;br/&gt;Page content preview: &lt;br/&gt;Stock Ships
Military


Class
Crew*
Cargo
Consumables
Emplacement Pts


Carrier
~256
38400&amp;nbsp;kg**
6 months
200


Dreadnought
~256
12800&amp;nbsp;kg
6 months
1600


Battleship
~128
6400&amp;nbsp;kg
6...</description>
				<pubDate>Tue, 21 Jul 2009 04:42:10 +0000</pubDate>
												<content:encoded>
					<![CDATA[
						Page: <a href="http://ffsaga.wikidot.com/ships">Ships</a> (ships)<br/>Current revision number: 18<br/>Date changed: Tue, 21 Jul 2009 04:42:10 +0000<br/>Change type: source change<br/>By: <span class="printuser"><a href="http://www.wikidot.com/user:info/jrpseudonym" onclick="WIKIDOT.page.listeners.userInfo(22225); return false;" >JRPseudonym</a></span><br/><br/>Page content preview: <br/>Stock Ships Military Class Crew* Cargo Consumables Emplacement Pts Carrier ~256 38400&nbsp;kg** 6 months 200 Dreadnought ~256 12800&nbsp;kg 6 months 1600 Battleship ~128 6400&nbsp;kg 6...
				 	]]>
				</content:encoded>							</item>
					<item>
				<guid>http://ffsaga.wikidot.com/ships#revision-10689534</guid>
				<title>&quot;Ships&quot; - source change</title>
				<link>http://ffsaga.wikidot.com/ships</link>
				<description>Page: &lt;a href=&quot;http://ffsaga.wikidot.com/ships&quot;&gt;Ships&lt;/a&gt; (ships)&lt;br/&gt;Current revision number: 17&lt;br/&gt;Date changed: Tue, 21 Jul 2009 04:40:38 +0000&lt;br/&gt;Change type: source change&lt;br/&gt;By: &lt;span class=&quot;printuser&quot;&gt;&lt;a href=&quot;http://www.wikidot.com/user:info/jrpseudonym&quot; onclick=&quot;WIKIDOT.page.listeners.userInfo(22225); return false;&quot; &gt;JRPseudonym&lt;/a&gt;&lt;/span&gt;&lt;br/&gt;&lt;br/&gt;Page content preview: &lt;br/&gt;Stock Ships
Military


Class
Crew*
Cargo
Consumables
Emplacement Pts


Carrier
~256
38400&amp;nbsp;kg**
6 months
200


Dreadnought
~256
12800&amp;nbsp;kg
6 months
1600


Battleship
~128
6400&amp;nbsp;kg
6...</description>
				<pubDate>Tue, 21 Jul 2009 04:40:38 +0000</pubDate>
												<content:encoded>
					<![CDATA[
						Page: <a href="http://ffsaga.wikidot.com/ships">Ships</a> (ships)<br/>Current revision number: 17<br/>Date changed: Tue, 21 Jul 2009 04:40:38 +0000<br/>Change type: source change<br/>By: <span class="printuser"><a href="http://www.wikidot.com/user:info/jrpseudonym" onclick="WIKIDOT.page.listeners.userInfo(22225); return false;" >JRPseudonym</a></span><br/><br/>Page content preview: <br/>Stock Ships Military Class Crew* Cargo Consumables Emplacement Pts Carrier ~256 38400&nbsp;kg** 6 months 200 Dreadnought ~256 12800&nbsp;kg 6 months 1600 Battleship ~128 6400&nbsp;kg 6...
				 	]]>
				</content:encoded>							</item>
					<item>
				<guid>http://ffsaga.wikidot.com/ships#revision-10689471</guid>
				<title>&quot;Ships&quot; - source change</title>
				<link>http://ffsaga.wikidot.com/ships</link>
				<description>Page: &lt;a href=&quot;http://ffsaga.wikidot.com/ships&quot;&gt;Ships&lt;/a&gt; (ships)&lt;br/&gt;Current revision number: 16&lt;br/&gt;Date changed: Tue, 21 Jul 2009 04:31:45 +0000&lt;br/&gt;Change type: source change&lt;br/&gt;By: &lt;span class=&quot;printuser&quot;&gt;&lt;a href=&quot;http://www.wikidot.com/user:info/jrpseudonym&quot; onclick=&quot;WIKIDOT.page.listeners.userInfo(22225); return false;&quot; &gt;JRPseudonym&lt;/a&gt;&lt;/span&gt;&lt;br/&gt;&lt;br/&gt;Page content preview: &lt;br/&gt;Stock Ships
Military


Class
Crew*
Cargo
Consumables
Emplacement Pts


Carrier
~256
38400&amp;nbsp;kg**
6 months
200


Dreadnought
~256
12800&amp;nbsp;kg
6 months
1600


Battleship
~128
6400&amp;nbsp;kg
6...</description>
				<pubDate>Tue, 21 Jul 2009 04:31:45 +0000</pubDate>
												<content:encoded>
					<![CDATA[
						Page: <a href="http://ffsaga.wikidot.com/ships">Ships</a> (ships)<br/>Current revision number: 16<br/>Date changed: Tue, 21 Jul 2009 04:31:45 +0000<br/>Change type: source change<br/>By: <span class="printuser"><a href="http://www.wikidot.com/user:info/jrpseudonym" onclick="WIKIDOT.page.listeners.userInfo(22225); return false;" >JRPseudonym</a></span><br/><br/>Page content preview: <br/>Stock Ships Military Class Crew* Cargo Consumables Emplacement Pts Carrier ~256 38400&nbsp;kg** 6 months 200 Dreadnought ~256 12800&nbsp;kg 6 months 1600 Battleship ~128 6400&nbsp;kg 6...
				 	]]>
				</content:encoded>							</item>
					<item>
				<guid>http://ffsaga.wikidot.com/ships#revision-10689437</guid>
				<title>&quot;Ships&quot; - source change</title>
				<link>http://ffsaga.wikidot.com/ships</link>
				<description>Page: &lt;a href=&quot;http://ffsaga.wikidot.com/ships&quot;&gt;Ships&lt;/a&gt; (ships)&lt;br/&gt;Current revision number: 15&lt;br/&gt;Date changed: Tue, 21 Jul 2009 04:26:48 +0000&lt;br/&gt;Change type: source change&lt;br/&gt;By: &lt;span class=&quot;printuser&quot;&gt;&lt;a href=&quot;http://www.wikidot.com/user:info/jrpseudonym&quot; onclick=&quot;WIKIDOT.page.listeners.userInfo(22225); return false;&quot; &gt;JRPseudonym&lt;/a&gt;&lt;/span&gt;&lt;br/&gt;&lt;br/&gt;Page content preview: &lt;br/&gt;Stock Ships
Military


Class
Crew*
Cargo
Consumables
Emplacement Pts


Carrier
~256
38400&amp;nbsp;kg**
6 months
200


Dreadnought
~256
12800&amp;nbsp;kg
6 months
1600


Battleship
~128
6400&amp;nbsp;kg
6...</description>
				<pubDate>Tue, 21 Jul 2009 04:26:48 +0000</pubDate>
												<content:encoded>
					<![CDATA[
						Page: <a href="http://ffsaga.wikidot.com/ships">Ships</a> (ships)<br/>Current revision number: 15<br/>Date changed: Tue, 21 Jul 2009 04:26:48 +0000<br/>Change type: source change<br/>By: <span class="printuser"><a href="http://www.wikidot.com/user:info/jrpseudonym" onclick="WIKIDOT.page.listeners.userInfo(22225); return false;" >JRPseudonym</a></span><br/><br/>Page content preview: <br/>Stock Ships Military Class Crew* Cargo Consumables Emplacement Pts Carrier ~256 38400&nbsp;kg** 6 months 200 Dreadnought ~256 12800&nbsp;kg 6 months 1600 Battleship ~128 6400&nbsp;kg 6...
				 	]]>
				</content:encoded>							</item>
					<item>
				<guid>http://ffsaga.wikidot.com/ships#revision-10689426</guid>
				<title>&quot;Ships&quot; - source change</title>
				<link>http://ffsaga.wikidot.com/ships</link>
				<description>Page: &lt;a href=&quot;http://ffsaga.wikidot.com/ships&quot;&gt;Ships&lt;/a&gt; (ships)&lt;br/&gt;Current revision number: 14&lt;br/&gt;Date changed: Tue, 21 Jul 2009 04:25:12 +0000&lt;br/&gt;Change type: source change&lt;br/&gt;By: &lt;span class=&quot;printuser&quot;&gt;&lt;a href=&quot;http://www.wikidot.com/user:info/jrpseudonym&quot; onclick=&quot;WIKIDOT.page.listeners.userInfo(22225); return false;&quot; &gt;JRPseudonym&lt;/a&gt;&lt;/span&gt;&lt;br/&gt;&lt;br/&gt;Page content preview: &lt;br/&gt;Stock Ships
Military


Class
Crew*
Cargo
Consumables
Emplacement Pts


Carrier
~256
38400&amp;nbsp;kg**
6 months
200


Dreadnought
~256
12800&amp;nbsp;kg
6 months
1600


Battleship
~128
6400&amp;nbsp;kg
6...</description>
				<pubDate>Tue, 21 Jul 2009 04:25:12 +0000</pubDate>
												<content:encoded>
					<![CDATA[
						Page: <a href="http://ffsaga.wikidot.com/ships">Ships</a> (ships)<br/>Current revision number: 14<br/>Date changed: Tue, 21 Jul 2009 04:25:12 +0000<br/>Change type: source change<br/>By: <span class="printuser"><a href="http://www.wikidot.com/user:info/jrpseudonym" onclick="WIKIDOT.page.listeners.userInfo(22225); return false;" >JRPseudonym</a></span><br/><br/>Page content preview: <br/>Stock Ships Military Class Crew* Cargo Consumables Emplacement Pts Carrier ~256 38400&nbsp;kg** 6 months 200 Dreadnought ~256 12800&nbsp;kg 6 months 1600 Battleship ~128 6400&nbsp;kg 6...
				 	]]>
				</content:encoded>							</item>
					<item>
				<guid>http://ffsaga.wikidot.com/ships#revision-10689390</guid>
				<title>&quot;Ships&quot; - source change</title>
				<link>http://ffsaga.wikidot.com/ships</link>
				<description>Page: &lt;a href=&quot;http://ffsaga.wikidot.com/ships&quot;&gt;Ships&lt;/a&gt; (ships)&lt;br/&gt;Current revision number: 13&lt;br/&gt;Date changed: Tue, 21 Jul 2009 04:20:52 +0000&lt;br/&gt;Change type: source change&lt;br/&gt;By: &lt;span class=&quot;printuser&quot;&gt;&lt;a href=&quot;http://www.wikidot.com/user:info/jrpseudonym&quot; onclick=&quot;WIKIDOT.page.listeners.userInfo(22225); return false;&quot; &gt;JRPseudonym&lt;/a&gt;&lt;/span&gt;&lt;br/&gt;&lt;br/&gt;Page content preview: &lt;br/&gt;Stock Ships
Military


Class
Crew*
Cargo
Consumables
Emplacement Pts


Carrier
~256
38400&amp;nbsp;kg**
6 months
200


Dreadnought
~256
12800&amp;nbsp;kg
6 months
1600


Battleship
~128
6400&amp;nbsp;kg
6...</description>
				<pubDate>Tue, 21 Jul 2009 04:20:52 +0000</pubDate>
												<content:encoded>
					<![CDATA[
						Page: <a href="http://ffsaga.wikidot.com/ships">Ships</a> (ships)<br/>Current revision number: 13<br/>Date changed: Tue, 21 Jul 2009 04:20:52 +0000<br/>Change type: source change<br/>By: <span class="printuser"><a href="http://www.wikidot.com/user:info/jrpseudonym" onclick="WIKIDOT.page.listeners.userInfo(22225); return false;" >JRPseudonym</a></span><br/><br/>Page content preview: <br/>Stock Ships Military Class Crew* Cargo Consumables Emplacement Pts Carrier ~256 38400&nbsp;kg** 6 months 200 Dreadnought ~256 12800&nbsp;kg 6 months 1600 Battleship ~128 6400&nbsp;kg 6...
				 	]]>
				</content:encoded>							</item>
					<item>
				<guid>http://ffsaga.wikidot.com/ships#revision-10689376</guid>
				<title>&quot;Ships&quot; - source change</title>
				<link>http://ffsaga.wikidot.com/ships</link>
				<description>Page: &lt;a href=&quot;http://ffsaga.wikidot.com/ships&quot;&gt;Ships&lt;/a&gt; (ships)&lt;br/&gt;Current revision number: 12&lt;br/&gt;Date changed: Tue, 21 Jul 2009 04:18:29 +0000&lt;br/&gt;Change type: source change&lt;br/&gt;By: &lt;span class=&quot;printuser&quot;&gt;&lt;a href=&quot;http://www.wikidot.com/user:info/jrpseudonym&quot; onclick=&quot;WIKIDOT.page.listeners.userInfo(22225); return false;&quot; &gt;JRPseudonym&lt;/a&gt;&lt;/span&gt;&lt;br/&gt;&lt;br/&gt;Page content preview: &lt;br/&gt;Stock Ships
Military


Class
Crew*
Cargo
Consumables
Emplacement Pts


Carrier
~256
38400&amp;nbsp;kg**
6 months
200


Dreadnought
~256
12800&amp;nbsp;kg
6 months
1600


Battleship
~128
6400&amp;nbsp;kg
6...</description>
				<pubDate>Tue, 21 Jul 2009 04:18:29 +0000</pubDate>
												<content:encoded>
					<![CDATA[
						Page: <a href="http://ffsaga.wikidot.com/ships">Ships</a> (ships)<br/>Current revision number: 12<br/>Date changed: Tue, 21 Jul 2009 04:18:29 +0000<br/>Change type: source change<br/>By: <span class="printuser"><a href="http://www.wikidot.com/user:info/jrpseudonym" onclick="WIKIDOT.page.listeners.userInfo(22225); return false;" >JRPseudonym</a></span><br/><br/>Page content preview: <br/>Stock Ships Military Class Crew* Cargo Consumables Emplacement Pts Carrier ~256 38400&nbsp;kg** 6 months 200 Dreadnought ~256 12800&nbsp;kg 6 months 1600 Battleship ~128 6400&nbsp;kg 6...
				 	]]>
				</content:encoded>							</item>
					<item>
				<guid>http://ffsaga.wikidot.com/ships#revision-10627534</guid>
				<title>&quot;Ships&quot; - source change</title>
				<link>http://ffsaga.wikidot.com/ships</link>
				<description>Page: &lt;a href=&quot;http://ffsaga.wikidot.com/ships&quot;&gt;Ships&lt;/a&gt; (ships)&lt;br/&gt;Current revision number: 11&lt;br/&gt;Date changed: Thu, 16 Jul 2009 18:01:00 +0000&lt;br/&gt;Change type: source change&lt;br/&gt;By: &lt;span class=&quot;printuser&quot;&gt;&lt;a href=&quot;http://www.wikidot.com/user:info/jrpseudonym&quot; onclick=&quot;WIKIDOT.page.listeners.userInfo(22225); return false;&quot; &gt;JRPseudonym&lt;/a&gt;&lt;/span&gt;&lt;br/&gt;&lt;br/&gt;Page content preview: &lt;br/&gt;Stock Ships
Military


Class
Crew*
Cargo
Consumables
Emplacement Pts


Carrier
~256
38400&amp;nbsp;kg**
6 months
200


Dreadnought
~256
12800&amp;nbsp;kg
6 months
1600


Battleship
~128
6400&amp;nbsp;kg
6...</description>
				<pubDate>Thu, 16 Jul 2009 18:01:00 +0000</pubDate>
												<content:encoded>
					<![CDATA[
						Page: <a href="http://ffsaga.wikidot.com/ships">Ships</a> (ships)<br/>Current revision number: 11<br/>Date changed: Thu, 16 Jul 2009 18:01:00 +0000<br/>Change type: source change<br/>By: <span class="printuser"><a href="http://www.wikidot.com/user:info/jrpseudonym" onclick="WIKIDOT.page.listeners.userInfo(22225); return false;" >JRPseudonym</a></span><br/><br/>Page content preview: <br/>Stock Ships Military Class Crew* Cargo Consumables Emplacement Pts Carrier ~256 38400&nbsp;kg** 6 months 200 Dreadnought ~256 12800&nbsp;kg 6 months 1600 Battleship ~128 6400&nbsp;kg 6...
				 	]]>
				</content:encoded>							</item>
					<item>
				<guid>http://ffsaga.wikidot.com/ships#revision-10627496</guid>
				<title>&quot;Ships&quot; - source change</title>
				<link>http://ffsaga.wikidot.com/ships</link>
				<description>Page: &lt;a href=&quot;http://ffsaga.wikidot.com/ships&quot;&gt;Ships&lt;/a&gt; (ships)&lt;br/&gt;Current revision number: 10&lt;br/&gt;Date changed: Thu, 16 Jul 2009 17:58:12 +0000&lt;br/&gt;Change type: source change&lt;br/&gt;By: &lt;span class=&quot;printuser&quot;&gt;&lt;a href=&quot;http://www.wikidot.com/user:info/jrpseudonym&quot; onclick=&quot;WIKIDOT.page.listeners.userInfo(22225); return false;&quot; &gt;JRPseudonym&lt;/a&gt;&lt;/span&gt;&lt;br/&gt;&lt;br/&gt;Page content preview: &lt;br/&gt;Stock Ships
Military


Class
Crew*
Cargo
Consumables
Emplacement Pts


Carrier
~256
38400&amp;nbsp;kg**
6 months
200


Dreadnought
~256
12800&amp;nbsp;kg
6 months
1600


Battleship
~128
6400&amp;nbsp;kg
6...</description>
				<pubDate>Thu, 16 Jul 2009 17:58:12 +0000</pubDate>
												<content:encoded>
					<![CDATA[
						Page: <a href="http://ffsaga.wikidot.com/ships">Ships</a> (ships)<br/>Current revision number: 10<br/>Date changed: Thu, 16 Jul 2009 17:58:12 +0000<br/>Change type: source change<br/>By: <span class="printuser"><a href="http://www.wikidot.com/user:info/jrpseudonym" onclick="WIKIDOT.page.listeners.userInfo(22225); return false;" >JRPseudonym</a></span><br/><br/>Page content preview: <br/>Stock Ships Military Class Crew* Cargo Consumables Emplacement Pts Carrier ~256 38400&nbsp;kg** 6 months 200 Dreadnought ~256 12800&nbsp;kg 6 months 1600 Battleship ~128 6400&nbsp;kg 6...
				 	]]>
				</content:encoded>							</item>
					<item>
				<guid>http://ffsaga.wikidot.com/ships#revision-10627481</guid>
				<title>&quot;Ships&quot; - source change</title>
				<link>http://ffsaga.wikidot.com/ships</link>
				<description>Page: &lt;a href=&quot;http://ffsaga.wikidot.com/ships&quot;&gt;Ships&lt;/a&gt; (ships)&lt;br/&gt;Current revision number: 9&lt;br/&gt;Date changed: Thu, 16 Jul 2009 17:56:35 +0000&lt;br/&gt;Change type: source change&lt;br/&gt;By: &lt;span class=&quot;printuser&quot;&gt;&lt;a href=&quot;http://www.wikidot.com/user:info/jrpseudonym&quot; onclick=&quot;WIKIDOT.page.listeners.userInfo(22225); return false;&quot; &gt;JRPseudonym&lt;/a&gt;&lt;/span&gt;&lt;br/&gt;&lt;br/&gt;Page content preview: &lt;br/&gt;Stock Ships
Military


Class
Crew*
Cargo
Consumables
Emplacement Pts


Carrier
~256
38400&amp;nbsp;kg**
6 months
200


Dreadnought
~256
12800&amp;nbsp;kg
6 months
1600


Battleship
~128
6400&amp;nbsp;kg
6...</description>
				<pubDate>Thu, 16 Jul 2009 17:56:35 +0000</pubDate>
												<content:encoded>
					<![CDATA[
						Page: <a href="http://ffsaga.wikidot.com/ships">Ships</a> (ships)<br/>Current revision number: 9<br/>Date changed: Thu, 16 Jul 2009 17:56:35 +0000<br/>Change type: source change<br/>By: <span class="printuser"><a href="http://www.wikidot.com/user:info/jrpseudonym" onclick="WIKIDOT.page.listeners.userInfo(22225); return false;" >JRPseudonym</a></span><br/><br/>Page content preview: <br/>Stock Ships Military Class Crew* Cargo Consumables Emplacement Pts Carrier ~256 38400&nbsp;kg** 6 months 200 Dreadnought ~256 12800&nbsp;kg 6 months 1600 Battleship ~128 6400&nbsp;kg 6...
				 	]]>
				</content:encoded>							</item>
					<item>
				<guid>http://ffsaga.wikidot.com/ships#revision-10627374</guid>
				<title>&quot;Ships&quot; - source change</title>
				<link>http://ffsaga.wikidot.com/ships</link>
				<description>Page: &lt;a href=&quot;http://ffsaga.wikidot.com/ships&quot;&gt;Ships&lt;/a&gt; (ships)&lt;br/&gt;Current revision number: 8&lt;br/&gt;Date changed: Thu, 16 Jul 2009 17:50:27 +0000&lt;br/&gt;Change type: source change&lt;br/&gt;By: &lt;span class=&quot;printuser&quot;&gt;&lt;a href=&quot;http://www.wikidot.com/user:info/jrpseudonym&quot; onclick=&quot;WIKIDOT.page.listeners.userInfo(22225); return false;&quot; &gt;JRPseudonym&lt;/a&gt;&lt;/span&gt;&lt;br/&gt;&lt;br/&gt;Page content preview: &lt;br/&gt;Stock Ships
Military


Class
Crew*
Cargo
Consumables
Emplacement Pts


Carrier
~256
38400&amp;nbsp;kg**
6 months
200


Dreadnought
~256
12800&amp;nbsp;kg
6 months
1600


Battleship
~128
6400&amp;nbsp;kg
6...</description>
				<pubDate>Thu, 16 Jul 2009 17:50:27 +0000</pubDate>
												<content:encoded>
					<![CDATA[
						Page: <a href="http://ffsaga.wikidot.com/ships">Ships</a> (ships)<br/>Current revision number: 8<br/>Date changed: Thu, 16 Jul 2009 17:50:27 +0000<br/>Change type: source change<br/>By: <span class="printuser"><a href="http://www.wikidot.com/user:info/jrpseudonym" onclick="WIKIDOT.page.listeners.userInfo(22225); return false;" >JRPseudonym</a></span><br/><br/>Page content preview: <br/>Stock Ships Military Class Crew* Cargo Consumables Emplacement Pts Carrier ~256 38400&nbsp;kg** 6 months 200 Dreadnought ~256 12800&nbsp;kg 6 months 1600 Battleship ~128 6400&nbsp;kg 6...
				 	]]>
				</content:encoded>							</item>
					<item>
				<guid>http://ffsaga.wikidot.com/ships#revision-10620971</guid>
				<title>&quot;Ships&quot; - source change</title>
				<link>http://ffsaga.wikidot.com/ships</link>
				<description>Page: &lt;a href=&quot;http://ffsaga.wikidot.com/ships&quot;&gt;Ships&lt;/a&gt; (ships)&lt;br/&gt;Current revision number: 7&lt;br/&gt;Date changed: Thu, 16 Jul 2009 09:22:41 +0000&lt;br/&gt;Change type: source change&lt;br/&gt;By: &lt;span class=&quot;printuser&quot;&gt;&lt;a href=&quot;http://www.wikidot.com/user:info/jrpseudonym&quot; onclick=&quot;WIKIDOT.page.listeners.userInfo(22225); return false;&quot; &gt;JRPseudonym&lt;/a&gt;&lt;/span&gt;&lt;br/&gt;&lt;br/&gt;Page content preview: &lt;br/&gt;Stock Ships
Military


Class
Crew*
Cargo
Consumables
Emplacement Pts


Carrier
~256
38400&amp;nbsp;kg**
6 months
200


Dreadnought
~256
12800&amp;nbsp;kg
6 months
1600


Battleship
~128
6400&amp;nbsp;kg
6...</description>
				<pubDate>Thu, 16 Jul 2009 09:22:41 +0000</pubDate>
												<content:encoded>
					<![CDATA[
						Page: <a href="http://ffsaga.wikidot.com/ships">Ships</a> (ships)<br/>Current revision number: 7<br/>Date changed: Thu, 16 Jul 2009 09:22:41 +0000<br/>Change type: source change<br/>By: <span class="printuser"><a href="http://www.wikidot.com/user:info/jrpseudonym" onclick="WIKIDOT.page.listeners.userInfo(22225); return false;" >JRPseudonym</a></span><br/><br/>Page content preview: <br/>Stock Ships Military Class Crew* Cargo Consumables Emplacement Pts Carrier ~256 38400&nbsp;kg** 6 months 200 Dreadnought ~256 12800&nbsp;kg 6 months 1600 Battleship ~128 6400&nbsp;kg 6...
				 	]]>
				</content:encoded>							</item>
					<item>
				<guid>http://ffsaga.wikidot.com/skills#revision-6352614</guid>
				<title>&quot;Skills&quot; - source change</title>
				<link>http://ffsaga.wikidot.com/skills</link>
				<description>Page: &lt;a href=&quot;http://ffsaga.wikidot.com/skills&quot;&gt;Skills&lt;/a&gt; (skills)&lt;br/&gt;Current revision number: 50&lt;br/&gt;Date changed: Thu, 16 Oct 2008 20:24:32 +0000&lt;br/&gt;Change type: source change&lt;br/&gt;By: &lt;span class=&quot;printuser&quot;&gt;&lt;a href=&quot;http://www.wikidot.com/user:info/jrpseudonym&quot; onclick=&quot;WIKIDOT.page.listeners.userInfo(22225); return false;&quot; &gt;JRPseudonym&lt;/a&gt;&lt;/span&gt;&lt;br/&gt;&lt;br/&gt;Page content preview: &lt;br/&gt;Acrobatics
Athletics
Deception
Gather Information
Initiative


Knowledge
Perception
Perform
Persuasion
Pilot


Ride
Spellcraft
Stealth
Survival
Technology


Treat Injury






Acrobatics
Armor...</description>
				<pubDate>Thu, 16 Oct 2008 20:24:32 +0000</pubDate>
												<content:encoded>
					<![CDATA[
						Page: <a href="http://ffsaga.wikidot.com/skills">Skills</a> (skills)<br/>Current revision number: 50<br/>Date changed: Thu, 16 Oct 2008 20:24:32 +0000<br/>Change type: source change<br/>By: <span class="printuser"><a href="http://www.wikidot.com/user:info/jrpseudonym" onclick="WIKIDOT.page.listeners.userInfo(22225); return false;" >JRPseudonym</a></span><br/><br/>Page content preview: <br/>Acrobatics Athletics Deception Gather Information Initiative Knowledge Perception Perform Persuasion Pilot Ride Spellcraft Stealth Survival Technology Treat Injury Acrobatics Armor...
				 	]]>
				</content:encoded>							</item>
					<item>
				<guid>http://ffsaga.wikidot.com/ships#revision-6207584</guid>
				<title>&quot;Ships&quot; - source change</title>
				<link>http://ffsaga.wikidot.com/ships</link>
				<description>Page: &lt;a href=&quot;http://ffsaga.wikidot.com/ships&quot;&gt;Ships&lt;/a&gt; (ships)&lt;br/&gt;Current revision number: 6&lt;br/&gt;Date changed: Tue, 07 Oct 2008 02:10:54 +0000&lt;br/&gt;Change type: source change&lt;br/&gt;By: &lt;span class=&quot;printuser&quot;&gt;&lt;a href=&quot;http://www.wikidot.com/user:info/jrpseudonym&quot; onclick=&quot;WIKIDOT.page.listeners.userInfo(22225); return false;&quot; &gt;JRPseudonym&lt;/a&gt;&lt;/span&gt;&lt;br/&gt;&lt;br/&gt;Page content preview: &lt;br/&gt;Stock Ships
Military


Class
Crew*
Cargo
Consumables
Emplacement Pts


Carrier
~256
38400&amp;nbsp;kg**
6 months
200


Dreadnought
~256
12800&amp;nbsp;kg
6 months
1600


Battleship
~128
6400&amp;nbsp;kg
6...</description>
				<pubDate>Tue, 07 Oct 2008 02:10:54 +0000</pubDate>
												<content:encoded>
					<![CDATA[
						Page: <a href="http://ffsaga.wikidot.com/ships">Ships</a> (ships)<br/>Current revision number: 6<br/>Date changed: Tue, 07 Oct 2008 02:10:54 +0000<br/>Change type: source change<br/>By: <span class="printuser"><a href="http://www.wikidot.com/user:info/jrpseudonym" onclick="WIKIDOT.page.listeners.userInfo(22225); return false;" >JRPseudonym</a></span><br/><br/>Page content preview: <br/>Stock Ships Military Class Crew* Cargo Consumables Emplacement Pts Carrier ~256 38400&nbsp;kg** 6 months 200 Dreadnought ~256 12800&nbsp;kg 6 months 1600 Battleship ~128 6400&nbsp;kg 6...
				 	]]>
				</content:encoded>							</item>
					<item>
				<guid>http://ffsaga.wikidot.com/ships#revision-6154199</guid>
				<title>&quot;Ships&quot; - source change</title>
				<link>http://ffsaga.wikidot.com/ships</link>
				<description>Page: &lt;a href=&quot;http://ffsaga.wikidot.com/ships&quot;&gt;Ships&lt;/a&gt; (ships)&lt;br/&gt;Current revision number: 5&lt;br/&gt;Date changed: Fri, 03 Oct 2008 04:07:47 +0000&lt;br/&gt;Change type: source change&lt;br/&gt;By: &lt;span class=&quot;printuser&quot;&gt;&lt;a href=&quot;http://www.wikidot.com/user:info/jrpseudonym&quot; onclick=&quot;WIKIDOT.page.listeners.userInfo(22225); return false;&quot; &gt;JRPseudonym&lt;/a&gt;&lt;/span&gt;&lt;br/&gt;&lt;br/&gt;Page content preview: &lt;br/&gt;Stock Ships
Military


Class
Crew*
Cargo
Consumables
Emplacement Pts


Carrier
~256
38400&amp;nbsp;kg**
6 months
200


Dreadnought
~256
12800&amp;nbsp;kg
6 months
1600


Battleship
~128
6400&amp;nbsp;kg
6...</description>
				<pubDate>Fri, 03 Oct 2008 04:07:47 +0000</pubDate>
												<content:encoded>
					<![CDATA[
						Page: <a href="http://ffsaga.wikidot.com/ships">Ships</a> (ships)<br/>Current revision number: 5<br/>Date changed: Fri, 03 Oct 2008 04:07:47 +0000<br/>Change type: source change<br/>By: <span class="printuser"><a href="http://www.wikidot.com/user:info/jrpseudonym" onclick="WIKIDOT.page.listeners.userInfo(22225); return false;" >JRPseudonym</a></span><br/><br/>Page content preview: <br/>Stock Ships Military Class Crew* Cargo Consumables Emplacement Pts Carrier ~256 38400&nbsp;kg** 6 months 200 Dreadnought ~256 12800&nbsp;kg 6 months 1600 Battleship ~128 6400&nbsp;kg 6...
				 	]]>
				</content:encoded>							</item>
				</channel>
</rss>