<?xml version="1.0" encoding="UTF-8" ?>
<rss version="2.0" xmlns:content="http://purl.org/rss/1.0/modules/content/" xmlns:wikidot="http://www.wikidot.com/rss-namespace">

	<channel>
		<title>Recent page changes from site &quot;ZODIAC Final Fantasy RPG&quot; (a Wikidot site)</title>
		<link>http://zodiac-ffrpg.wikidot.com</link>
		<description></description>
				<copyright></copyright>
		<lastBuildDate>Thu, 18 Feb 2021 21:32:29 +0000</lastBuildDate>
		
					<item>
				<guid>http://zodiac-ffrpg.wikidot.com/core-rules-updated#revision-981873054</guid>
				<title>&quot;Core Rules (Updated!)&quot; - source change</title>
				<link>http://zodiac-ffrpg.wikidot.com/core-rules-updated</link>
				<description>Page: &lt;a href=&quot;http://zodiac-ffrpg.wikidot.com/core-rules-updated&quot;&gt;Core Rules (Updated!)&lt;/a&gt; (core-rules-updated)&lt;br/&gt;Current revision number: 6&lt;br/&gt;Date changed: Sat, 16 Nov 2019 14:44:16 +0000&lt;br/&gt;Change type: source change&lt;br/&gt;By: &lt;span class=&quot;printuser&quot;&gt;&lt;a href=&quot;http://www.wikidot.com/user:info/dfroggotten1&quot; onclick=&quot;WIKIDOT.page.listeners.userInfo(498563); return false;&quot; &gt;DFroGGotten1&lt;/a&gt;&lt;/span&gt;&lt;br/&gt;&lt;br/&gt;Page content preview: &lt;br/&gt;Core Rules (updated tabs)





Character Creation
Tech Creation
Blue Magic
Secondary Skills
Equipment Creation
Combat in ZODIAC
Monster Creation
Summon Creation (NEW!)
Glossary
Level Advancement...</description>
				<pubDate>Sat, 16 Nov 2019 14:44:16 +0000</pubDate>
												<content:encoded>
					<![CDATA[
						Page: <a href="http://zodiac-ffrpg.wikidot.com/core-rules-updated">Core Rules (Updated!)</a> (core-rules-updated)<br/>Current revision number: 6<br/>Date changed: Sat, 16 Nov 2019 14:44:16 +0000<br/>Change type: source change<br/>By: <span class="printuser"><a href="http://www.wikidot.com/user:info/dfroggotten1" onclick="WIKIDOT.page.listeners.userInfo(498563); return false;" >DFroGGotten1</a></span><br/><br/>Page content preview: <br/>Core Rules (updated tabs) Character Creation Tech Creation Blue Magic Secondary Skills Equipment Creation Combat in ZODIAC Monster Creation Summon Creation (NEW!) Glossary Level Advancement...
				 	]]>
				</content:encoded>							</item>
					<item>
				<guid>http://zodiac-ffrpg.wikidot.com/core-rules-updated#revision-981868976</guid>
				<title>&quot;Core Rules (Updated!)&quot; - source change</title>
				<link>http://zodiac-ffrpg.wikidot.com/core-rules-updated</link>
				<description>Page: &lt;a href=&quot;http://zodiac-ffrpg.wikidot.com/core-rules-updated&quot;&gt;Core Rules (Updated!)&lt;/a&gt; (core-rules-updated)&lt;br/&gt;Current revision number: 5&lt;br/&gt;Date changed: Sat, 16 Nov 2019 14:42:24 +0000&lt;br/&gt;Change type: source change&lt;br/&gt;By: &lt;span class=&quot;printuser&quot;&gt;&lt;a href=&quot;http://www.wikidot.com/user:info/dfroggotten1&quot; onclick=&quot;WIKIDOT.page.listeners.userInfo(498563); return false;&quot; &gt;DFroGGotten1&lt;/a&gt;&lt;/span&gt;&lt;br/&gt;&lt;br/&gt;Page content preview: &lt;br/&gt;Core Rules (updated tabs)





Character Creation
Tech Creation
Blue Magic
Secondary Skills
Equipment Creation
Combat in ZODIAC
Monster Creation
Summon Creation (NEW!)
Glossary
Level Advancement...</description>
				<pubDate>Sat, 16 Nov 2019 14:42:24 +0000</pubDate>
												<content:encoded>
					<![CDATA[
						Page: <a href="http://zodiac-ffrpg.wikidot.com/core-rules-updated">Core Rules (Updated!)</a> (core-rules-updated)<br/>Current revision number: 5<br/>Date changed: Sat, 16 Nov 2019 14:42:24 +0000<br/>Change type: source change<br/>By: <span class="printuser"><a href="http://www.wikidot.com/user:info/dfroggotten1" onclick="WIKIDOT.page.listeners.userInfo(498563); return false;" >DFroGGotten1</a></span><br/><br/>Page content preview: <br/>Core Rules (updated tabs) Character Creation Tech Creation Blue Magic Secondary Skills Equipment Creation Combat in ZODIAC Monster Creation Summon Creation (NEW!) Glossary Level Advancement...
				 	]]>
				</content:encoded>							</item>
					<item>
				<guid>http://zodiac-ffrpg.wikidot.com/core-rules-updated#revision-981864464</guid>
				<title>&quot;Core Rules (Updated!)&quot; - source change</title>
				<link>http://zodiac-ffrpg.wikidot.com/core-rules-updated</link>
				<description>Page: &lt;a href=&quot;http://zodiac-ffrpg.wikidot.com/core-rules-updated&quot;&gt;Core Rules (Updated!)&lt;/a&gt; (core-rules-updated)&lt;br/&gt;Current revision number: 4&lt;br/&gt;Date changed: Sat, 16 Nov 2019 14:40:21 +0000&lt;br/&gt;Change type: source change&lt;br/&gt;By: &lt;span class=&quot;printuser&quot;&gt;&lt;a href=&quot;http://www.wikidot.com/user:info/dfroggotten1&quot; onclick=&quot;WIKIDOT.page.listeners.userInfo(498563); return false;&quot; &gt;DFroGGotten1&lt;/a&gt;&lt;/span&gt;&lt;br/&gt;&lt;br/&gt;Page content preview: &lt;br/&gt;Core Rules (updated tabs)





Character Creation
Tech Creation
Blue Magic
Secondary Skills
Equipment Creation
Combat in ZODIAC
Monster Creation
Summon Creation (NEW!)
Glossary
Level Advancement...</description>
				<pubDate>Sat, 16 Nov 2019 14:40:21 +0000</pubDate>
												<content:encoded>
					<![CDATA[
						Page: <a href="http://zodiac-ffrpg.wikidot.com/core-rules-updated">Core Rules (Updated!)</a> (core-rules-updated)<br/>Current revision number: 4<br/>Date changed: Sat, 16 Nov 2019 14:40:21 +0000<br/>Change type: source change<br/>By: <span class="printuser"><a href="http://www.wikidot.com/user:info/dfroggotten1" onclick="WIKIDOT.page.listeners.userInfo(498563); return false;" >DFroGGotten1</a></span><br/><br/>Page content preview: <br/>Core Rules (updated tabs) Character Creation Tech Creation Blue Magic Secondary Skills Equipment Creation Combat in ZODIAC Monster Creation Summon Creation (NEW!) Glossary Level Advancement...
				 	]]>
				</content:encoded>							</item>
					<item>
				<guid>http://zodiac-ffrpg.wikidot.com/start#revision-981861716</guid>
				<title>&quot;Welcome Page&quot; - source change</title>
				<link>http://zodiac-ffrpg.wikidot.com/start</link>
				<description>Page: &lt;a href=&quot;http://zodiac-ffrpg.wikidot.com/start&quot;&gt;Welcome Page&lt;/a&gt; (start)&lt;br/&gt;Current revision number: 42&lt;br/&gt;Date changed: Sat, 16 Nov 2019 14:35:58 +0000&lt;br/&gt;Change type: source change&lt;br/&gt;By: &lt;span class=&quot;printuser&quot;&gt;&lt;a href=&quot;http://www.wikidot.com/user:info/dfroggotten1&quot; onclick=&quot;WIKIDOT.page.listeners.userInfo(498563); return false;&quot; &gt;DFroGGotten1&lt;/a&gt;&lt;/span&gt;&lt;br/&gt;&lt;br/&gt;Page content preview: &lt;br/&gt;UPDATE: DUE TO RECENT SPAM, YOU MUST PROVIDE THE PASSWORD &amp;quot;Asterion&amp;quot; IF YOU WISH TO JOIN
BIG NEWS
ZODIAC FFRPG 4th edition is in development! (Agent Boogeyman&#039;s note: Or at least a huge...</description>
				<pubDate>Sat, 16 Nov 2019 14:35:58 +0000</pubDate>
												<content:encoded>
					<![CDATA[
						Page: <a href="http://zodiac-ffrpg.wikidot.com/start">Welcome Page</a> (start)<br/>Current revision number: 42<br/>Date changed: Sat, 16 Nov 2019 14:35:58 +0000<br/>Change type: source change<br/>By: <span class="printuser"><a href="http://www.wikidot.com/user:info/dfroggotten1" onclick="WIKIDOT.page.listeners.userInfo(498563); return false;" >DFroGGotten1</a></span><br/><br/>Page content preview: <br/>UPDATE: DUE TO RECENT SPAM, YOU MUST PROVIDE THE PASSWORD &quot;Asterion&quot; IF YOU WISH TO JOIN BIG NEWS ZODIAC FFRPG 4th edition is in development! (Agent Boogeyman's note: Or at least a huge...
				 	]]>
				</content:encoded>							</item>
					<item>
				<guid>http://zodiac-ffrpg.wikidot.com/black-mage#revision-981860748</guid>
				<title>&quot;Black Mage&quot; - source change</title>
				<link>http://zodiac-ffrpg.wikidot.com/black-mage</link>
				<description>Page: &lt;a href=&quot;http://zodiac-ffrpg.wikidot.com/black-mage&quot;&gt;Black Mage&lt;/a&gt; (black-mage)&lt;br/&gt;Current revision number: 4&lt;br/&gt;Date changed: Sat, 16 Nov 2019 14:34:42 +0000&lt;br/&gt;Change type: source change&lt;br/&gt;By: &lt;span class=&quot;printuser&quot;&gt;&lt;a href=&quot;http://www.wikidot.com/user:info/dfroggotten1&quot; onclick=&quot;WIKIDOT.page.listeners.userInfo(498563); return false;&quot; &gt;DFroGGotten1&lt;/a&gt;&lt;/span&gt;&lt;br/&gt;&lt;br/&gt;Page content preview: &lt;br/&gt;BLACK MAGE



STR
Low


MAG
High


VIT
Low


SPR
Above Average


AGI
Below Average




Command
X-Magic


Support
Magic Up




Weapon
Rods or Staves (1P/5M), or Daggers (2P/4M)


Armor
Robes...</description>
				<pubDate>Sat, 16 Nov 2019 14:34:42 +0000</pubDate>
												<content:encoded>
					<![CDATA[
						Page: <a href="http://zodiac-ffrpg.wikidot.com/black-mage">Black Mage</a> (black-mage)<br/>Current revision number: 4<br/>Date changed: Sat, 16 Nov 2019 14:34:42 +0000<br/>Change type: source change<br/>By: <span class="printuser"><a href="http://www.wikidot.com/user:info/dfroggotten1" onclick="WIKIDOT.page.listeners.userInfo(498563); return false;" >DFroGGotten1</a></span><br/><br/>Page content preview: <br/>BLACK MAGE STR Low MAG High VIT Low SPR Above Average AGI Below Average Command X-Magic Support Magic Up Weapon Rods or Staves (1P/5M), or Daggers (2P/4M) Armor Robes...
				 	]]>
				</content:encoded>							</item>
					<item>
				<guid>http://zodiac-ffrpg.wikidot.com/class-builds#revision-981859032</guid>
				<title>&quot;Class Builds&quot; - source change</title>
				<link>http://zodiac-ffrpg.wikidot.com/class-builds</link>
				<description>Page: &lt;a href=&quot;http://zodiac-ffrpg.wikidot.com/class-builds&quot;&gt;Class Builds&lt;/a&gt; (class-builds)&lt;br/&gt;Current revision number: 21&lt;br/&gt;Date changed: Sat, 16 Nov 2019 14:34:02 +0000&lt;br/&gt;Change type: source change&lt;br/&gt;By: &lt;span class=&quot;printuser&quot;&gt;&lt;a href=&quot;http://www.wikidot.com/user:info/dfroggotten1&quot; onclick=&quot;WIKIDOT.page.listeners.userInfo(498563); return false;&quot; &gt;DFroGGotten1&lt;/a&gt;&lt;/span&gt;&lt;br/&gt;&lt;br/&gt;Page content preview: &lt;br/&gt;NOTE: We will be adding sections for Classes created with the 4th Edition rules when they are ready. To save any confusion, each Class Build will have a 3rd edition version and a 4th edition...</description>
				<pubDate>Sat, 16 Nov 2019 14:34:02 +0000</pubDate>
												<content:encoded>
					<![CDATA[
						Page: <a href="http://zodiac-ffrpg.wikidot.com/class-builds">Class Builds</a> (class-builds)<br/>Current revision number: 21<br/>Date changed: Sat, 16 Nov 2019 14:34:02 +0000<br/>Change type: source change<br/>By: <span class="printuser"><a href="http://www.wikidot.com/user:info/dfroggotten1" onclick="WIKIDOT.page.listeners.userInfo(498563); return false;" >DFroGGotten1</a></span><br/><br/>Page content preview: <br/>NOTE: We will be adding sections for Classes created with the 4th Edition rules when they are ready. To save any confusion, each Class Build will have a 3rd edition version and a 4th edition...
				 	]]>
				</content:encoded>							</item>
					<item>
				<guid>http://zodiac-ffrpg.wikidot.com/start#revision-893017626</guid>
				<title>&quot;Welcome Page&quot; - source change</title>
				<link>http://zodiac-ffrpg.wikidot.com/start</link>
				<description>Page: &lt;a href=&quot;http://zodiac-ffrpg.wikidot.com/start&quot;&gt;Welcome Page&lt;/a&gt; (start)&lt;br/&gt;Current revision number: 41&lt;br/&gt;Date changed: Fri, 26 Jul 2019 00:01:55 +0000&lt;br/&gt;Change type: source change&lt;br/&gt;By: &lt;span class=&quot;printuser&quot;&gt;&lt;a href=&quot;http://www.wikidot.com/user:info/agent-boogeyman&quot; onclick=&quot;WIKIDOT.page.listeners.userInfo(502823); return false;&quot; &gt;Agent Boogeyman&lt;/a&gt;&lt;/span&gt;&lt;br/&gt;&lt;br/&gt;Page content preview: &lt;br/&gt;UPDATE: DUE TO RECENT SPAM, YOU MUST PROVIDE THE PASSWORD &amp;quot;Asterion&amp;quot; IF YOU WISH TO JOIN
BIG NEWS
ZODIAC FFRPG 4th edition is in development! (Agent Boogeyman&#039;s note: Or at least a huge...</description>
				<pubDate>Fri, 26 Jul 2019 00:01:55 +0000</pubDate>
												<content:encoded>
					<![CDATA[
						Page: <a href="http://zodiac-ffrpg.wikidot.com/start">Welcome Page</a> (start)<br/>Current revision number: 41<br/>Date changed: Fri, 26 Jul 2019 00:01:55 +0000<br/>Change type: source change<br/>By: <span class="printuser"><a href="http://www.wikidot.com/user:info/agent-boogeyman" onclick="WIKIDOT.page.listeners.userInfo(502823); return false;" >Agent Boogeyman</a></span><br/><br/>Page content preview: <br/>UPDATE: DUE TO RECENT SPAM, YOU MUST PROVIDE THE PASSWORD &quot;Asterion&quot; IF YOU WISH TO JOIN BIG NEWS ZODIAC FFRPG 4th edition is in development! (Agent Boogeyman's note: Or at least a huge...
				 	]]>
				</content:encoded>							</item>
					<item>
				<guid>http://zodiac-ffrpg.wikidot.com/companion#revision-893017559</guid>
				<title>&quot;Animal Companions&quot; - source change, title change</title>
				<link>http://zodiac-ffrpg.wikidot.com/companion</link>
				<description>Page: &lt;a href=&quot;http://zodiac-ffrpg.wikidot.com/companion&quot;&gt;Animal Companions&lt;/a&gt; (companion)&lt;br/&gt;Current revision number: 2&lt;br/&gt;Date changed: Thu, 25 Jul 2019 23:49:55 +0000&lt;br/&gt;Change type: source change, title change&lt;br/&gt;Change comments: You successfully reverted the page to revision number 0&lt;br/&gt;By: &lt;span class=&quot;printuser&quot;&gt;&lt;a href=&quot;http://www.wikidot.com/user:info/agent-boogeyman&quot; onclick=&quot;WIKIDOT.page.listeners.userInfo(502823); return false;&quot; &gt;Agent Boogeyman&lt;/a&gt;&lt;/span&gt;&lt;br/&gt;&lt;br/&gt;Page content preview: &lt;br/&gt;NORMAL POOL / ARTIFACT POOL: 10 / 5
Probably the only soft side one might ever see in a Dark Blue Mage.
The cowboy archetype often only bonds with his companion. As for the feral warrior archetype,...</description>
				<pubDate>Thu, 25 Jul 2019 23:49:55 +0000</pubDate>
												<content:encoded>
					<![CDATA[
						Page: <a href="http://zodiac-ffrpg.wikidot.com/companion">Animal Companions</a> (companion)<br/>Current revision number: 2<br/>Date changed: Thu, 25 Jul 2019 23:49:55 +0000<br/>Change type: source change, title change<br/>Change comments: You successfully reverted the page to revision number 0<br/>By: <span class="printuser"><a href="http://www.wikidot.com/user:info/agent-boogeyman" onclick="WIKIDOT.page.listeners.userInfo(502823); return false;" >Agent Boogeyman</a></span><br/><br/>Page content preview: <br/>NORMAL POOL / ARTIFACT POOL: 10 / 5 Probably the only soft side one might ever see in a Dark Blue Mage. The cowboy archetype often only bonds with his companion. As for the feral warrior archetype,...
				 	]]>
				</content:encoded>							</item>
					<item>
				<guid>http://zodiac-ffrpg.wikidot.com/start#revision-893017547</guid>
				<title>&quot;Welcome Page&quot; - source change, title change</title>
				<link>http://zodiac-ffrpg.wikidot.com/start</link>
				<description>Page: &lt;a href=&quot;http://zodiac-ffrpg.wikidot.com/start&quot;&gt;Welcome Page&lt;/a&gt; (start)&lt;br/&gt;Current revision number: 40&lt;br/&gt;Date changed: Thu, 25 Jul 2019 23:47:14 +0000&lt;br/&gt;Change type: source change, title change&lt;br/&gt;Change comments: You successfully reverted the page to revision number 38&lt;br/&gt;By: &lt;span class=&quot;printuser&quot;&gt;&lt;a href=&quot;http://www.wikidot.com/user:info/agent-boogeyman&quot; onclick=&quot;WIKIDOT.page.listeners.userInfo(502823); return false;&quot; &gt;Agent Boogeyman&lt;/a&gt;&lt;/span&gt;&lt;br/&gt;&lt;br/&gt;Page content preview: &lt;br/&gt;UPDATE: DUE TO RECENT SPAM, YOU MUST PROVIDE THE PASSWORD &amp;quot;Asterion&amp;quot; IF YOU WISH TO JOIN
BIG NEWS
ZODIAC FFRPG 4th edition is in development! (Agent Boogeyman&#039;s note: Or at least a huge...</description>
				<pubDate>Thu, 25 Jul 2019 23:47:14 +0000</pubDate>
												<content:encoded>
					<![CDATA[
						Page: <a href="http://zodiac-ffrpg.wikidot.com/start">Welcome Page</a> (start)<br/>Current revision number: 40<br/>Date changed: Thu, 25 Jul 2019 23:47:14 +0000<br/>Change type: source change, title change<br/>Change comments: You successfully reverted the page to revision number 38<br/>By: <span class="printuser"><a href="http://www.wikidot.com/user:info/agent-boogeyman" onclick="WIKIDOT.page.listeners.userInfo(502823); return false;" >Agent Boogeyman</a></span><br/><br/>Page content preview: <br/>UPDATE: DUE TO RECENT SPAM, YOU MUST PROVIDE THE PASSWORD &quot;Asterion&quot; IF YOU WISH TO JOIN BIG NEWS ZODIAC FFRPG 4th edition is in development! (Agent Boogeyman's note: Or at least a huge...
				 	]]>
				</content:encoded>							</item>
					<item>
				<guid>http://zodiac-ffrpg.wikidot.com/start#revision-892829480</guid>
				<title>&quot;Welcome Page&quot; - source change, title change</title>
				<link>http://zodiac-ffrpg.wikidot.com/start</link>
				<description>Page: &lt;a href=&quot;http://zodiac-ffrpg.wikidot.com/start&quot;&gt;Welcome Page&lt;/a&gt; (start)&lt;br/&gt;Current revision number: 39&lt;br/&gt;Date changed: Wed, 24 Jul 2019 01:18:24 +0000&lt;br/&gt;Change type: source change, title change&lt;br/&gt;By: &lt;span class=&quot;printuser&quot;&gt;&lt;a href=&quot;http://www.wikidot.com/user:info/utuevfl169&quot; onclick=&quot;WIKIDOT.page.listeners.userInfo(3586959); return false;&quot; &gt;utuevfl169&lt;/a&gt;&lt;/span&gt;&lt;br/&gt;&lt;br/&gt;Page content preview: &lt;br/&gt;UPDATE: DUE TO RECENT SPAM, YOU MUST PROVIDE THE PASSWORD &amp;quot;Asterion&amp;quot; IF YOU WISH TO JOIN
BIG NEWS
ZODIAC FFRPG 4th edition is in development! (Agent Boogeyman&#039;s note: Or at least a huge...</description>
				<pubDate>Wed, 24 Jul 2019 01:18:24 +0000</pubDate>
												<content:encoded>
					<![CDATA[
						Page: <a href="http://zodiac-ffrpg.wikidot.com/start">Welcome Page</a> (start)<br/>Current revision number: 39<br/>Date changed: Wed, 24 Jul 2019 01:18:24 +0000<br/>Change type: source change, title change<br/>By: <span class="printuser"><a href="http://www.wikidot.com/user:info/utuevfl169" onclick="WIKIDOT.page.listeners.userInfo(3586959); return false;" >utuevfl169</a></span><br/><br/>Page content preview: <br/>UPDATE: DUE TO RECENT SPAM, YOU MUST PROVIDE THE PASSWORD &quot;Asterion&quot; IF YOU WISH TO JOIN BIG NEWS ZODIAC FFRPG 4th edition is in development! (Agent Boogeyman's note: Or at least a huge...
				 	]]>
				</content:encoded>							</item>
					<item>
				<guid>http://zodiac-ffrpg.wikidot.com/companion#revision-892829460</guid>
				<title>&quot;Animal Companions&quot; - source change, title change</title>
				<link>http://zodiac-ffrpg.wikidot.com/companion</link>
				<description>Page: &lt;a href=&quot;http://zodiac-ffrpg.wikidot.com/companion&quot;&gt;Animal Companions&lt;/a&gt; (companion)&lt;br/&gt;Current revision number: 1&lt;br/&gt;Date changed: Wed, 24 Jul 2019 01:16:04 +0000&lt;br/&gt;Change type: source change, title change&lt;br/&gt;By: &lt;span class=&quot;printuser&quot;&gt;&lt;a href=&quot;http://www.wikidot.com/user:info/utuevfl169&quot; onclick=&quot;WIKIDOT.page.listeners.userInfo(3586959); return false;&quot; &gt;utuevfl169&lt;/a&gt;&lt;/span&gt;&lt;br/&gt;&lt;br/&gt;Page content preview: &lt;br/&gt;NORMAL POOL / ARTIFACT POOL: 10 / 5
Probably the only soft side one might ever see in a Dark Blue Mage.
The cowboy archetype often only bonds with his companion. As for the feral warrior archetype,...</description>
				<pubDate>Wed, 24 Jul 2019 01:16:04 +0000</pubDate>
												<content:encoded>
					<![CDATA[
						Page: <a href="http://zodiac-ffrpg.wikidot.com/companion">Animal Companions</a> (companion)<br/>Current revision number: 1<br/>Date changed: Wed, 24 Jul 2019 01:16:04 +0000<br/>Change type: source change, title change<br/>By: <span class="printuser"><a href="http://www.wikidot.com/user:info/utuevfl169" onclick="WIKIDOT.page.listeners.userInfo(3586959); return false;" >utuevfl169</a></span><br/><br/>Page content preview: <br/>NORMAL POOL / ARTIFACT POOL: 10 / 5 Probably the only soft side one might ever see in a Dark Blue Mage. The cowboy archetype often only bonds with his companion. As for the feral warrior archetype,...
				 	]]>
				</content:encoded>							</item>
					<item>
				<guid>http://zodiac-ffrpg.wikidot.com/contact#revision-574381176</guid>
				<title>&quot;Contact&quot; - source change</title>
				<link>http://zodiac-ffrpg.wikidot.com/contact</link>
				<description>Page: &lt;a href=&quot;http://zodiac-ffrpg.wikidot.com/contact&quot;&gt;Contact&lt;/a&gt; (contact)&lt;br/&gt;Current revision number: 4&lt;br/&gt;Date changed: Mon, 07 Jan 2019 03:35:07 +0000&lt;br/&gt;Change type: source change&lt;br/&gt;By: &lt;span class=&quot;printuser&quot;&gt;&lt;a href=&quot;http://www.wikidot.com/user:info/agent-boogeyman&quot; onclick=&quot;WIKIDOT.page.listeners.userInfo(502823); return false;&quot; &gt;Agent Boogeyman&lt;/a&gt;&lt;/span&gt;&lt;br/&gt;&lt;br/&gt;Page content preview: &lt;br/&gt;Have questions? Well send me something about them, And I&#039;ll answer them to the best of my ability.
Email : moc.oohay|ggorfgibeht#moc.oohay|ggorfgibeht
Skype: dfroggotten1
I&#039;ll prefer the Instant...</description>
				<pubDate>Mon, 07 Jan 2019 03:35:07 +0000</pubDate>
												<content:encoded>
					<![CDATA[
						Page: <a href="http://zodiac-ffrpg.wikidot.com/contact">Contact</a> (contact)<br/>Current revision number: 4<br/>Date changed: Mon, 07 Jan 2019 03:35:07 +0000<br/>Change type: source change<br/>By: <span class="printuser"><a href="http://www.wikidot.com/user:info/agent-boogeyman" onclick="WIKIDOT.page.listeners.userInfo(502823); return false;" >Agent Boogeyman</a></span><br/><br/>Page content preview: <br/>Have questions? Well send me something about them, And I'll answer them to the best of my ability. Email : moc.oohay|ggorfgibeht#moc.oohay|ggorfgibeht Skype: dfroggotten1 I'll prefer the Instant...
				 	]]>
				</content:encoded>							</item>
					<item>
				<guid>http://zodiac-ffrpg.wikidot.com/class-builds#revision-570353743</guid>
				<title>&quot;Class Builds&quot; - source change, title change</title>
				<link>http://zodiac-ffrpg.wikidot.com/class-builds</link>
				<description>Page: &lt;a href=&quot;http://zodiac-ffrpg.wikidot.com/class-builds&quot;&gt;Class Builds&lt;/a&gt; (class-builds)&lt;br/&gt;Current revision number: 20&lt;br/&gt;Date changed: Sun, 06 Jan 2019 04:12:17 +0000&lt;br/&gt;Change type: source change, title change&lt;br/&gt;By: &lt;span class=&quot;printuser&quot;&gt;&lt;a href=&quot;http://www.wikidot.com/user:info/agent-boogeyman&quot; onclick=&quot;WIKIDOT.page.listeners.userInfo(502823); return false;&quot; &gt;Agent Boogeyman&lt;/a&gt;&lt;/span&gt;&lt;br/&gt;&lt;br/&gt;Page content preview: &lt;br/&gt;NOTE: We will be adding sections for Classes created with the 4th Edition rules when they are ready. To save any confusion, each Class Build will have a 3rd edition version and a 4th edition...</description>
				<pubDate>Sun, 06 Jan 2019 04:12:17 +0000</pubDate>
												<content:encoded>
					<![CDATA[
						Page: <a href="http://zodiac-ffrpg.wikidot.com/class-builds">Class Builds</a> (class-builds)<br/>Current revision number: 20<br/>Date changed: Sun, 06 Jan 2019 04:12:17 +0000<br/>Change type: source change, title change<br/>By: <span class="printuser"><a href="http://www.wikidot.com/user:info/agent-boogeyman" onclick="WIKIDOT.page.listeners.userInfo(502823); return false;" >Agent Boogeyman</a></span><br/><br/>Page content preview: <br/>NOTE: We will be adding sections for Classes created with the 4th Edition rules when they are ready. To save any confusion, each Class Build will have a 3rd edition version and a 4th edition...
				 	]]>
				</content:encoded>							</item>
					<item>
				<guid>http://zodiac-ffrpg.wikidot.com/magicite-system#revision-570353730</guid>
				<title>&quot;Magicite System&quot; - source change, title change</title>
				<link>http://zodiac-ffrpg.wikidot.com/magicite-system</link>
				<description>Page: &lt;a href=&quot;http://zodiac-ffrpg.wikidot.com/magicite-system&quot;&gt;Magicite System&lt;/a&gt; (magicite-system)&lt;br/&gt;Current revision number: 3&lt;br/&gt;Date changed: Sun, 06 Jan 2019 04:11:38 +0000&lt;br/&gt;Change type: source change, title change&lt;br/&gt;By: &lt;span class=&quot;printuser&quot;&gt;&lt;a href=&quot;http://www.wikidot.com/user:info/agent-boogeyman&quot; onclick=&quot;WIKIDOT.page.listeners.userInfo(502823); return false;&quot; &gt;Agent Boogeyman&lt;/a&gt;&lt;/span&gt;&lt;br/&gt;&lt;br/&gt;Page content preview: &lt;br/&gt;The current Magicite System only works for 2nd Edition, due to Technique Archetypes (Black, White, Blue, Tech, and Summon, I believe&amp;#8230;Never seen hide nor hair of the 2nd Edition to be sure)....</description>
				<pubDate>Sun, 06 Jan 2019 04:11:38 +0000</pubDate>
												<content:encoded>
					<![CDATA[
						Page: <a href="http://zodiac-ffrpg.wikidot.com/magicite-system">Magicite System</a> (magicite-system)<br/>Current revision number: 3<br/>Date changed: Sun, 06 Jan 2019 04:11:38 +0000<br/>Change type: source change, title change<br/>By: <span class="printuser"><a href="http://www.wikidot.com/user:info/agent-boogeyman" onclick="WIKIDOT.page.listeners.userInfo(502823); return false;" >Agent Boogeyman</a></span><br/><br/>Page content preview: <br/>The current Magicite System only works for 2nd Edition, due to Technique Archetypes (Black, White, Blue, Tech, and Summon, I believe&#8230;Never seen hide nor hair of the 2nd Edition to be sure)....
				 	]]>
				</content:encoded>							</item>
					<item>
				<guid>http://zodiac-ffrpg.wikidot.com/chapter-ii#revision-570353721</guid>
				<title>&quot;Tech Creation&quot; - source change, title change</title>
				<link>http://zodiac-ffrpg.wikidot.com/chapter-ii</link>
				<description>Page: &lt;a href=&quot;http://zodiac-ffrpg.wikidot.com/chapter-ii&quot;&gt;Tech Creation&lt;/a&gt; (chapter-ii)&lt;br/&gt;Current revision number: 21&lt;br/&gt;Date changed: Sun, 06 Jan 2019 04:10:57 +0000&lt;br/&gt;Change type: source change, title change&lt;br/&gt;By: &lt;span class=&quot;printuser&quot;&gt;&lt;a href=&quot;http://www.wikidot.com/user:info/agent-boogeyman&quot; onclick=&quot;WIKIDOT.page.listeners.userInfo(502823); return false;&quot; &gt;Agent Boogeyman&lt;/a&gt;&lt;/span&gt;&lt;br/&gt;&lt;br/&gt;Page content preview: &lt;br/&gt;If you have chosen to use Blue Magic, skip this chapter.
The Tech Creation System is used to create the set of special attacks and abilities, called Techs, that your character will learn over the...</description>
				<pubDate>Sun, 06 Jan 2019 04:10:57 +0000</pubDate>
												<content:encoded>
					<![CDATA[
						Page: <a href="http://zodiac-ffrpg.wikidot.com/chapter-ii">Tech Creation</a> (chapter-ii)<br/>Current revision number: 21<br/>Date changed: Sun, 06 Jan 2019 04:10:57 +0000<br/>Change type: source change, title change<br/>By: <span class="printuser"><a href="http://www.wikidot.com/user:info/agent-boogeyman" onclick="WIKIDOT.page.listeners.userInfo(502823); return false;" >Agent Boogeyman</a></span><br/><br/>Page content preview: <br/>If you have chosen to use Blue Magic, skip this chapter. The Tech Creation System is used to create the set of special attacks and abilities, called Techs, that your character will learn over the...
				 	]]>
				</content:encoded>							</item>
					<item>
				<guid>http://zodiac-ffrpg.wikidot.com/chapter-i#revision-570353702</guid>
				<title>&quot;Character Creation&quot; - source change, title change</title>
				<link>http://zodiac-ffrpg.wikidot.com/chapter-i</link>
				<description>Page: &lt;a href=&quot;http://zodiac-ffrpg.wikidot.com/chapter-i&quot;&gt;Character Creation&lt;/a&gt; (chapter-i)&lt;br/&gt;Current revision number: 3&lt;br/&gt;Date changed: Sun, 06 Jan 2019 04:10:18 +0000&lt;br/&gt;Change type: source change, title change&lt;br/&gt;By: &lt;span class=&quot;printuser&quot;&gt;&lt;a href=&quot;http://www.wikidot.com/user:info/agent-boogeyman&quot; onclick=&quot;WIKIDOT.page.listeners.userInfo(502823); return false;&quot; &gt;Agent Boogeyman&lt;/a&gt;&lt;/span&gt;&lt;br/&gt;&lt;br/&gt;Page content preview: &lt;br/&gt;The core of any role-playing game is its characters. This chapter will shed some light on the character creation process, and how to build your counterpart in the ZODIAC world from the ground...</description>
				<pubDate>Sun, 06 Jan 2019 04:10:18 +0000</pubDate>
												<content:encoded>
					<![CDATA[
						Page: <a href="http://zodiac-ffrpg.wikidot.com/chapter-i">Character Creation</a> (chapter-i)<br/>Current revision number: 3<br/>Date changed: Sun, 06 Jan 2019 04:10:18 +0000<br/>Change type: source change, title change<br/>By: <span class="printuser"><a href="http://www.wikidot.com/user:info/agent-boogeyman" onclick="WIKIDOT.page.listeners.userInfo(502823); return false;" >Agent Boogeyman</a></span><br/><br/>Page content preview: <br/>The core of any role-playing game is its characters. This chapter will shed some light on the character creation process, and how to build your counterpart in the ZODIAC world from the ground...
				 	]]>
				</content:encoded>							</item>
					<item>
				<guid>http://zodiac-ffrpg.wikidot.com/start#revision-570353689</guid>
				<title>&quot;Welcome Page&quot; - source change, title change</title>
				<link>http://zodiac-ffrpg.wikidot.com/start</link>
				<description>Page: &lt;a href=&quot;http://zodiac-ffrpg.wikidot.com/start&quot;&gt;Welcome Page&lt;/a&gt; (start)&lt;br/&gt;Current revision number: 38&lt;br/&gt;Date changed: Sun, 06 Jan 2019 04:09:34 +0000&lt;br/&gt;Change type: source change, title change&lt;br/&gt;By: &lt;span class=&quot;printuser&quot;&gt;&lt;a href=&quot;http://www.wikidot.com/user:info/agent-boogeyman&quot; onclick=&quot;WIKIDOT.page.listeners.userInfo(502823); return false;&quot; &gt;Agent Boogeyman&lt;/a&gt;&lt;/span&gt;&lt;br/&gt;&lt;br/&gt;Page content preview: &lt;br/&gt;UPDATE: DUE TO RECENT SPAM, YOU MUST PROVIDE THE PASSWORD &amp;quot;Asterion&amp;quot; IF YOU WISH TO JOIN
BIG NEWS
ZODIAC FFRPG 4th edition is in development! (Agent Boogeyman&#039;s note: Or at least a huge...</description>
				<pubDate>Sun, 06 Jan 2019 04:09:34 +0000</pubDate>
												<content:encoded>
					<![CDATA[
						Page: <a href="http://zodiac-ffrpg.wikidot.com/start">Welcome Page</a> (start)<br/>Current revision number: 38<br/>Date changed: Sun, 06 Jan 2019 04:09:34 +0000<br/>Change type: source change, title change<br/>By: <span class="printuser"><a href="http://www.wikidot.com/user:info/agent-boogeyman" onclick="WIKIDOT.page.listeners.userInfo(502823); return false;" >Agent Boogeyman</a></span><br/><br/>Page content preview: <br/>UPDATE: DUE TO RECENT SPAM, YOU MUST PROVIDE THE PASSWORD &quot;Asterion&quot; IF YOU WISH TO JOIN BIG NEWS ZODIAC FFRPG 4th edition is in development! (Agent Boogeyman's note: Or at least a huge...
				 	]]>
				</content:encoded>							</item>
					<item>
				<guid>http://zodiac-ffrpg.wikidot.com/class-builds#revision-564662053</guid>
				<title>&quot;Class Builds&quot; - source change, title change</title>
				<link>http://zodiac-ffrpg.wikidot.com/class-builds</link>
				<description>Page: &lt;a href=&quot;http://zodiac-ffrpg.wikidot.com/class-builds&quot;&gt;Class Builds&lt;/a&gt; (class-builds)&lt;br/&gt;Current revision number: 19&lt;br/&gt;Date changed: Fri, 04 Jan 2019 10:01:01 +0000&lt;br/&gt;Change type: source change, title change&lt;br/&gt;By: &lt;span class=&quot;printuser deleted&quot; data-id=&quot;3586981&quot;&gt;&lt;img class=&quot;small&quot; src=&quot;http://www.wikidot.com/common--images/avatars/default/a16.png&quot; alt=&quot;&quot;/&gt;(account deleted)&lt;/span&gt;&lt;br/&gt;&lt;br/&gt;Page content preview: &lt;br/&gt;NOTE: We will be adding sections for Classes created with the 4th Edition rules when they are ready. To save any confusion, each Class Build will have a 3rd edition version and a 4th edition...</description>
				<pubDate>Fri, 04 Jan 2019 10:01:01 +0000</pubDate>
												<content:encoded>
					<![CDATA[
						Page: <a href="http://zodiac-ffrpg.wikidot.com/class-builds">Class Builds</a> (class-builds)<br/>Current revision number: 19<br/>Date changed: Fri, 04 Jan 2019 10:01:01 +0000<br/>Change type: source change, title change<br/>By: <span class="printuser deleted" data-id="3586981"><img class="small" src="http://www.wikidot.com/common--images/avatars/default/a16.png" alt=""/>(account deleted)</span><br/><br/>Page content preview: <br/>NOTE: We will be adding sections for Classes created with the 4th Edition rules when they are ready. To save any confusion, each Class Build will have a 3rd edition version and a 4th edition...
				 	]]>
				</content:encoded>							</item>
					<item>
				<guid>http://zodiac-ffrpg.wikidot.com/magicite-system#revision-564662028</guid>
				<title>&quot;Magicite System&quot; - source change, title change</title>
				<link>http://zodiac-ffrpg.wikidot.com/magicite-system</link>
				<description>Page: &lt;a href=&quot;http://zodiac-ffrpg.wikidot.com/magicite-system&quot;&gt;Magicite System&lt;/a&gt; (magicite-system)&lt;br/&gt;Current revision number: 2&lt;br/&gt;Date changed: Fri, 04 Jan 2019 09:59:48 +0000&lt;br/&gt;Change type: source change, title change&lt;br/&gt;By: &lt;span class=&quot;printuser deleted&quot; data-id=&quot;3586981&quot;&gt;&lt;img class=&quot;small&quot; src=&quot;http://www.wikidot.com/common--images/avatars/default/a16.png&quot; alt=&quot;&quot;/&gt;(account deleted)&lt;/span&gt;&lt;br/&gt;&lt;br/&gt;Page content preview: &lt;br/&gt;The current Magicite System only works for 2nd Edition, due to Technique Archetypes (Black, White, Blue, Tech, and Summon, I believe&amp;#8230;Never seen hide nor hair of the 2nd Edition to be sure)....</description>
				<pubDate>Fri, 04 Jan 2019 09:59:48 +0000</pubDate>
												<content:encoded>
					<![CDATA[
						Page: <a href="http://zodiac-ffrpg.wikidot.com/magicite-system">Magicite System</a> (magicite-system)<br/>Current revision number: 2<br/>Date changed: Fri, 04 Jan 2019 09:59:48 +0000<br/>Change type: source change, title change<br/>By: <span class="printuser deleted" data-id="3586981"><img class="small" src="http://www.wikidot.com/common--images/avatars/default/a16.png" alt=""/>(account deleted)</span><br/><br/>Page content preview: <br/>The current Magicite System only works for 2nd Edition, due to Technique Archetypes (Black, White, Blue, Tech, and Summon, I believe&#8230;Never seen hide nor hair of the 2nd Edition to be sure)....
				 	]]>
				</content:encoded>							</item>
					<item>
				<guid>http://zodiac-ffrpg.wikidot.com/chapter-ii#revision-564661959</guid>
				<title>&quot;Tech Creation&quot; - source change, title change</title>
				<link>http://zodiac-ffrpg.wikidot.com/chapter-ii</link>
				<description>Page: &lt;a href=&quot;http://zodiac-ffrpg.wikidot.com/chapter-ii&quot;&gt;Tech Creation&lt;/a&gt; (chapter-ii)&lt;br/&gt;Current revision number: 20&lt;br/&gt;Date changed: Fri, 04 Jan 2019 09:58:06 +0000&lt;br/&gt;Change type: source change, title change&lt;br/&gt;By: &lt;span class=&quot;printuser deleted&quot; data-id=&quot;3586981&quot;&gt;&lt;img class=&quot;small&quot; src=&quot;http://www.wikidot.com/common--images/avatars/default/a16.png&quot; alt=&quot;&quot;/&gt;(account deleted)&lt;/span&gt;&lt;br/&gt;&lt;br/&gt;Page content preview: &lt;br/&gt;If you have chosen to use Blue Magic, skip this chapter.
The Tech Creation System is used to create the set of special attacks and abilities, called Techs, that your character will learn over the...</description>
				<pubDate>Fri, 04 Jan 2019 09:58:06 +0000</pubDate>
												<content:encoded>
					<![CDATA[
						Page: <a href="http://zodiac-ffrpg.wikidot.com/chapter-ii">Tech Creation</a> (chapter-ii)<br/>Current revision number: 20<br/>Date changed: Fri, 04 Jan 2019 09:58:06 +0000<br/>Change type: source change, title change<br/>By: <span class="printuser deleted" data-id="3586981"><img class="small" src="http://www.wikidot.com/common--images/avatars/default/a16.png" alt=""/>(account deleted)</span><br/><br/>Page content preview: <br/>If you have chosen to use Blue Magic, skip this chapter. The Tech Creation System is used to create the set of special attacks and abilities, called Techs, that your character will learn over the...
				 	]]>
				</content:encoded>							</item>
					<item>
				<guid>http://zodiac-ffrpg.wikidot.com/chapter-i#revision-564661916</guid>
				<title>&quot;Character Creation&quot; - source change, title change</title>
				<link>http://zodiac-ffrpg.wikidot.com/chapter-i</link>
				<description>Page: &lt;a href=&quot;http://zodiac-ffrpg.wikidot.com/chapter-i&quot;&gt;Character Creation&lt;/a&gt; (chapter-i)&lt;br/&gt;Current revision number: 2&lt;br/&gt;Date changed: Fri, 04 Jan 2019 09:57:28 +0000&lt;br/&gt;Change type: source change, title change&lt;br/&gt;By: &lt;span class=&quot;printuser deleted&quot; data-id=&quot;3586981&quot;&gt;&lt;img class=&quot;small&quot; src=&quot;http://www.wikidot.com/common--images/avatars/default/a16.png&quot; alt=&quot;&quot;/&gt;(account deleted)&lt;/span&gt;&lt;br/&gt;&lt;br/&gt;Page content preview: &lt;br/&gt;The core of any role-playing game is its characters. This chapter will shed some light on the character creation process, and how to build your counterpart in the ZODIAC world from the ground...</description>
				<pubDate>Fri, 04 Jan 2019 09:57:28 +0000</pubDate>
												<content:encoded>
					<![CDATA[
						Page: <a href="http://zodiac-ffrpg.wikidot.com/chapter-i">Character Creation</a> (chapter-i)<br/>Current revision number: 2<br/>Date changed: Fri, 04 Jan 2019 09:57:28 +0000<br/>Change type: source change, title change<br/>By: <span class="printuser deleted" data-id="3586981"><img class="small" src="http://www.wikidot.com/common--images/avatars/default/a16.png" alt=""/>(account deleted)</span><br/><br/>Page content preview: <br/>The core of any role-playing game is its characters. This chapter will shed some light on the character creation process, and how to build your counterpart in the ZODIAC world from the ground...
				 	]]>
				</content:encoded>							</item>
					<item>
				<guid>http://zodiac-ffrpg.wikidot.com/start#revision-564661878</guid>
				<title>&quot;Welcome Page&quot; - source change, title change</title>
				<link>http://zodiac-ffrpg.wikidot.com/start</link>
				<description>Page: &lt;a href=&quot;http://zodiac-ffrpg.wikidot.com/start&quot;&gt;Welcome Page&lt;/a&gt; (start)&lt;br/&gt;Current revision number: 37&lt;br/&gt;Date changed: Fri, 04 Jan 2019 09:56:54 +0000&lt;br/&gt;Change type: source change, title change&lt;br/&gt;By: &lt;span class=&quot;printuser deleted&quot; data-id=&quot;3586981&quot;&gt;&lt;img class=&quot;small&quot; src=&quot;http://www.wikidot.com/common--images/avatars/default/a16.png&quot; alt=&quot;&quot;/&gt;(account deleted)&lt;/span&gt;&lt;br/&gt;&lt;br/&gt;Page content preview: &lt;br/&gt;UPDATE: DUE TO RECENT SPAM, YOU MUST PROVIDE THE PASSWORD &amp;quot;Asterion&amp;quot; IF YOU WISH TO JOIN
BIG NEWS
ZODIAC FFRPG 4th edition is in development! (Agent Boogeyman&#039;s note: Or at least a huge...</description>
				<pubDate>Fri, 04 Jan 2019 09:56:54 +0000</pubDate>
												<content:encoded>
					<![CDATA[
						Page: <a href="http://zodiac-ffrpg.wikidot.com/start">Welcome Page</a> (start)<br/>Current revision number: 37<br/>Date changed: Fri, 04 Jan 2019 09:56:54 +0000<br/>Change type: source change, title change<br/>By: <span class="printuser deleted" data-id="3586981"><img class="small" src="http://www.wikidot.com/common--images/avatars/default/a16.png" alt=""/>(account deleted)</span><br/><br/>Page content preview: <br/>UPDATE: DUE TO RECENT SPAM, YOU MUST PROVIDE THE PASSWORD &quot;Asterion&quot; IF YOU WISH TO JOIN BIG NEWS ZODIAC FFRPG 4th edition is in development! (Agent Boogeyman's note: Or at least a huge...
				 	]]>
				</content:encoded>							</item>
					<item>
				<guid>http://zodiac-ffrpg.wikidot.com/tech-sets#revision-85888943</guid>
				<title>&quot;Tech Sets&quot; - source change</title>
				<link>http://zodiac-ffrpg.wikidot.com/tech-sets</link>
				<description>Page: &lt;a href=&quot;http://zodiac-ffrpg.wikidot.com/tech-sets&quot;&gt;Tech Sets&lt;/a&gt; (tech-sets)&lt;br/&gt;Current revision number: 22&lt;br/&gt;Date changed: Thu, 06 Jul 2017 10:03:58 +0000&lt;br/&gt;Change type: source change&lt;br/&gt;By: &lt;span class=&quot;printuser&quot;&gt;&lt;a href=&quot;http://www.wikidot.com/user:info/rileasw&quot; onclick=&quot;WIKIDOT.page.listeners.userInfo(570672); return false;&quot; &gt;RileaSW&lt;/a&gt;&lt;/span&gt;&lt;br/&gt;&lt;br/&gt;Page content preview: &lt;br/&gt;If you are using the Tech Creation rules, then you should know that any kind of tech can be made with it, from the simpliest Black magics like Fire, Thunder and Blizzard, to the powerful Knight...</description>
				<pubDate>Thu, 06 Jul 2017 10:03:58 +0000</pubDate>
												<content:encoded>
					<![CDATA[
						Page: <a href="http://zodiac-ffrpg.wikidot.com/tech-sets">Tech Sets</a> (tech-sets)<br/>Current revision number: 22<br/>Date changed: Thu, 06 Jul 2017 10:03:58 +0000<br/>Change type: source change<br/>By: <span class="printuser"><a href="http://www.wikidot.com/user:info/rileasw" onclick="WIKIDOT.page.listeners.userInfo(570672); return false;" >RileaSW</a></span><br/><br/>Page content preview: <br/>If you are using the Tech Creation rules, then you should know that any kind of tech can be made with it, from the simpliest Black magics like Fire, Thunder and Blizzard, to the powerful Knight...
				 	]]>
				</content:encoded>							</item>
					<item>
				<guid>http://zodiac-ffrpg.wikidot.com/class-builds#revision-85888873</guid>
				<title>&quot;Class Builds&quot; - source change</title>
				<link>http://zodiac-ffrpg.wikidot.com/class-builds</link>
				<description>Page: &lt;a href=&quot;http://zodiac-ffrpg.wikidot.com/class-builds&quot;&gt;Class Builds&lt;/a&gt; (class-builds)&lt;br/&gt;Current revision number: 18&lt;br/&gt;Date changed: Thu, 06 Jul 2017 10:03:16 +0000&lt;br/&gt;Change type: source change&lt;br/&gt;By: &lt;span class=&quot;printuser&quot;&gt;&lt;a href=&quot;http://www.wikidot.com/user:info/rileasw&quot; onclick=&quot;WIKIDOT.page.listeners.userInfo(570672); return false;&quot; &gt;RileaSW&lt;/a&gt;&lt;/span&gt;&lt;br/&gt;&lt;br/&gt;Page content preview: &lt;br/&gt;NOTE: We will be adding sections for Classes created with the 4th Edition rules when they are ready. To save any confusion, each Class Build will have a 3rd edition version and a 4th edition...</description>
				<pubDate>Thu, 06 Jul 2017 10:03:16 +0000</pubDate>
												<content:encoded>
					<![CDATA[
						Page: <a href="http://zodiac-ffrpg.wikidot.com/class-builds">Class Builds</a> (class-builds)<br/>Current revision number: 18<br/>Date changed: Thu, 06 Jul 2017 10:03:16 +0000<br/>Change type: source change<br/>By: <span class="printuser"><a href="http://www.wikidot.com/user:info/rileasw" onclick="WIKIDOT.page.listeners.userInfo(570672); return false;" >RileaSW</a></span><br/><br/>Page content preview: <br/>NOTE: We will be adding sections for Classes created with the 4th Edition rules when they are ready. To save any confusion, each Class Build will have a 3rd edition version and a 4th edition...
				 	]]>
				</content:encoded>							</item>
					<item>
				<guid>http://zodiac-ffrpg.wikidot.com/speechcraft#revision-85888836</guid>
				<title>&quot;Speechcraft&quot; - new page</title>
				<link>http://zodiac-ffrpg.wikidot.com/speechcraft</link>
				<description>Page: &lt;a href=&quot;http://zodiac-ffrpg.wikidot.com/speechcraft&quot;&gt;Speechcraft&lt;/a&gt; (speechcraft)&lt;br/&gt;Current revision number: 0&lt;br/&gt;Date changed: Thu, 06 Jul 2017 10:02:22 +0000&lt;br/&gt;Change type: new page&lt;br/&gt;By: &lt;span class=&quot;printuser&quot;&gt;&lt;a href=&quot;http://www.wikidot.com/user:info/rileasw&quot; onclick=&quot;WIKIDOT.page.listeners.userInfo(570672); return false;&quot; &gt;RileaSW&lt;/a&gt;&lt;/span&gt;&lt;br/&gt;&lt;br/&gt;Page content preview: &lt;br/&gt;With Speechcraft, a character is able to sway allegiances, inspire allies, or demoralize opponents. It might benefit an Orator to place Area Effect on some of the following...</description>
				<pubDate>Thu, 06 Jul 2017 10:02:22 +0000</pubDate>
												<content:encoded>
					<![CDATA[
						Page: <a href="http://zodiac-ffrpg.wikidot.com/speechcraft">Speechcraft</a> (speechcraft)<br/>Current revision number: 0<br/>Date changed: Thu, 06 Jul 2017 10:02:22 +0000<br/>Change type: new page<br/>By: <span class="printuser"><a href="http://www.wikidot.com/user:info/rileasw" onclick="WIKIDOT.page.listeners.userInfo(570672); return false;" >RileaSW</a></span><br/><br/>Page content preview: <br/>With Speechcraft, a character is able to sway allegiances, inspire allies, or demoralize opponents. It might benefit an Orator to place Area Effect on some of the following...
				 	]]>
				</content:encoded>							</item>
					<item>
				<guid>http://zodiac-ffrpg.wikidot.com/orator#revision-85888214</guid>
				<title>&quot;Orator&quot; - source change</title>
				<link>http://zodiac-ffrpg.wikidot.com/orator</link>
				<description>Page: &lt;a href=&quot;http://zodiac-ffrpg.wikidot.com/orator&quot;&gt;Orator&lt;/a&gt; (orator)&lt;br/&gt;Current revision number: 2&lt;br/&gt;Date changed: Thu, 06 Jul 2017 09:48:19 +0000&lt;br/&gt;Change type: source change&lt;br/&gt;Change comments: added job image&lt;br/&gt;By: &lt;span class=&quot;printuser&quot;&gt;&lt;a href=&quot;http://www.wikidot.com/user:info/rileasw&quot; onclick=&quot;WIKIDOT.page.listeners.userInfo(570672); return false;&quot; &gt;RileaSW&lt;/a&gt;&lt;/span&gt;&lt;br/&gt;&lt;br/&gt;Page content preview: &lt;br/&gt;Orators are people who prefer to let their words win battles. With their strength of personality, they are able to inspire allies, demoralize enemies, and even encourage opponents to change their...</description>
				<pubDate>Thu, 06 Jul 2017 09:48:19 +0000</pubDate>
												<content:encoded>
					<![CDATA[
						Page: <a href="http://zodiac-ffrpg.wikidot.com/orator">Orator</a> (orator)<br/>Current revision number: 2<br/>Date changed: Thu, 06 Jul 2017 09:48:19 +0000<br/>Change type: source change<br/>Change comments: added job image<br/>By: <span class="printuser"><a href="http://www.wikidot.com/user:info/rileasw" onclick="WIKIDOT.page.listeners.userInfo(570672); return false;" >RileaSW</a></span><br/><br/>Page content preview: <br/>Orators are people who prefer to let their words win battles. With their strength of personality, they are able to inspire allies, demoralize enemies, and even encourage opponents to change their...
				 	]]>
				</content:encoded>							</item>
					<item>
				<guid>http://zodiac-ffrpg.wikidot.com/orator#revision-85888208</guid>
				<title>&quot;Orator&quot; - file action</title>
				<link>http://zodiac-ffrpg.wikidot.com/orator</link>
				<description>Page: &lt;a href=&quot;http://zodiac-ffrpg.wikidot.com/orator&quot;&gt;Orator&lt;/a&gt; (orator)&lt;br/&gt;Current revision number: 1&lt;br/&gt;Date changed: Thu, 06 Jul 2017 09:47:47 +0000&lt;br/&gt;Change type: file action&lt;br/&gt;Change comments: Uploaded file &amp;quot;FFT_Mediator.jpg&amp;quot;.&lt;br/&gt;By: &lt;span class=&quot;printuser&quot;&gt;&lt;a href=&quot;http://www.wikidot.com/user:info/rileasw&quot; onclick=&quot;WIKIDOT.page.listeners.userInfo(570672); return false;&quot; &gt;RileaSW&lt;/a&gt;&lt;/span&gt;&lt;br/&gt;&lt;br/&gt;Page content preview: &lt;br/&gt;Orators are people who prefer to let their words win battles. With their strength of personality, they are able to inspire allies, demoralize enemies, and even encourage opponents to change their...</description>
				<pubDate>Thu, 06 Jul 2017 09:47:47 +0000</pubDate>
												<content:encoded>
					<![CDATA[
						Page: <a href="http://zodiac-ffrpg.wikidot.com/orator">Orator</a> (orator)<br/>Current revision number: 1<br/>Date changed: Thu, 06 Jul 2017 09:47:47 +0000<br/>Change type: file action<br/>Change comments: Uploaded file &quot;FFT_Mediator.jpg&quot;.<br/>By: <span class="printuser"><a href="http://www.wikidot.com/user:info/rileasw" onclick="WIKIDOT.page.listeners.userInfo(570672); return false;" >RileaSW</a></span><br/><br/>Page content preview: <br/>Orators are people who prefer to let their words win battles. With their strength of personality, they are able to inspire allies, demoralize enemies, and even encourage opponents to change their...
				 	]]>
				</content:encoded>							</item>
					<item>
				<guid>http://zodiac-ffrpg.wikidot.com/orator#revision-85888206</guid>
				<title>&quot;Orator&quot; - new page</title>
				<link>http://zodiac-ffrpg.wikidot.com/orator</link>
				<description>Page: &lt;a href=&quot;http://zodiac-ffrpg.wikidot.com/orator&quot;&gt;Orator&lt;/a&gt; (orator)&lt;br/&gt;Current revision number: 0&lt;br/&gt;Date changed: Thu, 06 Jul 2017 09:47:26 +0000&lt;br/&gt;Change type: new page&lt;br/&gt;By: &lt;span class=&quot;printuser&quot;&gt;&lt;a href=&quot;http://www.wikidot.com/user:info/rileasw&quot; onclick=&quot;WIKIDOT.page.listeners.userInfo(570672); return false;&quot; &gt;RileaSW&lt;/a&gt;&lt;/span&gt;&lt;br/&gt;&lt;br/&gt;Page content preview: &lt;br/&gt;Orators are people who prefer to let their words win battles. With their strength of personality, they are able to inspire allies, demoralize enemies, and even encourage opponents to change their...</description>
				<pubDate>Thu, 06 Jul 2017 09:47:26 +0000</pubDate>
												<content:encoded>
					<![CDATA[
						Page: <a href="http://zodiac-ffrpg.wikidot.com/orator">Orator</a> (orator)<br/>Current revision number: 0<br/>Date changed: Thu, 06 Jul 2017 09:47:26 +0000<br/>Change type: new page<br/>By: <span class="printuser"><a href="http://www.wikidot.com/user:info/rileasw" onclick="WIKIDOT.page.listeners.userInfo(570672); return false;" >RileaSW</a></span><br/><br/>Page content preview: <br/>Orators are people who prefer to let their words win battles. With their strength of personality, they are able to inspire allies, demoralize enemies, and even encourage opponents to change their...
				 	]]>
				</content:encoded>							</item>
					<item>
				<guid>http://zodiac-ffrpg.wikidot.com/dark-geomancer#revision-77056269</guid>
				<title>&quot;Dark Geomancer&quot; - new page</title>
				<link>http://zodiac-ffrpg.wikidot.com/dark-geomancer</link>
				<description>Page: &lt;a href=&quot;http://zodiac-ffrpg.wikidot.com/dark-geomancer&quot;&gt;Dark Geomancer&lt;/a&gt; (dark-geomancer)&lt;br/&gt;Current revision number: 0&lt;br/&gt;Date changed: Fri, 19 Aug 2016 06:56:57 +0000&lt;br/&gt;Change type: new page&lt;br/&gt;Change comments: Updated class. 
Now more akin to slasher flicks.&lt;br/&gt;By: &lt;span class=&quot;printuser&quot;&gt;&lt;a href=&quot;http://www.wikidot.com/user:info/regal-pinion&quot; onclick=&quot;WIKIDOT.page.listeners.userInfo(1119553); return false;&quot; &gt;Regal Pinion&lt;/a&gt;&lt;/span&gt;&lt;br/&gt;&lt;br/&gt;Page content preview: &lt;br/&gt;Dark Geomancers are one step away from being villains of a slasher flick. They live in the realm of nature and will utilize it to hunt prey.
What they hunt for,...</description>
				<pubDate>Fri, 19 Aug 2016 06:56:57 +0000</pubDate>
												<content:encoded>
					<![CDATA[
						Page: <a href="http://zodiac-ffrpg.wikidot.com/dark-geomancer">Dark Geomancer</a> (dark-geomancer)<br/>Current revision number: 0<br/>Date changed: Fri, 19 Aug 2016 06:56:57 +0000<br/>Change type: new page<br/>Change comments: Updated class. Now more akin to slasher flicks.<br/>By: <span class="printuser"><a href="http://www.wikidot.com/user:info/regal-pinion" onclick="WIKIDOT.page.listeners.userInfo(1119553); return false;" >Regal Pinion</a></span><br/><br/>Page content preview: <br/>Dark Geomancers are one step away from being villains of a slasher flick. They live in the realm of nature and will utilize it to hunt prey. What they hunt for,...
				 	]]>
				</content:encoded>							</item>
					<item>
				<guid>http://zodiac-ffrpg.wikidot.com/crimson-dance#revision-77054197</guid>
				<title>&quot;Crimson Dance&quot; - source change</title>
				<link>http://zodiac-ffrpg.wikidot.com/crimson-dance</link>
				<description>Page: &lt;a href=&quot;http://zodiac-ffrpg.wikidot.com/crimson-dance&quot;&gt;Crimson Dance&lt;/a&gt; (crimson-dance)&lt;br/&gt;Current revision number: 1&lt;br/&gt;Date changed: Fri, 19 Aug 2016 05:26:01 +0000&lt;br/&gt;Change type: source change&lt;br/&gt;Change comments: Syntax fix.&lt;br/&gt;By: &lt;span class=&quot;printuser&quot;&gt;&lt;a href=&quot;http://www.wikidot.com/user:info/regal-pinion&quot; onclick=&quot;WIKIDOT.page.listeners.userInfo(1119553); return false;&quot; &gt;Regal Pinion&lt;/a&gt;&lt;/span&gt;&lt;br/&gt;&lt;br/&gt;Page content preview: &lt;br/&gt;This is the trance set for the Dancer archetype of a dark blue mages (rules for trance can be found on this page).
Here are the ten limits the dancing dark blue mage of lore can...</description>
				<pubDate>Fri, 19 Aug 2016 05:26:01 +0000</pubDate>
												<content:encoded>
					<![CDATA[
						Page: <a href="http://zodiac-ffrpg.wikidot.com/crimson-dance">Crimson Dance</a> (crimson-dance)<br/>Current revision number: 1<br/>Date changed: Fri, 19 Aug 2016 05:26:01 +0000<br/>Change type: source change<br/>Change comments: Syntax fix.<br/>By: <span class="printuser"><a href="http://www.wikidot.com/user:info/regal-pinion" onclick="WIKIDOT.page.listeners.userInfo(1119553); return false;" >Regal Pinion</a></span><br/><br/>Page content preview: <br/>This is the trance set for the Dancer archetype of a dark blue mages (rules for trance can be found on this page). Here are the ten limits the dancing dark blue mage of lore can...
				 	]]>
				</content:encoded>							</item>
				</channel>
</rss>