<?xml version="1.0" encoding="UTF-8" ?>
<rss version="2.0" xmlns:content="http://purl.org/rss/1.0/modules/content/" xmlns:wikidot="http://www.wikidot.com/rss-namespace">

	<channel>
		<title>Optional Rules (new posts)</title>
		<link>http://zodiac-ffrpg.wikidot.com/forum/c-300923/optional-rules</link>
		<description>Posts in the forum category &quot;Optional Rules&quot; - Discussion on rules submited by members of the ZODIAC Community</description>
				<copyright></copyright>
		<lastBuildDate>Thu, 18 Feb 2021 21:34:02 +0000</lastBuildDate>
		
					<item>
				<guid>http://zodiac-ffrpg.wikidot.com/forum/t-1049217#post-2188257</guid>
				<title>Onion Knighting: Re: Onion Knighting</title>
				<link>http://zodiac-ffrpg.wikidot.com/forum/t-1049217/onion-knighting#post-2188257</link>
				<description></description>
				<pubDate>Wed, 24 Dec 2014 23:31:50 +0000</pubDate>
				<wikidot:authorName>Aleph Ozone</wikidot:authorName>				<wikidot:authorUserId>1986833</wikidot:authorUserId>				<content:encoded>
					<![CDATA[
						 <p>Lol, making this part of Double Command&#8230; now that's something I want to try!</p> 
				 	]]>
				</content:encoded>							</item>
					<item>
				<guid>http://zodiac-ffrpg.wikidot.com/forum/t-1062376#post-2187413</guid>
				<title>New support skill - Double Command: Re: New support skill - Double Command</title>
				<link>http://zodiac-ffrpg.wikidot.com/forum/t-1062376/new-support-skill-double-command#post-2187413</link>
				<description></description>
				<pubDate>Tue, 23 Dec 2014 19:08:04 +0000</pubDate>
				<wikidot:authorName>Regal Pinion</wikidot:authorName>				<wikidot:authorUserId>1119553</wikidot:authorUserId>				<content:encoded>
					<![CDATA[
						 <p>Now I'm just thinking of overpowered command combos:<br /> Morph and Chakra<br /> X-Magic and Runic<br /> Manipulate and Clone</p> <p>The list goes on&#8230; What have I done!?</p> 
				 	]]>
				</content:encoded>							</item>
					<item>
				<guid>http://zodiac-ffrpg.wikidot.com/forum/t-1049217#post-2187399</guid>
				<title>Onion Knighting: Re: Onion Knighting</title>
				<link>http://zodiac-ffrpg.wikidot.com/forum/t-1049217/onion-knighting#post-2187399</link>
				<description></description>
				<pubDate>Tue, 23 Dec 2014 19:01:04 +0000</pubDate>
				<wikidot:authorName>Regal Pinion</wikidot:authorName>				<wikidot:authorUserId>1119553</wikidot:authorUserId>				<content:encoded>
					<![CDATA[
						 <p>Quirky story: I read this reply, then the reply to the &quot;Double Command&quot; and thought, &quot;Combine them. <em>BOOM!</em> Balanced.&quot;<br /> I see your point. I guess this really is Hard Mode. XD</p> <p>However, in terms of playtesting, it's something yet to be done on my end as well.</p> 
				 	]]>
				</content:encoded>							</item>
					<item>
				<guid>http://zodiac-ffrpg.wikidot.com/forum/t-1049217#post-2187357</guid>
				<title>Onion Knighting: Re: Onion Knighting</title>
				<link>http://zodiac-ffrpg.wikidot.com/forum/t-1049217/onion-knighting#post-2187357</link>
				<description></description>
				<pubDate>Tue, 23 Dec 2014 17:37:29 +0000</pubDate>
				<wikidot:authorName>Aleph Ozone</wikidot:authorName>				<wikidot:authorUserId>1986833</wikidot:authorUserId>				<content:encoded>
					<![CDATA[
						 <p>Starting with a weaker character to have a stronger character eventually&#8230; I'd definetely like to try this, this is my type of character.</p> <p>Hmm&#8230; time for some math&#8230; if players start at level 5 (as common in rpg games), common players will have 54 points total, while Onion Knights will have 45. By level 10 this becomes 68 and 60.<br /> 15: 82 and 75<br /> 20: 96 and 90<br /> 25: 110 and 105<br /> 30: 124 and 120<br /> 35: 128 and 125<br /> 40: 142 and 140<br /> 45: 156 and 155<br /> 50: 170 and 170</p> <p>So they completely even out at level 50. The initial difference is only of 10 points (9 if starting at level 5) and then it decreases by 1 every 5 levels. Hmm, lemme continu the math a bit.<br /> 60: 199 and 201<br /> 70: 227 and 231<br /> 80: 255 and 262<br /> 90: 283 and 292<br /> 100: 311 and 322</p> <p>Hmm, I think the system is too underwhelming. Perhaps calculating the total instead of individual stats is creating some sort of illusion, but&#8230; while the difference between you and you allies is almost the same in the beggining and the end, proportionally I don't think it's worth it. You are significantly weaker in the beggining, but by the end your 11 extra points are next to meaningless&#8230; they're a &quot;winmore&quot;, like, there's nothing you'll be able to kill that you wouldn't be able to kill as a normal character, it'll just let you kill them faster.</p> <p>Well, that's what I think at least, but I haven't playtested yet it or anything, so of course i might be wrong&#8230;</p> 
				 	]]>
				</content:encoded>							</item>
					<item>
				<guid>http://zodiac-ffrpg.wikidot.com/forum/t-1062376#post-2187324</guid>
				<title>New support skill - Double Command: Re: New support skill - Double Command</title>
				<link>http://zodiac-ffrpg.wikidot.com/forum/t-1062376/new-support-skill-double-command#post-2187324</link>
				<description></description>
				<pubDate>Tue, 23 Dec 2014 16:38:31 +0000</pubDate>
				<wikidot:authorName>Aleph Ozone</wikidot:authorName>				<wikidot:authorUserId>1986833</wikidot:authorUserId>				<content:encoded>
					<![CDATA[
						 <p>Hmmm&#8230; I think it's overpowered. Support Skills are supposed to be inferior to Command Skills, so sacrificing a Support for a Command&#8230; if it were the other way around, I'd totally agree, but I just think this way it's overpowered&#8230; of course, sometimes overpowered is cool. I like overpowered, actually. And this should allow a character to have Dice and Slots at the same time!</p> 
				 	]]>
				</content:encoded>							</item>
					<item>
				<guid>http://zodiac-ffrpg.wikidot.com/forum/t-1062376#post-2185714</guid>
				<title>New support skill - Double Command: Re: New support skill - Double Command</title>
				<link>http://zodiac-ffrpg.wikidot.com/forum/t-1062376/new-support-skill-double-command#post-2185714</link>
				<description></description>
				<pubDate>Sun, 21 Dec 2014 14:45:35 +0000</pubDate>
				<wikidot:authorName>Doresh</wikidot:authorName>				<wikidot:authorUserId>654492</wikidot:authorUserId>				<content:encoded>
					<![CDATA[
						 <p>Now that sounds neat. I wonder if the reverse also works :3</p> <p>And man, it's been a while since I've been here o_O</p> 
				 	]]>
				</content:encoded>							</item>
					<item>
				<guid>http://zodiac-ffrpg.wikidot.com/forum/t-1062376#post-2175668</guid>
				<title>New support skill - Double Command: New support skill - Double Command</title>
				<link>http://zodiac-ffrpg.wikidot.com/forum/t-1062376/new-support-skill-double-command#post-2175668</link>
				<description></description>
				<pubDate>Tue, 09 Dec 2014 21:39:28 +0000</pubDate>
				<wikidot:authorName>Regal Pinion</wikidot:authorName>				<wikidot:authorUserId>1119553</wikidot:authorUserId>				<content:encoded>
					<![CDATA[
						 <p><strong>Double Command</strong> allows the character to have two command skills instead of one.</p> <p>Essentially it's sacrificing the chance to have a support skill for another command skill.</p> <p>That's it. Simple and effective.</p> 
				 	]]>
				</content:encoded>							</item>
					<item>
				<guid>http://zodiac-ffrpg.wikidot.com/forum/t-1049217#post-2149362</guid>
				<title>Onion Knighting: Onion Knighting</title>
				<link>http://zodiac-ffrpg.wikidot.com/forum/t-1049217/onion-knighting#post-2149362</link>
				<description></description>
				<pubDate>Wed, 05 Nov 2014 19:08:32 +0000</pubDate>
				<wikidot:authorName>Regal Pinion</wikidot:authorName>				<wikidot:authorUserId>1119553</wikidot:authorUserId>				<content:encoded>
					<![CDATA[
						 <p>I want to let you know this is not play tested, but I really want it to be.</p> <p>The idea behind Onion Knighting is essentially starting the game in &quot;Hard Mode&quot; but as levels progress they gain more points than usual.<br /> As such I named it after the class that's often most difficult to raise but ends with great stats.</p> <p>Alright let's do this</p> <p>When a player &quot;Onion Knights&quot; his character he chooses 15 instead of 25 points to allocate between his five stats.<br /> Upon leveling up he has 3 bonus points to apply to his stats just like normal leveling.<br /> Every fifth level they gain a bonus of +3 to all stats in lieu of +2<br /> At level 60 they gain an additional bonus point for leveling up, just like normal.<br /> At level 75 they gain yet another additional bonus point for leveling up.</p> <p>Too broken? Too hard? Let me know!</p> 
				 	]]>
				</content:encoded>							</item>
					<item>
				<guid>http://zodiac-ffrpg.wikidot.com/forum/t-749706#post-1958886</guid>
				<title>New Blue Mages: Re: New Blue Mages</title>
				<link>http://zodiac-ffrpg.wikidot.com/forum/t-749706/new-blue-mages#post-1958886</link>
				<description></description>
				<pubDate>Thu, 06 Feb 2014 19:49:33 +0000</pubDate>
				<wikidot:authorName>JBPuffin</wikidot:authorName>				<wikidot:authorUserId>1299270</wikidot:authorUserId>				<content:encoded>
					<![CDATA[
						 <p>Well, there's the obvious &quot;steal gold to use for Blue Gil method&quot;&#8230;</p> <h1><span>New Command Skill: Hijack</span></h1> <p>Choose an opponent, then make a Magic attack roll; if it hits, the target loses the use of either the most recent Tech ability they've used, or a randomly-determined ability, for the remainder of the battle. If you are a Blue Mage, you may instead steal the appropriate Blue Item for the Tech. This Tech may only used once per battle OR per enemy type at the GM's discretion.</p> 
				 	]]>
				</content:encoded>							</item>
					<item>
				<guid>http://zodiac-ffrpg.wikidot.com/forum/t-749706#post-1958226</guid>
				<title>New Blue Mages: Re: New Blue Mages</title>
				<link>http://zodiac-ffrpg.wikidot.com/forum/t-749706/new-blue-mages#post-1958226</link>
				<description></description>
				<pubDate>Thu, 06 Feb 2014 04:20:51 +0000</pubDate>
				<wikidot:authorName>Regal Pinion</wikidot:authorName>				<wikidot:authorUserId>1119553</wikidot:authorUserId>				<content:encoded>
					<![CDATA[
						 <p>I am one of the few players who chooses Blue Magic over Techs 9 times out of 10.</p> <p>Thankfully the GM is always prepared. In terms of strategy, I learned to have &quot;Memory&quot; be warrior, &quot;Lore&quot; become the balanced type, and yes, &quot;Assimilate&quot; is the magic oriented guy.</p> <p>I can see why Leap was not made as well, but I am a huge fan of the sixth Final Fantasy, so it was begging to be used.</p> <p>I will warn you: I only play tested &quot;Lich&quot;, and &quot;Leap&quot;&#8230; Lich was extremely difficult, it was (slightly) less harder once I favored vitality. Leap is fun, but I suggest choosing it if the Master has many preplanned Blue spells for each monster.</p> <p>The other three still need testing.</p> 
				 	]]>
				</content:encoded>							</item>
					<item>
				<guid>http://zodiac-ffrpg.wikidot.com/forum/t-749706#post-1958220</guid>
				<title>New Blue Mages: Re: New Blue Mages</title>
				<link>http://zodiac-ffrpg.wikidot.com/forum/t-749706/new-blue-mages#post-1958220</link>
				<description></description>
				<pubDate>Thu, 06 Feb 2014 04:09:43 +0000</pubDate>
				<wikidot:authorName>Regal Pinion</wikidot:authorName>				<wikidot:authorUserId>1119553</wikidot:authorUserId>				<content:encoded>
					<![CDATA[
						 <p>Good question! For the sake of simplicity, Blue Items must be dropped.</p> <p>I was going to have one learning tactic involving the &quot;Steal&quot; command, I was going to call it Druid, but truth be told, &quot;Lore&quot; is pretty much the same thing.</p> <p>If you find a way to apply the Steal command skill to a new learning tactic, I encourage you to post it. :)</p> 
				 	]]>
				</content:encoded>							</item>
					<item>
				<guid>http://zodiac-ffrpg.wikidot.com/forum/t-749706#post-1954999</guid>
				<title>New Blue Mages: Re: New Blue Mages</title>
				<link>http://zodiac-ffrpg.wikidot.com/forum/t-749706/new-blue-mages#post-1954999</link>
				<description></description>
				<pubDate>Mon, 03 Feb 2014 06:04:29 +0000</pubDate>
				<wikidot:authorName>JBPuffin</wikidot:authorName>				<wikidot:authorUserId>1299270</wikidot:authorUserId>				<content:encoded>
					<![CDATA[
						 <p>Hey, wait a sec: if you're using Blue Items, could they be stolen, or would there be a similar Tech for this purpose?</p> 
				 	]]>
				</content:encoded>							</item>
					<item>
				<guid>http://zodiac-ffrpg.wikidot.com/forum/t-749706#post-1941581</guid>
				<title>New Blue Mages: Re: New Blue Mages</title>
				<link>http://zodiac-ffrpg.wikidot.com/forum/t-749706/new-blue-mages#post-1941581</link>
				<description></description>
				<pubDate>Tue, 21 Jan 2014 04:30:33 +0000</pubDate>
				<wikidot:authorName>Messianic Dragoon</wikidot:authorName>				<wikidot:authorUserId>1816094</wikidot:authorUserId>				<content:encoded>
					<![CDATA[
						 <p>Great job. I really appreciate more &quot;story specific&quot; Blue Magic. The rules for Memory i find can work for most everything in a story perspective, but mechanically it kind of sucks if your Blue Mage has a low vitality. I'm surprised Leap wasn't included in the Core Rulebook aswell, but I guess from a FF VI perspective that isn't Blue Magic.</p> 
				 	]]>
				</content:encoded>							</item>
					<item>
				<guid>http://zodiac-ffrpg.wikidot.com/forum/t-749706#post-1916264</guid>
				<title>New Blue Mages: New Blue Mages</title>
				<link>http://zodiac-ffrpg.wikidot.com/forum/t-749706/new-blue-mages#post-1916264</link>
				<description></description>
				<pubDate>Mon, 16 Dec 2013 08:57:30 +0000</pubDate>
				<wikidot:authorName>Regal Pinion</wikidot:authorName>				<wikidot:authorUserId>1119553</wikidot:authorUserId>				<content:encoded>
					<![CDATA[
						 <p>My favorite job class throughout Final Fantasy has always been the Blue Mage.</p> <p>So in hopes of honoring this class I have here for you five new methods for them to learn magic!</p> <h2><span>Blue Gil</span></h2> <p>When a monster is defeated, the Blue Mage may spend half of the gil they earned in order learn all of the monster's skills. In story the example could be making an offering of money to a higher power, or simply paying a mentor to help teach them the ways of the beast.</p> <h2><span>Blue Item Drop</span></h2> <p>There is a 30% chance that a monster will drop an item related to one of it's skills. (A goblin might drop &quot;gloves&quot; for Goblin Punch, and a bomb might drop &quot;gun powder&quot; for Suicide.) In story it can mean anything, whether the Blue Mage channels the spell out of the item or they simply apply it to them selves.</p> <h2><span>Leap</span></h2> <p>When in battle if one decides to Leap an enemy there is a 60% chance that your character will Leap the foe, and both you and your foe leave the battle. When the battle is over you learn the all the Blue Magic your foe knew.<br /> However, during a boss fight, if you use leap you must roll a d%. If the result is 50 or higher you succeed, but you and the boss must remain in battle. You will learn the skills when the battle is over. In story this could mean that you studied its ways until you became fully absorbed or that you literally leaped on them while sucking the the power out of the monster as it ran off in terror.</p> <h2><span>Lich</span></h2> <p>Once you defeat an enemy you learn all of its Blue Magic. As a result you are considered &quot;Undead&quot;.<sup class="footnoteref"><a id="footnoteref-403292-1" href="javascript:;" class="footnoteref" >1</a></sup> The only methods of MP and HP healing are from Blue Magic and resting. In story you might be a lich, or your character is cursed.</p> <h2><span>Sky Ore</span></h2> <p>This is like lore but with a higher chance of success, but also with a price. The character may buy an item dedicated to absorbing a monster's skills. The item is called &quot;Sky Ore&quot;. During a battle the character may use a blue ore and has a 70% chance of learning a spell at random (or whatever the master chooses). He may also choose to single out a particular power that he has already seen, with a 90% chance to learn that specific power. A Sky Ore costs 500 gil.<br /> Optionally there is also the Midnight Ore which has a 50% chance to learn all of the blue magic from a foe for 1000 gil.<br /> Another optional ore is the Nebula Ore which has a 50% chance to learn every blue magic from each enemy in battle. This (like X-Potions and X-Ethers) can only be found and not bought.</p> <div class="footnotes-footer"> <div class="title">Footnotes</div> <div class="footnote-footer" id="footnote-403292-1"><a href="javascript:;" >1</a>. All drain-type attacks are reversed, meaning the user loses HP or MP and the you gain it. The you have Absorbency to Shadow damage, and a Weakness to Holy damage. Cure spells and Healing Techs deal damage instead of restoring HP.</div> </div> 
				 	]]>
				</content:encoded>							</item>
					<item>
				<guid>http://zodiac-ffrpg.wikidot.com/forum/t-589867#post-1618242</guid>
				<title>New Limit Break system: Re: New Limit Break system</title>
				<link>http://zodiac-ffrpg.wikidot.com/forum/t-589867/new-limit-break-system#post-1618242</link>
				<description></description>
				<pubDate>Fri, 16 Nov 2012 23:55:10 +0000</pubDate>
				<wikidot:authorName>Regal Pinion</wikidot:authorName>				<wikidot:authorUserId>1119553</wikidot:authorUserId>				<content:encoded>
					<![CDATA[
						 <p>Lastly the items (potions)</p> <p>ABYSS<br /> Effect: depletes 70 OP<br /> Cost: 100</p> <p>HI-ABYSS<br /> Effect: depletes 300 OP<br /> Cost: 700</p> <p>SUPER-ABYSS<br /> Effect: depletes 500 OP<br /> Cost: 2000</p> <p>X-ABYSS<br /> Effect: depletes OP to zero<br /> Cost: &#8212;-</p> <p>PARADOX<br /> Effect: cures 'Order'<br /> Cost: 50</p> <p>ETHEREAL SCISSORS<br /> Effect: cures 'Puppet'<br /> Cost: 75</p> <p>REALITY CHECK<br /> Effect: cures 'Too Calm'<br /> Cost: 100</p> 
				 	]]>
				</content:encoded>							</item>
					<item>
				<guid>http://zodiac-ffrpg.wikidot.com/forum/t-589867#post-1618223</guid>
				<title>New Limit Break system: Re: New Limit Break system</title>
				<link>http://zodiac-ffrpg.wikidot.com/forum/t-589867/new-limit-break-system#post-1618223</link>
				<description></description>
				<pubDate>Fri, 16 Nov 2012 23:33:30 +0000</pubDate>
				<wikidot:authorName>Regal Pinion</wikidot:authorName>				<wikidot:authorUserId>1119553</wikidot:authorUserId>				<content:encoded>
					<![CDATA[
						 <p>Optional stuff</p> <p>-Some Bosses know Chaoticisms</p> <p>- Status Effects<br /> Negative</p> <p>ORDER<br /> Duration: Temporary<br /> Cure: Paradox<br /> You gain 10% of your max OP when orderly at the end of each tick. It can reach your Max OP but will not exceed it.</p> <p>PUPPET<br /> Duration: Permanent<br /> Cure: Ethereal Scissors<br /> You become a marionette version of yourself and you cannot lose OP.</p> <p>TOO CALM<br /> Duration: Permanent<br /> Cure: Reality Check<br /> When you are just way too calm, you gain 20% of your max OP at the end of your turn each th round. This can reach to your Max OP but will not exceed it. Also, you cannot lose any OP.</p> <p>Positive</p> <p>EDGE<br /> When you are on the Edge you lose OP equal to the damage you dealt.</p> <p>- Secondary Skills<br /> Command:<br /> Impulse - Lose 10% of your max OP.</p> <p>Support Skill:<br /> Chaotic - Your max OP is 150% of your max HP. (As opposed to 200%)</p> <p>Equipment<br /> Weapon Skill: Chaos Blade - 3 points - Lose OP equal to half the damage dealt with this weapon. It can be stacked with the Push status.</p> <p>Armor/Guard Skill: Chaos Blood - 3 points - Lose OP equal to half of the damage you received. It can be stacked with the Edge status. Cannot simultaneously occupy both an armor and guard of the same level.</p> <p>Relic Skill: Abyssmal - 8 Points - Lose 50% more OP with Entropic effect and Disorder positive status.</p> 
				 	]]>
				</content:encoded>							</item>
					<item>
				<guid>http://zodiac-ffrpg.wikidot.com/forum/t-589867#post-1618212</guid>
				<title>New Limit Break system: Re: New Limit Break system</title>
				<link>http://zodiac-ffrpg.wikidot.com/forum/t-589867/new-limit-break-system#post-1618212</link>
				<description></description>
				<pubDate>Fri, 16 Nov 2012 23:11:29 +0000</pubDate>
				<wikidot:authorName>Regal Pinion</wikidot:authorName>				<wikidot:authorUserId>1119553</wikidot:authorUserId>				<content:encoded>
					<![CDATA[
						 <p>How to learn Chaoticisms&#8230;</p> <p>The GM may decide. Sometimes with the help of the player.<br /> Examples include (but are not limited to):<br /> -Killing a certain enemy or boss<br /> -Reaching a certain experience level<br /> -Learning a specific tech<br /> -Complete a quest<br /> -Buy a specific item<br /> -etc.</p> 
				 	]]>
				</content:encoded>							</item>
					<item>
				<guid>http://zodiac-ffrpg.wikidot.com/forum/t-589867#post-1618207</guid>
				<title>New Limit Break system: New Limit Break system</title>
				<link>http://zodiac-ffrpg.wikidot.com/forum/t-589867/new-limit-break-system#post-1618207</link>
				<description></description>
				<pubDate>Fri, 16 Nov 2012 23:07:37 +0000</pubDate>
				<wikidot:authorName>Regal Pinion</wikidot:authorName>				<wikidot:authorUserId>1119553</wikidot:authorUserId>				<content:encoded>
					<![CDATA[
						 <p>The limit break system here is called &quot;Chaoticisms&quot;. It is influenced by Final Fantasy IX limit break system for Zodiac.</p> <p>I was hoping to receive criticism for this system, and some suggestions. I tried to keep it balanced, but also slightly more challenging. Although I hope it isn't too unfair (or worse: 'monte hauling'). Also I am using my phone to 'type' this so bear with me.</p> <p>Anyway&#8230; here we go&#8230;</p> <p>Chaoticisms are like special techs that a player can use under a certain condition.<br /> The condition consists of making their Order Points (OP) reduce to zero.</p> <p>So let's start with OP. A player's max OP is double their max. HP. it is a good thing to lose OP. For they must have no Order Points left to use a Chaotism.</p> <p>There are three ways to lose OP.<br /> 1. The character is under the positive status effect 'Disorder'. When disorderly the character loses 10% of their max OP. This can deplete to zero. As a reminder, positive status positive effects are temporary. In terms of tech creation, the primary effect, 'Status Effect' (a medium power tech) can induce Disorder as a level 4 tech.</p> <p>2. There is another positive status effect: Push. When a character is Pushed they lose OP equal to the damage done to them (ally or otherwise). In terms of tech creation, the primary effect, 'Status Effect' (a medium power tech) can induce Push as a level 3 tech.</p> <p>3. There is a primary effect called Entropic. The tech depletes a total amount of OP equal to the Tech's base depleting value with a bonus dependent on your magic stat. The Entropic system is heavily - HEAVILY - influenced on the healing table in the zodiac rule book. So for reference use that table. It is in chapter 2 (Tech Creaton) page 13.</p> <div class="content-separator" style="display: none:"></div> <p>Chaoticisms</p> <p>Like Blue Magic, Chaoticsms are strange. Also like Blue magic, once they are learned they cannot be unlearned. They also can't be upgraded. The final similarity is that some of the chaoticisms are a Power Attack or Attack Magic, and the #PX / #MX rules apply. # is the level of the Chaotism P/M is physical/magical and X is the power number (1 is weak, 2 is medium, 3 is strong).</p> <p>Unlike Blue magic, Chaoticisms are personal to the character and have their own set like a White Mage knows White Magic and an Engineer knows Tools. Chaoticsms cost Chaos Points (CP) to cast. The cost of each Chaotitism is equal to its level. The max CP a player is equal to the highest level Chaoticsm they know. There are six levels of Chaoticisms and a player can know as many Chaoticisms until their heart's desirezm but can only know one level 6 Chaotism.</p> <p>When a player reaches zero CP or cannot spend anymore CP they are returned to normal a with their OP full.</p> <p>The level of a Chaoticism is determined by a judgement call. The GM has final say. The player can make up Chaoticisms but it's up to the GM to decide how they are learned.</p> 
				 	]]>
				</content:encoded>							</item>
					<item>
				<guid>http://zodiac-ffrpg.wikidot.com/forum/t-453844#post-1398387</guid>
				<title>helmets optional: Re: helmets optional</title>
				<link>http://zodiac-ffrpg.wikidot.com/forum/t-453844/helmets-optional#post-1398387</link>
				<description></description>
				<pubDate>Tue, 20 Mar 2012 12:02:26 +0000</pubDate>
				<wikidot:authorName>Tac Prime</wikidot:authorName>				<wikidot:authorUserId>1324038</wikidot:authorUserId>				<content:encoded>
					<![CDATA[
						 <p>was just a thought for a little more customization for certain games. the group I am playing with liked the idea of having helmets to add into certain aspects of the game like the green beret and its wonderful +25% hp</p> 
				 	]]>
				</content:encoded>							</item>
					<item>
				<guid>http://zodiac-ffrpg.wikidot.com/forum/t-350413#post-1397647</guid>
				<title>General Chat: Re: General Chat</title>
				<link>http://zodiac-ffrpg.wikidot.com/forum/t-350413/general-chat#post-1397647</link>
				<description></description>
				<pubDate>Mon, 19 Mar 2012 10:50:24 +0000</pubDate>
				<wikidot:authorName>Moronic Ironic</wikidot:authorName>				<wikidot:authorUserId>414635</wikidot:authorUserId>				<content:encoded>
					<![CDATA[
						 <p>Hi, I'm Seamus. I'm actually waiting for some of the updates as I'm trying to create a MUSH (Persistent Text Based RPG Game) using the system for a final fantasy game set in an original world. So I'm hoping to get some of the rules that I have questions about clarified in the future updates, before I start spamming the boards for clarifications. :)</p> 
				 	]]>
				</content:encoded>							</item>
				</channel>
</rss>