<?xml version="1.0" encoding="UTF-8" ?>
<rss version="2.0" xmlns:content="http://purl.org/rss/1.0/modules/content/" xmlns:wikidot="http://www.wikidot.com/rss-namespace">

	<channel>
		<title>Core Rules (new posts)</title>
		<link>http://zodiac-ffrpg.wikidot.com/forum/c-300922/core-rules</link>
		<description>Posts in the forum category &quot;Core Rules&quot; - Discussion on Core Rules of ZODIAC (main rulebook)</description>
				<copyright></copyright>
		<lastBuildDate>Thu, 18 Feb 2021 21:33:45 +0000</lastBuildDate>
		
					<item>
				<guid>http://zodiac-ffrpg.wikidot.com/forum/t-2211118#post-2786560</guid>
				<title>Too much emphasis on Magic stat?: Too much emphasis on Magic stat?</title>
				<link>http://zodiac-ffrpg.wikidot.com/forum/t-2211118/too-much-emphasis-on-magic-stat#post-2786560</link>
				<description></description>
				<pubDate>Sat, 08 Apr 2017 01:14:30 +0000</pubDate>
				<wikidot:authorName>KaikelX</wikidot:authorName>				<wikidot:authorUserId>1320787</wikidot:authorUserId>				<content:encoded>
					<![CDATA[
						 <p>So my group and I have been trying out a bit of Zodiac, and we've found that the strongest characters are the ones that exclusively focus on Magic plus Spirit. Tech levels being dependent solely on Magic means that other character builds (focus on agility, or strength based characters) just can't keep up in both ability variety and strength. It's also a bit puzzling, as it forces characters that might not normally have any need of magic, (warriors and rogues who want to remain physically focused for example, or other characters that might not flavor themselves as magical) to invest in improving their magical skills. And there's only so many variations on enemies that are resistant/immune to magic, venom, poison, dsentence, stone, fatal blow, near-fatal, etc, that spam seal, before it basically comes down to sending dedicated anti-magic builds that exist to give the other characters something to do.</p> <p>We've been thinking about adjusting the system so that tech points are based off any one of the five base stats chosen at the start of the game. This allows characters to choose a &quot;focus&quot; and be rewarded for investing in that focus, without being punished for not picking magic. Would this be a reasonable house rule?</p> 
				 	]]>
				</content:encoded>							</item>
					<item>
				<guid>http://zodiac-ffrpg.wikidot.com/forum/t-2139618#post-2754773</guid>
				<title>4e: 4e</title>
				<link>http://zodiac-ffrpg.wikidot.com/forum/t-2139618/4e#post-2754773</link>
				<description></description>
				<pubDate>Fri, 24 Feb 2017 22:08:15 +0000</pubDate>
				<wikidot:authorName>Hydro Globus</wikidot:authorName>				<wikidot:authorUserId>2618421</wikidot:authorUserId>				<content:encoded>
					<![CDATA[
						 <p>Hey, anyone who reads this! (Hopefully Agent Boogeyman)</p> <p>So, your note regarding 4th Edition has been out for a while, with no word beyond that. Could we (I don't believe I'm the only one who still regularly checks) get an update regarding your progress, or if the overhaul project is shelved for now, or anything? :) I remember I got really excited when I first saw the post.</p> <p>BR,<br /> Hydro Globus,<br /> the (second) Spoony Bard</p> 
				 	]]>
				</content:encoded>							</item>
					<item>
				<guid>http://zodiac-ffrpg.wikidot.com/forum/t-1771400#post-2545336</guid>
				<title>Guard and Tech Set Questions: Guard and Tech Set Questions</title>
				<link>http://zodiac-ffrpg.wikidot.com/forum/t-1771400/guard-and-tech-set-questions#post-2545336</link>
				<description></description>
				<pubDate>Fri, 29 Jul 2016 01:15:54 +0000</pubDate>
				<wikidot:authorName>Fabio Melo</wikidot:authorName>				<wikidot:authorUserId>2800269</wikidot:authorUserId>				<content:encoded>
					<![CDATA[
						 <p>1.so on every weapons page there is a Distribution number. Spears for example have Distribution: 5P/1M. what is this?<br /> 2. If i were to use the range into a map mode. would assuming Short range is 1 square away, medium for 2 and long range for 3 squares away be correct?<br /> 3. im currently trying to add everything on the site into a convenient word file. (So far so good) However, the site is missing a few things:<br /> <span style="text-decoration: underline;">Guard:</span><br /> Hats<br /> Shields<br /> <span style="text-decoration: underline;">Tech Set:</span><br /> Arts of War (Knight)<br /> Battle Skill (Fighter)<br /> If I could get info for these it would be awesome as i am trying to host a game for a few friends</p> 
				 	]]>
				</content:encoded>							</item>
					<item>
				<guid>http://zodiac-ffrpg.wikidot.com/forum/t-1643894#post-2530970</guid>
				<title>Revive mid combat initiative question: Re: Revive mid combat initiative question</title>
				<link>http://zodiac-ffrpg.wikidot.com/forum/t-1643894/revive-mid-combat-initiative-question#post-2530970</link>
				<description></description>
				<pubDate>Fri, 01 Jul 2016 11:50:23 +0000</pubDate>
				<wikidot:authorName>Hydro Globus</wikidot:authorName>				<wikidot:authorUserId>2618421</wikidot:authorUserId>				<content:encoded>
					<![CDATA[
						 <p>Sorry for not checking the thread. Anyway, it is on p60, at the description of the unconscious status.</p> 
				 	]]>
				</content:encoded>							</item>
					<item>
				<guid>http://zodiac-ffrpg.wikidot.com/forum/t-1643894#post-2496034</guid>
				<title>Revive mid combat initiative question: Re: Revive mid combat initiative question</title>
				<link>http://zodiac-ffrpg.wikidot.com/forum/t-1643894/revive-mid-combat-initiative-question#post-2496034</link>
				<description></description>
				<pubDate>Fri, 22 Apr 2016 15:53:20 +0000</pubDate>
				<wikidot:authorName>DFroGGotten1</wikidot:authorName>				<wikidot:authorUserId>498563</wikidot:authorUserId>				<content:encoded>
					<![CDATA[
						 <p>I believe it's in the Combat section of the book.</p> 
				 	]]>
				</content:encoded>							</item>
					<item>
				<guid>http://zodiac-ffrpg.wikidot.com/forum/t-1643894#post-2473457</guid>
				<title>Revive mid combat initiative question: Re: Revive mid combat initiative question</title>
				<link>http://zodiac-ffrpg.wikidot.com/forum/t-1643894/revive-mid-combat-initiative-question#post-2473457</link>
				<description></description>
				<pubDate>Wed, 16 Mar 2016 05:46:22 +0000</pubDate>
				<wikidot:authorName>KaikelX</wikidot:authorName>				<wikidot:authorUserId>1320787</wikidot:authorUserId>				<content:encoded>
					<![CDATA[
						 <p>Could you tell me where? I can't seem to find where it says that.</p> 
				 	]]>
				</content:encoded>							</item>
					<item>
				<guid>http://zodiac-ffrpg.wikidot.com/forum/t-1643894#post-2473113</guid>
				<title>Revive mid combat initiative question: Re: Revive mid combat initiative question</title>
				<link>http://zodiac-ffrpg.wikidot.com/forum/t-1643894/revive-mid-combat-initiative-question#post-2473113</link>
				<description></description>
				<pubDate>Tue, 15 Mar 2016 16:48:39 +0000</pubDate>
				<wikidot:authorName>Hydro Globus</wikidot:authorName>				<wikidot:authorUserId>2618421</wikidot:authorUserId>				<content:encoded>
					<![CDATA[
						 <p>Doesn't it say in the book that an unconscious character is always down to 0sp?</p> 
				 	]]>
				</content:encoded>							</item>
					<item>
				<guid>http://zodiac-ffrpg.wikidot.com/forum/t-1643894#post-2472174</guid>
				<title>Revive mid combat initiative question: Revive mid combat initiative question</title>
				<link>http://zodiac-ffrpg.wikidot.com/forum/t-1643894/revive-mid-combat-initiative-question#post-2472174</link>
				<description></description>
				<pubDate>Sun, 13 Mar 2016 19:29:58 +0000</pubDate>
				<wikidot:authorName>KaikelX</wikidot:authorName>				<wikidot:authorUserId>1320787</wikidot:authorUserId>				<content:encoded>
					<![CDATA[
						 <p>So it looks like this site has been inactive for a while now, but I'm hoping I can get a response some time in the future. I've been programming several utilities to help run my own ZODIAC campaign (so far I have stat calculators for players/monsters), and have been working on an initiative tool to automate combat tracking. The first issue I ran into was how to calculate slow/haste, and I've done that (and added my own little balancing attempt) by remembering the old speed value, calculating the difference between the new and old speed values, then adding that back into the running &quot;initiative&quot; pool that actions are drawn from.</p> <p>For example, say haste grants a player with 10 speed another 2 points of speed, while their running total is 16 (rolled a 6 at the start of combat). They would subtract 8 for casting haste and add 2 to their speed total. Since 12 speed -10 (the old value) speed is 2, they also add 2 points to their running total. They have 10sp to work with in combat as of now.</p> <p>My real question is, how does revive or raise effects work when determining who gets to go when? Should they act on their current initiative? (This could lead to a situation where Kari the Black Mage dies with 16sp remaining. Rubie the White Mage decides to use her last 8sp (and is the last player/monster able to move for the round) to revive Kari, meaning that Kari would get to act twice in a row immediately)</p> <p>Or should raise make a character stuck at 0 initiative, so they have to wait next round to act? This would discourage raising at the beginning of rounds, since a character might be raised just to die all over again.</p> <p>The solution I'm thinking of right now is that the player revives at the caster's speed. So either the player revives at the old speed value (so the healer subtracts their speed points, meaning that the revived character goes before the healer can act again, guaranteed) or at the new speed value (so both players would act in the same instant). I'll probably default to the latter option, but any input I could get would be welcome.</p> 
				 	]]>
				</content:encoded>							</item>
					<item>
				<guid>http://zodiac-ffrpg.wikidot.com/forum/t-1176092#post-2278058</guid>
				<title>Capture?: Re: Capture?</title>
				<link>http://zodiac-ffrpg.wikidot.com/forum/t-1176092/capture#post-2278058</link>
				<description></description>
				<pubDate>Fri, 24 Apr 2015 22:54:50 +0000</pubDate>
				<wikidot:authorName>DFroGGotten1</wikidot:authorName>				<wikidot:authorUserId>498563</wikidot:authorUserId>				<content:encoded>
					<![CDATA[
						 <p>It depends on the campaign and the Master, really. This is a simple system, So I would propose training like so:<br /> Roll 1d10. On a result of 3 to 8, Add 1 to an additional stat just for the monster, maybe called 'Tame'.<br /> On a 2, Subtract 1.<br /> On a 1, Subtract 3<br /> On a 9, Add 2.<br /> On a 10, Add 3.<br /> The Tame stat has a base value of 30. For every day of training, Roll to train up Tame. Higher values mean better chance of a command.<br /> When you release the monster to attack, roll 1d100. If the roll is below Tame's stat value, The action takes place and the creature can return to the owner (Master's Decretion.) Otherwise, The creature attacks and escapes.</p> 
				 	]]>
				</content:encoded>							</item>
					<item>
				<guid>http://zodiac-ffrpg.wikidot.com/forum/t-1176092#post-2274534</guid>
				<title>Capture?: Capture?</title>
				<link>http://zodiac-ffrpg.wikidot.com/forum/t-1176092/capture#post-2274534</link>
				<description></description>
				<pubDate>Mon, 20 Apr 2015 22:04:23 +0000</pubDate>
				<wikidot:authorName>Sokkehoved</wikidot:authorName>				<wikidot:authorUserId>2130623</wikidot:authorUserId>				<content:encoded>
					<![CDATA[
						 <p>Hey everyone</p> <p>I was just wondering about the Capture Command Skill, It says that you can capture and train a monster, the training part how might you be able to implement that?</p> 
				 	]]>
				</content:encoded>							</item>
					<item>
				<guid>http://zodiac-ffrpg.wikidot.com/forum/t-1159214#post-2271067</guid>
				<title>Runic: Re: Runic</title>
				<link>http://zodiac-ffrpg.wikidot.com/forum/t-1159214/runic#post-2271067</link>
				<description></description>
				<pubDate>Wed, 15 Apr 2015 15:00:45 +0000</pubDate>
				<wikidot:authorName>DFroGGotten1</wikidot:authorName>				<wikidot:authorUserId>498563</wikidot:authorUserId>				<content:encoded>
					<![CDATA[
						 <p>It recovers both HP and MP, and as monster's goes up in level, so does damage. Monsters can do more damage than PCs can sometimes under the right conditions. As such, which would be better, absorbing 2 MP from a weak attack magic because of it's cost, or absorbing 48 HP and 9 MP from the same spell with the monster with 100 MAG under a +50 Magic Boost? Even without a Magic Boost, Minimum damage would be 21 HP and 4 MP absorbed.<br /> Balance, my friend, and usefulness is the answer.</p> 
				 	]]>
				</content:encoded>							</item>
					<item>
				<guid>http://zodiac-ffrpg.wikidot.com/forum/t-1159214#post-2259330</guid>
				<title>Runic: Runic</title>
				<link>http://zodiac-ffrpg.wikidot.com/forum/t-1159214/runic#post-2259330</link>
				<description></description>
				<pubDate>Sat, 28 Mar 2015 16:50:03 +0000</pubDate>
				<wikidot:authorName>Aleph Ozone</wikidot:authorName>				<wikidot:authorUserId>1986833</wikidot:authorUserId>				<content:encoded>
					<![CDATA[
						 <p>I've a question regarding the Command Skill Runic: why does it recover HP? why doesn't it work like in the actual games, where it just recovers the MP of the one who used it by the MP spent to cast the spell it absorbed??</p> 
				 	]]>
				</content:encoded>							</item>
					<item>
				<guid>http://zodiac-ffrpg.wikidot.com/forum/t-350436#post-2224158</guid>
				<title>Relics: Re: Relics</title>
				<link>http://zodiac-ffrpg.wikidot.com/forum/t-350436/relics#post-2224158</link>
				<description></description>
				<pubDate>Tue, 03 Feb 2015 23:09:54 +0000</pubDate>
				<wikidot:authorName>DFroGGotten1</wikidot:authorName>				<wikidot:authorUserId>498563</wikidot:authorUserId>				<content:encoded>
					<![CDATA[
						 <p>I'm in the process of creating a Master's Guide, called 'The Master's Codex'. But keep in mind I'm also working on BEASTIE BOOK and a module for beginners. If anyone would like to offer any help, It'll be most appreciated.</p> 
				 	]]>
				</content:encoded>							</item>
					<item>
				<guid>http://zodiac-ffrpg.wikidot.com/forum/t-350436#post-2219330</guid>
				<title>Relics: Re: Relics</title>
				<link>http://zodiac-ffrpg.wikidot.com/forum/t-350436/relics#post-2219330</link>
				<description></description>
				<pubDate>Thu, 29 Jan 2015 06:18:24 +0000</pubDate>
				<wikidot:authorName>ThunderGodCidofolas</wikidot:authorName>				<wikidot:authorUserId>2053384</wikidot:authorUserId>				<content:encoded>
					<![CDATA[
						 <p>I'm not sure how your group is doing things if people are only ever making two relics, and not even using both of them. The GM decides which relics are available at what times, and there's a provision to make two explicitly End-Game tier relics that are&#8230;well, for the end game. Your best relic should never be available right away. Hell, you shouldn't even be buying relics at all at the outset, considering you only get 200 G for initial equipment, where the cheapest possible relic costs 500. The first eight basically fall into the patter you outlined with Sub Relics (minus allowing characters to equip other command skills, which really is going to vary from campaign to campaign), while the two artifacts aren't going to show up for quite some time.<br /> You're right that there could be more options added to Relics, though.</p> <p>This also makes me wonder if ZODIAC couldn't benefit from a sort of 'DM's Guide' equivalent, outlining expected milestones for when characters should expect to find equipment tiers and that sort of thing. I don't know if 'S' would have passed along any internal documents about that to the new ownership, though.</p> 
				 	]]>
				</content:encoded>							</item>
					<item>
				<guid>http://zodiac-ffrpg.wikidot.com/forum/t-800499#post-2218408</guid>
				<title>Summoning Aeon too powerful???: Re: Summoning Aeon too powerful???</title>
				<link>http://zodiac-ffrpg.wikidot.com/forum/t-800499/summoning-aeon-too-powerful#post-2218408</link>
				<description></description>
				<pubDate>Wed, 28 Jan 2015 05:40:53 +0000</pubDate>
				<wikidot:authorName>ThunderGodCidofolas</wikidot:authorName>				<wikidot:authorUserId>2053384</wikidot:authorUserId>				<content:encoded>
					<![CDATA[
						 <p>Two points, if anyone's still reading this thread:</p> <p>A) Aeon summoning is probably an optional rule for a reason.</p> <p>B) Rules as written, you can fake it just as easily by using Morph's Multi-Form version, with stricter limitations (Constant MP drain, Can't repeatedly double or more your HP at will).</p> 
				 	]]>
				</content:encoded>							</item>
					<item>
				<guid>http://zodiac-ffrpg.wikidot.com/forum/t-1071449#post-2201878</guid>
				<title>The Counter support skill: Re: The Counter support skill</title>
				<link>http://zodiac-ffrpg.wikidot.com/forum/t-1071449/the-counter-support-skill#post-2201878</link>
				<description></description>
				<pubDate>Fri, 09 Jan 2015 18:59:23 +0000</pubDate>
				<wikidot:authorName>Aleph Ozone</wikidot:authorName>				<wikidot:authorUserId>1986833</wikidot:authorUserId>				<content:encoded>
					<![CDATA[
						 <p>Yeah, I see your point&#8230; I really only suggested Counter and Concentrate for Command Skills due to them being more powerful than most other support skills.</p> 
				 	]]>
				</content:encoded>							</item>
					<item>
				<guid>http://zodiac-ffrpg.wikidot.com/forum/t-1071449#post-2199087</guid>
				<title>The Counter support skill: Re: The Counter support skill</title>
				<link>http://zodiac-ffrpg.wikidot.com/forum/t-1071449/the-counter-support-skill#post-2199087</link>
				<description></description>
				<pubDate>Wed, 07 Jan 2015 18:42:17 +0000</pubDate>
				<wikidot:authorName>Doresh</wikidot:authorName>				<wikidot:authorUserId>654492</wikidot:authorUserId>				<content:encoded>
					<![CDATA[
						 <p>Normal Attacks do have a couple problems, especially how you can replace it with a low-level Power Attack (or higher level with Short-Range and Inacurrate to be closer to a Normal Attack) that will serve you much better. Maybe a boost for Concentrate for those looking for an alternative?</p> <p>Making Peep a Support Skill and sounds lovely. Sure, it steps away from the FFIV version it is based on, but several later games have &quot;perma-Peep&quot; abilities and equipment. And making it cost zero both in MP and actions really gives it a noticable edge over Scan.</p> <p>Not so sure about Counter being a Command Skill, as you can't actively use it (though you could make a variation that lets you enter a counter stance, forgoing your action in favor of guaranteed Counters). Not so sure about Concentrate though. the other attack Command Skills always seem to have something to balance their increased usefulness, but Concentrate only adds stuff.</p> 
				 	]]>
				</content:encoded>							</item>
					<item>
				<guid>http://zodiac-ffrpg.wikidot.com/forum/t-1071449#post-2192122</guid>
				<title>The Counter support skill: Re: The Counter support skill</title>
				<link>http://zodiac-ffrpg.wikidot.com/forum/t-1071449/the-counter-support-skill#post-2192122</link>
				<description></description>
				<pubDate>Wed, 31 Dec 2014 00:04:01 +0000</pubDate>
				<wikidot:authorName>Aleph Ozone</wikidot:authorName>				<wikidot:authorUserId>1986833</wikidot:authorUserId>				<content:encoded>
					<![CDATA[
						 <p>An insteresting point with regards to Concentrate, but I don't think an option should be limited to only be good with a certain combo, unless making it good outside the combo would make the combo itself overpowered.</p> <p>Speaking of Concentrate, I once considered (and that's something I still want to do) making a character focused entirely on critical hits, based on Saix from Kingdom Hearts (in Days, Saix is mediocre to average in most stats, but he has maxed critical damage and critical chance). The problem is that in Zodiac, normal attacks are mediocre. Even with Concentrate, by the time you have a decent chance of critical, a balanced character would have plenty of techs to cause much more damage than your critical attacks can. Not to mention regular attacks can't hit multiple enemies at the same time, or cause status effects&#8230; so a build focused on normal attacks is just not viable.</p> <p>Yeah, I understand the whole emulation thing&#8230; but in the end this is still a tabletop rpg system, and I think making things balanced should come before emulating the games.</p> <p>EDIT: I personally think Peep should be a Support Skill, while Counter and Concentrate should be Command Skills. There's others that should be changed like that&#8230;</p> 
				 	]]>
				</content:encoded>							</item>
					<item>
				<guid>http://zodiac-ffrpg.wikidot.com/forum/t-1071449#post-2192085</guid>
				<title>The Counter support skill: Re: The Counter support skill</title>
				<link>http://zodiac-ffrpg.wikidot.com/forum/t-1071449/the-counter-support-skill#post-2192085</link>
				<description></description>
				<pubDate>Tue, 30 Dec 2014 22:32:29 +0000</pubDate>
				<wikidot:authorName>Doresh</wikidot:authorName>				<wikidot:authorUserId>654492</wikidot:authorUserId>				<content:encoded>
					<![CDATA[
						 <p>Seeing how there is also no drawback in picking the Tech Counter that allows you to use any tech, and that Peep can be replaced entirely by a 1 MP Tech, it seems some Secondary Skill choices are more flavor and specific-FF-entry-emulation than anything.</p> <p>And I would say the Normal Attack Counter could be effective if you could drop your Command Skill and pick Concentrate instead.</p> 
				 	]]>
				</content:encoded>							</item>
					<item>
				<guid>http://zodiac-ffrpg.wikidot.com/forum/t-1071449#post-2191293</guid>
				<title>The Counter support skill: Re: The Counter support skill</title>
				<link>http://zodiac-ffrpg.wikidot.com/forum/t-1071449/the-counter-support-skill#post-2191293</link>
				<description></description>
				<pubDate>Mon, 29 Dec 2014 17:51:59 +0000</pubDate>
				<wikidot:authorName>Aleph Ozone</wikidot:authorName>				<wikidot:authorUserId>1986833</wikidot:authorUserId>				<content:encoded>
					<![CDATA[
						 <p>I would say the &quot;burning mp faster&quot; thing isn't much of a problem, but this is just the way I play. I can understand why someone would want to use a Tech Counter instead of an X-Magic Counter&#8230;</p> <p>But I don't think it's fair for Tech Counters to have a worse chance of happening. Sure, they save mp, but they will never be as strong as X-Magic (1 attack tech vs. 2; 1 healing tech vs. a healing tech and a positive status effect). What I'm trying to say is, you could argue an X-Magic Counter having a better chance of success balances the fact they burn through more mp, but the mp burning is already balanced by being more powerful than normal techs, so the better chance of success makes it unfair for people who want to use normal techs instead of X-Magic&#8230;</p> <p>What you said about charge techs&#8230; that's an interesting point, I hadn't considered that. Now that is something I'd consider it being worth of giving Tech Counters a smaller chance of success, but it's not worth it if it means regular techs get the short end of the stick. I'd personally suggest Tech Counters having a 30% chance of success, unless it's a charge tech in which case it'd be only 20% chance of successs&#8230;</p> <p>A problem arises though: Normal Attack Counters become pointless, since they're not as strong as techs and would have the same chance of success&#8230; honestly, consdering how underwhelming normal attacks seem in ZODIAC (a problem that people here seem to be trying to fix) I'd give Normal Attack Counters a 50% chance of success, maybe more, maybe 45% or 40% if 50% is too overpowered, although I don't think it is&#8230; gotta test all this.</p> 
				 	]]>
				</content:encoded>							</item>
				</channel>
</rss>