<?xml version="1.0" encoding="UTF-8" ?>
<rss version="2.0" xmlns:content="http://purl.org/rss/1.0/modules/content/" xmlns:wikidot="http://www.wikidot.com/rss-namespace">

	<channel>
		<title>Techs and Tech Sets (new posts)</title>
		<link>http://zodiac-ffrpg.wikidot.com/forum/c-300925/techs-and-tech-sets</link>
		<description>Posts in the forum category &quot;Techs and Tech Sets&quot; - For all your Tech and Tech set needs. User submited material for Techs</description>
				<copyright></copyright>
		<lastBuildDate>Thu, 18 Feb 2021 21:34:29 +0000</lastBuildDate>
		
					<item>
				<guid>http://zodiac-ffrpg.wikidot.com/forum/t-471015#post-2031038</guid>
				<title>Blue Magic!: Re: Blue Magic!</title>
				<link>http://zodiac-ffrpg.wikidot.com/forum/t-471015/blue-magic#post-2031038</link>
				<description></description>
				<pubDate>Tue, 13 May 2014 06:14:58 +0000</pubDate>
				<wikidot:authorName>Regal Pinion</wikidot:authorName>				<wikidot:authorUserId>1119553</wikidot:authorUserId>				<content:encoded>
					<![CDATA[
						 <p>I like those three, JBPuffin. :)<br /> I've got a few more&#8230;</p> <p><strong>1,000 Needlesga</strong><br /> <em>MP: 37</em><br /> A more powerful version of 1,000 Needles. The caster now sends cactus needles in bursts.<br /> This can only be cast on the Blue Mage's very first turn in battle. At the end of each turn the caster has,<br /> one random enemy is dealt exactly 100 damage. This lasts for ten of the caster's turns.</p> <p><strong>Dark White</strong><br /> <em>MP: 19</em><br /> The Blue Mage unleashes a ball of indescribable energy. If the target is an ally of self, then target gains Regen for 1d4+1 ticks. If the target is an enemy it deals 4M2 Shadow damage.</p> <p><strong>Poseidon Strike</strong><br /> <em>MP: 41</em><br /> Channeling the power of the God of earthquakes and the sea, the Blue Mage unleashes a mass of wrath upon the enemies.<br /> Flip a coin. If heads this spell deals 6P3 water damage to a single enemy. If tails, this spell deals 5M3 earth damage to all enemies.</p> <p><strong>Hidden Sickle</strong><br /> <em>MP: 23</em><br /> The Blue Mage attacks with a hidden farmer's sickle.<br /> Target enemy is dealt 4P1 non-elemental damage. If the attack succeeds then the Blue Mage may make an additional attack roll at -40. If the attack is successful then she steals one of the target's items as per the Steal Minor Ability.</p> 
				 	]]>
				</content:encoded>							</item>
					<item>
				<guid>http://zodiac-ffrpg.wikidot.com/forum/t-773261#post-1988889</guid>
				<title>Dark Sword: Re: Dark Sword</title>
				<link>http://zodiac-ffrpg.wikidot.com/forum/t-773261/dark-sword#post-1988889</link>
				<description></description>
				<pubDate>Tue, 11 Mar 2014 18:18:32 +0000</pubDate>
				<wikidot:authorName>Regal Pinion</wikidot:authorName>				<wikidot:authorUserId>1119553</wikidot:authorUserId>				<content:encoded>
					<![CDATA[
						 <p>I was a bit worried that the self-heal was a bit out-of-character.<br /> To be honest I was trying to find a way in which the Sable Knight could gain some spent HP without another drain.</p> <p>Although after making this class, I'm pretty sure their ultimate enemy is anything undead. XD</p> 
				 	]]>
				</content:encoded>							</item>
					<item>
				<guid>http://zodiac-ffrpg.wikidot.com/forum/t-773261#post-1985463</guid>
				<title>Dark Sword: Re: Dark Sword</title>
				<link>http://zodiac-ffrpg.wikidot.com/forum/t-773261/dark-sword#post-1985463</link>
				<description></description>
				<pubDate>Thu, 06 Mar 2014 21:38:23 +0000</pubDate>
				<wikidot:authorName>Doresh</wikidot:authorName>				<wikidot:authorUserId>654492</wikidot:authorUserId>				<content:encoded>
					<![CDATA[
						 <p>Nice - though I think a HP drain move would be more fitting than a self-heal :3</p> 
				 	]]>
				</content:encoded>							</item>
					<item>
				<guid>http://zodiac-ffrpg.wikidot.com/forum/t-773261#post-1959658</guid>
				<title>Dark Sword: Dark Sword</title>
				<link>http://zodiac-ffrpg.wikidot.com/forum/t-773261/dark-sword#post-1959658</link>
				<description></description>
				<pubDate>Fri, 07 Feb 2014 08:14:27 +0000</pubDate>
				<wikidot:authorName>Regal Pinion</wikidot:authorName>				<wikidot:authorUserId>1119553</wikidot:authorUserId>				<content:encoded>
					<![CDATA[
						 <p>The opposite of the Paladin, a Sable Knight is a warrior shrouded in darkness. Many Sable Knights draw their strength from powerful demons or from the netherworld itself. Yet not all Sable Knights are evil. Perhaps they have been coerced or misguided, or perhaps have had no other choice but to turn to the darkness after having been cast from the light. Often, these unfortunate Sable Knights wish for nothing more than to leave the shadows behind. But whatever their motivation, their Dark Sword technique is deadly, and with a large number of techniques that drain the life and spirit from their foes to replenish the Sable Knight's strength.</p> <p><strong>Abyssal Blade</strong><br /> <em>Cost: 70 HP (Sacrifice)</em><br /> Primary: Quadra Slam (Strong)<br /> Secondary: Shadow elemental<br /> A red light leaves the Sable Knight's body and envelopes his sword. He swings his blade and attacks his foes four times using his lost vitality as his weapon.<br /> <em>(Level 3 Tech)</em></p> <p><strong>Crushing Blow</strong><br /> <em>Cost: 26 MP</em><br /> Primary: Demi Attack (33% of Current Value)<br /> Secondary: Inflict Stop at -65<br /> Secondary: Shadow Elemental<br /> The Sable Knight points her weapon at an opponent and focuses all of her wrath unto them. A cloud of black surrounds her foe and, without a second wasted, collapses on them. Sometimes the victim of this attack freezes with fear after being crushed by the darkness. It makes one wonder what they saw&#8230;<br /> <em>(Level 2 Tech)</em></p> <p><strong>Dark Wave</strong><br /> <em>Cost: 12 MP</em><br /> Primary: Power Attack (Medium)<br /> Secondary: Area Effect<br /> Secondary: Shadow Elemental<br /> The signature move of a Sable Knight. The Sable Knight focuses his energy on his weapon and swings it, allowing the dark energy to escape and unleash it's destruction on his enemies.<br /> <em>(Level 2 Tech)</em></p> <p><strong>Final Ebony</strong><br /> <em>Cost: 340 HP (Sacrifice)</em><br /> Primary: Power Attack (Strong)<br /> Secondary: Boost +50% Damage<br /> Secondary: Shadow Elemental<br /> The Sable Knight's ultimate move. The Sable Knight sacrifices a piece of her soul; darkness surrounds the Sable Knight's body until it solidifies, transforming her into a beast resembling black smoke and glowing red eyes. She charges at her enemy and unleashes a series of devastating blows.<br /> <em>(Level 6 Tech)</em></p> <p><strong>Infernal Leech</strong><br /> <em>Cost: 9 SP (Charge Power)</em><br /> Primary: MP Steal<br /> The Sable Knight puts his free hand in the air, palm facing his opponent. Dark spirits escape his palm and leeches MP from his foe and come back to their master bestowing him the boon of someone's power.<br /> (Level 3 Tech)</p> <p><strong>Last Dream</strong><br /> <em>Cost: 26 MP</em><br /> Primary: Inflict Sleep at -35<br /> Secondary: Inflict Poison at -60<br /> The Sable Knight summons a ball of dark energy above her enemy. The ball hesitates for a few moments then quickly falls and engulfs the opponent. If she is lucky the opponent will succumb to fatigue and sleep. If she is luckier, the opponent will suffer from a nightmare and will slowly fade away.<br /> <em>(Level 4 Tech)</em></p> <p><strong>Night's Vow</strong><br /> <em>Cost: 30 HP (Sacrifice)</em><br /> Primary: Haste<br /> Secondary: Self-Only<br /> The Sable Knight makes an oath to the darkness. By giving a piece of himself to Night, he can now achieve tasks at an inhuman rate.<br /> <em>(Level 3 Tech)</em></p> <p><strong>Pitch Black</strong><br /> <em>Cost: 6 MP</em><br /> Primary: Healing (Medium)<br /> Secondary: Self-Only<br /> An aura of ebony shrouds the Sable Knight. When the aura becomes large enough it gets absorbed into her body, healing her of her wounds.<br /> <em>(Level 3 Tech)</em></p> <p><strong>Sanguine Sword</strong><br /> <em>Cost: 37 MP</em><br /> Primary: Power Attack (Medium)<br /> Secondary: Drain 50%<br /> Secondary: Shadow Elemental<br /> The Sable Knight focuses his energy on his sword. A red aura is unleashed as he swings it. The aura leaves his enemy's body and enters him, healing the Sable Knight with his foe's life force.<br /> <em>(Level 4 Tech)</em></p> <p><strong>Unholy Sacrifice</strong><br /> <em>Cost: 60 HP (Sacrifice)</em><br /> Primary: Power Attack (Medium)<br /> Secondary: Area Attack<br /> Secondary: Shadow Elemental<br /> The Sable Knight entrusts her soul into her sword. She stabs the earth and a black burst of energy erupts from the ground, damaging all enemies.<br /> <em>(Level 2 Tech)</em></p> <p>Hope this helps.</p> 
				 	]]>
				</content:encoded>							</item>
					<item>
				<guid>http://zodiac-ffrpg.wikidot.com/forum/t-471015#post-1958926</guid>
				<title>Blue Magic!: Re: Blue Magic!</title>
				<link>http://zodiac-ffrpg.wikidot.com/forum/t-471015/blue-magic#post-1958926</link>
				<description></description>
				<pubDate>Thu, 06 Feb 2014 20:26:00 +0000</pubDate>
				<wikidot:authorName>JBPuffin</wikidot:authorName>				<wikidot:authorUserId>1299270</wikidot:authorUserId>				<content:encoded>
					<![CDATA[
						 <p>Alright, I'll bite; here's round 1.</p> <p><strong>Phoenix Tear</strong><br /> <em>MP: 14, HP: 35</em><br /> The blue mage sheds a single tear of crimson fire, which drops onto the target's prone body. Target ally is revived, and regains 25% health. If the target is weak to fire, he/she/it is revived at 50%; if resistant, 20%; if immune, 10%; and if the target absorbs fire, the target is revived with 1 HP remaining.</p> <p><strong>Flash Cannon</strong><br /> <em>MP: 29</em><br /> A bright white beam of energy surges from the blue mage, searing one target and bathing all in its light. Deal 3M3 fire and holy damage to a single enemy, then target everyone else with a Blind status roll made at -25 (everyone else includes allies, but not you).</p> <p><strong>Grave Retribution</strong><br /> <em>MP: Special</em><br /> The blue mage lifts a knife to their heart; smiling grimly, she plunges it through, causing an enemy on the field to join her. Make an Instant Death attack against a single enemy with a -35 penalty to the roll. The blue mage is reduced to 0 HP, regardless of the results, and cannot be revived by Reraise or any Revive tech/item other than a Level 6 tech or Phoenix Pinion; even then, they only regain 10% of their HP if they are revived.</p> 
				 	]]>
				</content:encoded>							</item>
					<item>
				<guid>http://zodiac-ffrpg.wikidot.com/forum/t-657023#post-1785761</guid>
				<title>Open the Box: Open the Box</title>
				<link>http://zodiac-ffrpg.wikidot.com/forum/t-657023/open-the-box#post-1785761</link>
				<description></description>
				<pubDate>Wed, 29 May 2013 21:11:35 +0000</pubDate>
				<wikidot:authorName>Regal Pinion</wikidot:authorName>				<wikidot:authorUserId>1119553</wikidot:authorUserId>				<content:encoded>
					<![CDATA[
						 <p>Sometimes in order to protect, rules and codes must be broken. When a Dark Keyblader runs out of Order Points he decides to show his enemies a little taste of the Creation. The name of this Chaoticism Set is based on the myth of Pandora’s Box.<br /> Here are <em>some</em> examples for the Chaoticisms:</p> <p><strong>Fear</strong><br /> <em>Level 3 Chaoticism</em><br /> Inflict three random statuses on one enemy.</p> <p><strong>Greed</strong><br /> <em>Level 1 Chaoticism</em><br /> Deals 1M2 damage to an opponent. Gain gil from the amount of damage dealt.</p> <p><strong>Hatred</strong><br /> <em>Level 4 Chaoticism</em><br /> Inflict one random status on an enemy and deal 3P3 damage.</p> <p><strong>Hope</strong><br /> <em>Level 6 Chaoticsm</em><br /> All negative status ailments are cured on both sides. Party gains Barrier, Haste, and Regen.</p> <p><strong>Madness</strong><br /> <em>Level 5 Chaoticism</em><br /> Deal 5M3 damage to all enemies.</p> <p><strong>Old Age</strong><br /> <em>Level 2 Chaoticism</em><br /> Deals 1M2 damage to an opponent. Gain MP from the amount of damage dealt.</p> 
				 	]]>
				</content:encoded>							</item>
					<item>
				<guid>http://zodiac-ffrpg.wikidot.com/forum/t-638277#post-1741084</guid>
				<title>Lokkenky: Lokkenky</title>
				<link>http://zodiac-ffrpg.wikidot.com/forum/t-638277/lokkenky#post-1741084</link>
				<description></description>
				<pubDate>Fri, 29 Mar 2013 16:21:05 +0000</pubDate>
				<wikidot:authorName>Regal Pinion</wikidot:authorName>				<wikidot:authorUserId>1119553</wikidot:authorUserId>				<content:encoded>
					<![CDATA[
						 <h1><span>Lokkenky</span></h1> <p>Lokkenky is the fighting style that is most common among Keybladers and Dark Keybladers. In fact this tech is the only thing they have in common verbatim. Lokkenky utilizes the keyblade’s structure and nature as a way to unleash physical and magical prowess. All keybladers are taught how to perform this fighting style, but their teacher is the heart they have (since it was their heart that caused them to be destined with it in the first place). As the keyblader bonds with his weapon, he begins to understand new techniques for this tech.</p> <p><strong>CURE/CURA/CURAGA</strong><br /> <em>Primary: Healing (W) / (M) / (S)</em><br /> The Keyblader finds the inner power of the keyblade to heal a comrade, or herself, of the wounds they have undertaken. White mages were not happy when they found out keybladers could do the same thing.</p> <p><strong>ELEMENTAL</strong><br /> <em>Primary: Magic Attack<br /> Secondary:Elemental</em><br /> Much Like the Black Mage’s spell: Elemental. Keybladers can upgrade and clone this spell (e.g. Fire to Fira, or Fire to Blizzard). Black Mages and white mages alike are convinced that someone stole their Techs.</p> <p><strong>GRAVITY</strong><br /> <em>Primary: Demi Attack (Level 2)</em><br /> You never liked standing anyway.</p> <p><strong>GRAVIGA</strong><br /> <em>Primary: Demi Attack (Level 5)<br /> Secondary: Area Effect</em><br /> No really! They wanted to kneel!</p> <p><strong>HEARTLESS/NOBODY SHOT</strong><br /> <em>Primary: Magic Attack (M)<br /> Secondary: Elemental (Darkness/Holy)</em><br /> Sometimes you learn from your enemies. Whether it’s the ones that represent the will power of our hearts, or the ones that represent the darkness.</p> <p><strong>KEYSTONE</strong><br /> <em>Primary: Power Attack (M)</em><br /> Stand still, while I throw this at your face.</p> <p><strong>TRANSGRESS VERSE</strong><br /> <em>Primary: Entropic (M)<br /> Secondary: Self Only</em><br /> The dark Keyblader understands that sometimes in order to save the world (or existence itself) a few rules must be broken. (This is for use with the &quot;Chaoticism Rules&quot;. The system can be found under Optional Rules: New Limit Break System.)</p> <p><strong>TRUE EDGE</strong><br /> <em>Primary: Fatal Blow</em><br /> This will only hurt you a lot.</p> <p><strong>WHIRLWIND</strong><br /> <em>Primary: Power Attack (W)<br /> Secondary: Area Effect</em><br /> The keyblader spins in a circle and strikes all of his surrounding enemies. It’s amazing how they never get dizzy.</p> <p><strong>YEN-SID’S WRATH</strong><br /> <em>Primary: Debilitate</em><br /> By the power of this strangely named wizard, you shall be weakened by&#8230; something.</p> 
				 	]]>
				</content:encoded>							</item>
					<item>
				<guid>http://zodiac-ffrpg.wikidot.com/forum/t-471015#post-1691994</guid>
				<title>Blue Magic!: Re: Blue Magic!</title>
				<link>http://zodiac-ffrpg.wikidot.com/forum/t-471015/blue-magic#post-1691994</link>
				<description></description>
				<pubDate>Tue, 22 Jan 2013 09:43:49 +0000</pubDate>
				<wikidot:authorName>Regal Pinion</wikidot:authorName>				<wikidot:authorUserId>1119553</wikidot:authorUserId>				<content:encoded>
					<![CDATA[
						 <p><strong>U Mad Bro</strong><br /> <em>MP: 10</em><br /> One poor soul falls victim to a strange form of harassment.<br /> Flip a coin.<br /> Heads: The target is beserk for 1d3+2 turns.<br /> Tails: The target is confused for 1d3+2 turns.<br /> If the coin lands on a blue surface then nothing happens. Problem?</p> <p><strong>Nightmare Cannon</strong><br /> <em>MP: 14</em><br /> A strange primordial black ooze is fired from the blue mage's hand. Deal 3M3 shadow damage to a single enemie.</p> <p><strong>Purging Cannon</strong><br /> <em>MP: 14</em><br /> A strange primordial white ooze is fired from the blue mage's hand. Deal 3M3 holy damage to a single enemie.</p> <p><strong>Xyrosis</strong><br /> <em>MP: 22</em><br /> The blue mage snaps his fingers and little razors form in the victims body. Deal 3M2 damage to a single enemy. The enemy now loses 10% of their Max HP at the end of their tick. This cannot be cured. The effects of Xyrosis lasts until the victim is reduced to zero HP or the battle ends. This spell does nothing to boss monsters.</p> 
				 	]]>
				</content:encoded>							</item>
					<item>
				<guid>http://zodiac-ffrpg.wikidot.com/forum/t-471015#post-1691990</guid>
				<title>Blue Magic!: Re: Blue Magic!</title>
				<link>http://zodiac-ffrpg.wikidot.com/forum/t-471015/blue-magic#post-1691990</link>
				<description></description>
				<pubDate>Tue, 22 Jan 2013 09:29:13 +0000</pubDate>
				<wikidot:authorName>Regal Pinion</wikidot:authorName>				<wikidot:authorUserId>1119553</wikidot:authorUserId>				<content:encoded>
					<![CDATA[
						 <p>If any of these interest you, feel free to use them.</p> <p>Anyway more blue magics!</p> <p><strong>Step</strong><br /> <em>MP: 0</em><br /> The Blue mage walks closer to the Enemie. They must cast Step three times before being able to cast &quot;Chef's Knife&quot;.</p> <p><strong>Chef's Knife</strong><br /> <em>MP: 130</em><br /> The blue mage stabs his foe with a little knife made out of pure 'sc**w you'. Deal 3P6*K where K is the number of Chef's Knives you have (item<sup class="footnoteref"><a id="footnoteref-855720-1" href="javascript:;" class="footnoteref" >1</a></sup> not spell). The max you can carry, is 10.<br /> If the player proclaims &quot;DOINK!&quot; before saying they are casting Chef's Knife, the Mp Cost is cut in half.</p> <p><strong>Gil Cure</strong><br /> <em>MP: 10 + Special</em><br /> The blue mage sacrifices their currency to unleash the potential curative poperties that gil contains within its inanimate soul&#8230; or something (never ask a blue mage how or why). Heal one one target equal to the amount of gil sacrificed on a one for one basis.</p> <p><strong>Healing Flames</strong><br /> <em>MP: 17</em><br /> A green fire bursts from the ground and rushes upward into nothingness, while curing the person it passed through.<br /> Heal a target by 130 + your magic stat. Then apply the formula:</p> <table class="wiki-content-table"> <tr> <th>Target's Relation to fire/healing</th> <th>Modifier</th> </tr> <tr> <td>Weak to fire or under zombie status</td> <td>*-1</td> </tr> <tr> <td>Neutral to fire</td> <td>*1</td> </tr> <tr> <td>Resistant to fire</td> <td>/2</td> </tr> <tr> <td>Immune to fire</td> <td>*0</td> </tr> <tr> <td>Absorbency to fire</td> <td>*1.5</td> </tr> <tr> <td>Greater Absorbensy to fire</td> <td>*2</td> </tr> <tr> <td>Weak against fire <em>and</em> zombie status</td> <td>*-2</td> </tr> </table> <div class="footnotes-footer"> <div class="title">Footnotes</div> <div class="footnote-footer" id="footnote-855720-1"><a href="javascript:;" >1</a>. The item, Chef's Knife is a common drop by Tonberries.</div> </div> 
				 	]]>
				</content:encoded>							</item>
					<item>
				<guid>http://zodiac-ffrpg.wikidot.com/forum/t-471015#post-1460672</guid>
				<title>Blue Magic!: Blue Magic!</title>
				<link>http://zodiac-ffrpg.wikidot.com/forum/t-471015/blue-magic#post-1460672</link>
				<description></description>
				<pubDate>Sat, 26 May 2012 01:30:38 +0000</pubDate>
				<wikidot:authorName>Regal Pinion</wikidot:authorName>				<wikidot:authorUserId>1119553</wikidot:authorUserId>				<content:encoded>
					<![CDATA[
						 <p>The Blue Mage could use a few spells. Let's add to there arsenal!<br /> All Blue Magic is welcome.</p> <p>Now&#8230; Let's begin&#8230;</p> <h3><span>Blue Magics (in no particular order)</span></h3> <p><strong>Pumpkin King</strong><br /> <em>MP: 21</em><br /> Flip a coin. If heads then this deals 3M3 Fire damage to all enemies. If tails it deals 3M3 Shadow damage to a random target with a 50% drain.<br /> <em>Suggested Enemies: Demons</em></p> <p><strong>Every Bit Counts</strong><br /> <em>MP: 1</em><br /> Gain +1 XP at the end of the battle. Can only be used once per battle. Can only be used inside of battle. (This is more of a joke spell.)<br /> <em>Suggested Enemies: Kobolds</em></p> <p><strong>Death By Stupidity</strong><br /> <em>MP: 1</em><br /> The Blue Mage loses all health points and is considered wounded. The Blue Mage that casted this cannot be revived until end of battle. (Also a joke spell.)<br /> <em>Suggested Enemies: Kobolds</em></p> <p><strong>Blue/Blura/Bluaga/Bluaja</strong><br /> <em>MP: Variable</em><br /> No one knows the true orgins of this spell.<br /> Works like the Black Mage powers (Fire/Blizzard/Thunder), except&#8230;<br /> Roll 1d10 and add the elemental effect to the damage dealt.</p> <table class="wiki-content-table"> <tr> <th>Result</th> <th>Element</th> <td>/</td> <th>Spell</th> <th>Damage</th> <th>MP Cost</th> </tr> <tr> <td>1</td> <td>Fire</td> <td>\</td> <td>Blue</td> <td>1M2</td> <td>3 MP</td> </tr> <tr> <td>2</td> <td>Blizzard</td> <td>/</td> <td>Blura</td> <td>3M2</td> <td>12 MP</td> </tr> <tr> <td>3</td> <td>Lightning</td> <td>\</td> <td>Bluaga</td> <td>5M2</td> <td>26 MP</td> </tr> <tr> <td>4</td> <td>Water</td> <td>/</td> <td>Bluaja</td> <td>5M2 (Area Effect)</td> <td>37 MP</td> </tr> <tr> <td>5</td> <td>Wind</td> </tr> <tr> <td>6</td> <td>Earth</td> </tr> <tr> <td>7</td> <td>Holy</td> </tr> <tr> <td>8</td> <td>Shadow</td> </tr> <tr> <td>9</td> <td>Non-Elemental</td> </tr> <tr> <td>10</td> <td>Reroll+<sup class="footnoteref"><a id="footnoteref-602379-1" href="javascript:;" class="footnoteref" >1</a></sup></td> </tr> </table> <p><em>Suggested Enemies: Other Blue Mages</em></p> <p><strong>Suicide King</strong><br /> <em>MP: 21</em><br /> This can either be used with the four suits of the king cards in a poker deck, or 1d4.<br /> Shuffle the four cards and draw one card. If the card drawn is the King of Hearts (or the die result is 4) then each of your allies (excluding you) are healed by the amount of your max HP minus your current. Anything other result deals 3P3 damage to a single opponent.<br /> <em>Suggested Enemies: Robotic Enemies</em></p> <p><strong>Chocometeo</strong><br /> <em>MP: 50</em><br /> A meteorite comes crashing down on an enemy dealing 6M3 non-elemental damage to a single enemy.<br /> <em>Suggested Enemies: Red Chocobo</em></p> <p><strong>Phoenix Flare</strong><br /> <em>MP: 38</em><br /> A flash of light deals 10n non-elemntal magic damage, where 'n' are the number of phoenix pinions you have in stock.<br /> <em>Suggested Enemies: The Phoenix</em></p> <p><strong>Gil Strike</strong><br /> <em>MP: 10</em><br /> Deal 2P1 non-elemental damage to an enemy. Gain GP for the amount of damage dealt. Can only be used twice per battle. If this move is used on a player, they lose GP equal to the health they lost.<br /> <em>Suggested Enemies: Mimics</em></p> <div class="footnotes-footer"> <div class="title">Footnotes</div> <div class="footnote-footer" id="footnote-602379-1"><a href="javascript:;" >1</a>. Add and extra 10 damage for each time the result is 10</div> </div> 
				 	]]>
				</content:encoded>							</item>
					<item>
				<guid>http://zodiac-ffrpg.wikidot.com/forum/t-370066#post-1192867</guid>
				<title>The wish Twins: The wish Twins</title>
				<link>http://zodiac-ffrpg.wikidot.com/forum/t-370066/the-wish-twins#post-1192867</link>
				<description></description>
				<pubDate>Mon, 04 Jul 2011 02:12:36 +0000</pubDate>
				<wikidot:authorName>Aidanika</wikidot:authorName>				<wikidot:authorUserId>502322</wikidot:authorUserId>				<content:encoded>
					<![CDATA[
						 <p>These two characters are actually designed to be played by the same player. They trade wishes between each other, and they each specialize in one of the two different branches of Support characters: Damage Prevention and Status restoration. They are also quite Vitality-heavy, so taking out either one is impossible.</p> <p>But their real trick is simply to keep playing patticake with their Wish command, trading HP between each other at a rate of 3 for 1, making the two of them pretty much invincible when they want to be.</p> <p>These team could be unbreakable! They must be the toughest, hardest to kill, most intimidating adventurers ever! What could they possibly <em>look</em> like?</p> <p>I'm thinking of using my Avatar. Which is Sue and Toroko from Cave Story! Two tiny little rabbit-like Mimiga. At least I think they're tiny. People's sizes are all over the place in that game&#8230;..Any way, while you can kill some Mimiga after certain plot points happen and transform them into&#8230;.something, in some fights you fight some untransformed Mimiga and while they squeak from any damage, they usually get right back up over and over.</p> <p>You shot Toroko long before the time that you actually&#8230;well, that's a spoiler.</p> <p>Anyway, this started as a joke, but now that I thought about it, I think I'd like to actually play as those characters in a game. In Cave Story, Sue and Toroko speak well of each other, and are probably quite important to one another, but due to&#8230;.certain events&#8230;.they are never on screen together. Which is sad.</p> <p>And so, I had time to think about it, and I actually came up with a &quot;backstory&quot; to get the actual characters into any campaign setting.<sup class="footnoteref"><a id="footnoteref-719483-1" href="javascript:;" class="footnoteref" >1</a></sup></p> <p>Sue- Takes a Proactive stance, focuses on nullifying enemy offense and fortifying the party. Sacrifices HP to cast her buffs.</p> <p>Wish/Cover</p> <p>Techs: Positive Statuses, Str Break, Mag Break, Speed Boost and Break, Resistance, Absorbency, Immunity, Drain Demi and Revenge attacks, Curse, Mini, Frog, Stop, Stun, Area Healing for emergencies, Invulnerability, MP attack</p> <p>Weapons: Spear 5/1</p> <p>1-Fire<br /> 2-Water<br /> 3-NA<br /> 4-Earth<br /> 5-Shadow<br /> 6-Fire, Drain<br /> 7-Earth<br /> 8-Drain<br /> 9-Shadow, Drain<br /> 10-Water, Vitality Bonus, Drain</p> <p>Relics<br /> Warm Scarf- Resist Ice and Wind (4000)<br /> Quartz Ring- +10 Vit, Resist Earth (3000)<br /> Red Hooded Cloak- +10 Vit, Resist Fire (3000)<br /> Angel Wings and Halo- Resist Shadow, +10 Vit (3000)<br /> ARTIFACT Awesome Red and White Cap- Resist all Elements<br /> ARTIFACT Life Casule- +25 Vitality, Immune to Death, DSent, Stone</p> <p>Armor: 5 points, Defense.</p> <p>1-NA<br /> 2-Magical Defense, Weakness<br /> 3-Weak to Magic, Defense<br /> 4-NA<br /> 5-Magical Defense, Weakness<br /> 6-Defense<br /> 7-Weakness, Magical Defense<br /> 8-NA<br /> 9-Agility Bonus, Defense, Weak to Magic<br /> 10-Magical Defense</p> <p>Guards: 10 points<br /> 1- Weak to Holy, Shadow Resist<br /> 2- Weak to Lightning, Wind Immunity<br /> 3- Weak to Wind, Earth Immunity<br /> 4- Weak to Earth, Lightning Immunity<br /> 5- Weak to Fire, Ice Immunity<br /> 6- Weak to Ice, Water Immunity<br /> 7- Vitality Bonus<br /> 8- Weak to Water, Fire Immunity<br /> 9- Vitality Bonus<br /> 10- Defense, Vitality Bonus</p> <p>Toroko-Takes a Reactive stance and fixes everyone's status effects. Spends most the time Wishing back health.</p> <p>Wish/Cover</p> <p>Techs: Dispel, Esuna, Revive, Negative Statuses, Area Healing, MP steal, Scan</p> <p>Weapons: Spears 5/1<br /> 1-Lightning<br /> 2-Ice<br /> 3-NA<br /> 4-Wind<br /> 5-Holy, Blind<br /> 6-Lightning, Stun<br /> 7-Wind, Poison<br /> 8-NA, Sleep<br /> 9-Ice, Death Sentence<br /> 10-Holy, Vitality, Magic boost</p> <p>Relics:<br /> Sue's Locket- Immune to Berserk, Confuse, Stun, Frog, Seal, Charm (3000)<br /> Colorful Ribbon- Death, DSent, Stone, Seal, Berserk Immunity (4000)<br /> Flower Pendant- Immune to Curse (500)<br /> Evade Booster- +15 Agi (1500)<br /> Resist Booster- +10 Vit and +10 Spr (2000)<br /> Mushroom Badge- Immune to Death, Seal, Stop, Berserk, Confuse, Stun, Charm (4000)</p> <p>ARTIFACT Arthur's Talisman- Immune to all Statuses<br /> ARTIFACT Curly's head band- +20 Vit and Spr, +15 Mag and Agi</p> <p>Armor: 5 points, Defense<br /> 1-NA<br /> 2-NA<br /> 3-Ice Resistance<br /> 4-NA<br /> 5-NA<br /> 6-Resist Bonus<br /> 7-NA<br /> 8-NA<br /> 9-Agility Bonus<br /> 10-Agility Bonus, Fire Resistance</p> <p>Guards: 10 points<br /> 1-NA<br /> 2-Berserk Immunity<br /> 3-NA<br /> 4-Slow Immunity<br /> 5-DSent Immunity<br /> 6-Poison Immunity<br /> 7-Zombie Immunity<br /> 8-Venom Immunity<br /> 9-Resist Bonus<br /> 10-Shadow Absorbency, Agility Bonus</p> <div class="footnotes-footer"> <div class="title">Footnotes</div> <div class="footnote-footer" id="footnote-719483-1"><a href="javascript:;" >1</a>. Just before the start of the game, Sue traces an odd transmission from her brother inside a cave above the Mimiga village. Quote didn't wake up. Sue finds him, and wonders why the transmission routed through the abandoned robot's system of all places. She takes Quote back to her house, and is trying to reactivate him when Toroko suddenly bursts through the door, locking it behind her. She tells Sue that King is looking for her, and thinks he can trade Sue away to protect the village. Before they can decide what to do Balrog breaks down the door with a mighty &quot;HUZZAH!&quot; and they flee using the transporter to the Egg Corridor. But something goes wrong&#8230;.blah blah blah&#8230;.they don't end up at the Egg Corridor at all.</div> </div> 
				 	]]>
				</content:encoded>							</item>
					<item>
				<guid>http://zodiac-ffrpg.wikidot.com/forum/t-352122#post-1141755</guid>
				<title>Dance!: Dance!</title>
				<link>http://zodiac-ffrpg.wikidot.com/forum/t-352122/dance#post-1141755</link>
				<description></description>
				<pubDate>Mon, 02 May 2011 17:39:21 +0000</pubDate>
				<wikidot:authorName>DFroGGotten1</wikidot:authorName>				<wikidot:authorUserId>498563</wikidot:authorUserId>				<content:encoded>
					<![CDATA[
						 <p><strong>DANCE TECHS</strong></p> <p><em>All Dance Techs have Charge Power, unless otherwise noted</em></p> <p><strong><em>Break Dance</em></strong><br /> <em>Primary: Stone</em><br /> <em>Secondary: Lesser DSentence</em><br /> The Dancer performs the most unlikely of dances, Break Dance, which looks like tricks and steps that no ordinary woman can perform. With each new type of dance, the foe becomes harder and harder, their very skin turning to stone. When they are a complete statue, The dancer may feel like bringing out all the stops and strike the stone foe in a finish-it-off 'Break' Dance.</p> <p><strong><em>Dance of the Dead</em></strong><br /> <em>Primary: Fatal-Blow</em><br /> THe Dancer brandishes her weapon while dancing around her target. With each slash of the blade near the foe, a large portion of the being's life is sapped away. Any attempt to stop the dancer, if she is performing the steps right, will fail, and soon enough there will be a dead enemy by her feet.</p> <p><strong><em>Flashdance</em></strong><br /> <em>Primary: Power Attack</em><br /> <em>Secondaries: Lesser Blind, Fire Elemental</em><br /> The Dancer dances to something similiar to an upbeat tune, and with each step, a flame grows within her soul. Every step she takes, ther is a flash of light, and a wisp of fire. She then launches herself into the air, and a full fire can be seen emanating from her feet. She sideways axe-kicks the foe in the face, and a brilliant flash of fire and light explodes on contact.</p> <p><strong><em>Heathen Frolic</em></strong><br /> <em>Primary: Magic Break</em><br /> <em>Secondaries: Area Effect</em><br /> The Dancer performs a very strange, almost hypnotic dance. This frolic can only end one way. The Dancer spins furiously, setting off an energy that weakens the magic for the opposition. Usually performed by Succubuses and their like against mages they want to rob of life, The first dancer to learn this dance was a Succubus that just wanted to have fun, despite the rules of her kind about no dancing. She taught it to some human dancers, and it is now known everywhere today.</p> <p><strong><em>Temptation Tango</em></strong><br /> <em>Primary: Confusion</em><br /> The Dancer perform a tango with the enemy, flirting and laughing about how she plans backstab them if the foe joins her. This might confuse everyone, especially the foe being danced with.</p> <p><strong><em>Wicked Waltz</em></strong><br /> <em>Primary: Demi (Level 2)</em><br /> A three step dance that causes hell for the enemy. Before each third step, the Dancer spins her foot out, sending a wave of force hurtling towards the enemy. After three strikes, The Enemy has lost 33% of it's current HP, and the Dancer keeps on dancing to her own beat.</p> <p><strong><em>Witch Hunt</em></strong><br /> <em>Primary: Power Attack</em><br /> <em>Secondaries: MP Attack (Mp-only option)</em><br /> The Dancer dances furiously around a single target, weapon drawn out and whirling around with her. SHe then flips into the Air behind the target and swipes at the foe, but instead of damaging the foe's body, she damages its magical essense.</p> <p><strong><em>Wiznaibus</em></strong><br /> <em>Primary: Power Attack (S)</em><br /> <em>Secondary: Area Effect</em><br /> The Dancer begins to spin and kick and dance towards the enemy, avoiding every single strike thrown at her. She then leaps into the air and lands in the midst of the enemies, leg outstretched with enough force behind it to deal some serious damage.</p> 
				 	]]>
				</content:encoded>							</item>
					<item>
				<guid>http://zodiac-ffrpg.wikidot.com/forum/t-352120#post-1141746</guid>
				<title>Magic of the Tarot: Magic of the Tarot</title>
				<link>http://zodiac-ffrpg.wikidot.com/forum/t-352120/magic-of-the-tarot#post-1141746</link>
				<description></description>
				<pubDate>Mon, 02 May 2011 17:31:15 +0000</pubDate>
				<wikidot:authorName>DFroGGotten1</wikidot:authorName>				<wikidot:authorUserId>498563</wikidot:authorUserId>				<content:encoded>
					<![CDATA[
						 <p><strong>MAGIC TAROT CARDS</strong></p> <p>Tarotmasters command the Tarot cards they weild, becuase they aren't just any Tarot cards, they are magic Tarot cards. Each card has it's own purpose, and the Tarotmaster knows how to effectively use them to her advantage.</p> <p><strong><em>Bishop Card</em></strong><br /> <em>Unique: Esuna</em><br /> When the Tarotmaster pulls the Bishop card, a vision of a Bishop appears and grants the person the Tarotmaster points to a cure of all ill ailments bestowed upon them at that time. With the negative status effects gone, the person can fight on without needing to use a single curative.</p> <p><strong><em>Death Card</em></strong><br /> <em>Primary: Fatal-Blow</em><br /> <em>Secondaries: Random Target -1, Backfire</em><br /> The Death Card is a double-edged blade when the Tarotmaster decides to draw this powerful card. Despite being able to kill any one enemy that death may or may not chose, it has a downside. Sometimes Death may want to rob the energy from the Tarotmaster herself. This has cost many a Tarotmaster their life, becuase they decide to overuse and abuse the power of Death himself.</p> <p><strong><em>Gil Card</em></strong><br /> <em>Primary: Confuse</em><br /> <em>Secondaries: Area Effect</em><br /> The Tarotmaster draws upon the magic of this card to cause phantasmic riches to fall from the heavens. This causes the greed of her enemies to overcome themselves and make them fight eachother, or hurt themselves trying to collect the riches.</p> <p><strong><em>Grail Card</em></strong><br /> <em>Primary: Healing</em><br /> The Grail card blesses a single chosen ally a drink of wine that replenishes one with energy and heals their wounded flesh. THe grail then disappears until needed to bring back the health of another ally.</p> <p><strong><em>Hermit Card</em></strong><br /> <em>Primary: Frog</em><br /> <em>Secondaries: Area Effect</em><br /> The Hermit Card calls upon the phantasm known as the Frog Sage. He rants about his age and calls everything that stands before his Tarotmaster 'Inferior to even the frogs that worship him'. So to make them more superior, He changes them into those that can worship him&#8230; Toads. but before they can decide to worship the old cag, he disappears and they face the Tarotmaster and her allies, hoping they don't croak before it's over with.</p> <p><strong><em>Lovers Card</em></strong><br /> <em>Primary: Charm</em><br /> <em>Secondaries: Area Effect</em><br /> The Tarotmaster pulls this card for trickery of the heart. Whatever is affected by it's magic will believe the Tarotmaster is theit one true love, for a little while. The Tarotmaster can't order them around, but they will do anything for her, including attack their own allies.</p> <p><strong><em>Magician Card</em></strong><br /> <em>Primary: Magic Boost</em><br /> <em>Secondaries: Area Effect</em><br /> This card calls forth the phantasmic Magus, a very powerful Black Mage, who offers the entire party a word of wisdom, and grants them his magical prowess in the form of an aura of focused concentrated magical power.</p> <p><strong><em>Moon Card</em></strong><br /> <em>Primary: Attack Magic (M)</em><br /> <em>Secondaries: Lesser Seal, Shadow Elemental</em><br /> The Tarotmaster pulls from her deck the Moon Card. Day will turn to night for a few moments as the moon shines and blast a single enemy with intense dark energy. This energy can cause the enemy so much pain, that it stops them from using their abilities.</p> <p><strong><em>Sabre Card</em></strong><br /> <em>Primary: Attack Magic (S)</em><br /> One of the first cards a Tarotmaster perfects is the Sabre card. It summons three magical blades that float arround the target at high speeds. Then, by the Tarotmaster's signal, they skewer the target delivering massive magical damage.</p> <p><strong><em>Staff Card</em></strong><br /> <em>Primary: Stun</em><br /> <em>Secondaries: Area Effect</em><br /> The Tarotmaster activates the magic in this card to call forth dozens of wooden staffs from the heavens that slam into all targets, causing them to be stunned by pain while the staffs that came from above disappear.</p> <p><strong><em>Star Card</em></strong><br /> <em>Primary: Regen</em><br /> <em>Secondaries: Area effect</em><br /> Day turns to night for a few moments, and a single star shines brightly above the Tarotmaster and her party. It's light grants them a gift that keeps on giving; Regeneration. When the star disappears, the entire party can continue fighting with a better hope that they don't need to use their restoratives.</p> <p><strong><em>Strength Card</em></strong><br /> <em>Primary: Strength Boost</em><br /> <em>Secondaries: Area effect</em><br /> The Tarotmaster's party looks to need a pick-me-up, so she delivers with this card. By using it's magic, the Tarotmaster calls forth a phnatasm of legendary proportions: The Warrior Of Light. He offers the party his strength in battle, then disappears, turning into their aura of strength.</p> <p><strong><em>Sun Card</em></strong><br /> <em>Primary: Attack Magic (M)</em><br /> <em>Secondaries: Lesser Blind, Holy Elemental</em><br /> The Tarotmaster calls forth the energy of the Sun Card. The very sun glows brightly and fires a beam of light at a single enemy. The light is so intense, it can cause blindness while searing the skin with holy energy.</p> <p><strong><em>Tower Card</em></strong><br /> <em>Primary: Attack Magic (S)</em><br /> <em>Secondaries: Lightning Elemental</em><br /> The Tower Card creates a tower from the very earth where a single enemy stood. It now stands atop a massive tower of rock and stone, and a storm quickly moves in. Suddenly, a massive lightning bolt strikes the tower and foe, causing both to collapse back to the earth</p> <p><strong><em>Wheel Card</em></strong><br /> <em>Primary: DSentence</em><br /> <em>Secondaries: Random -1</em><br /> An Upright wheel appears once this card is used. It has all the enemies' faces on it, along with a few slots that say 'Safe' and 'Won't Do'. The Tarotmaster gives the wheel a big spin, and awaits the final result. If it lands on an enemy, then death will came them in a matter of seconds. If its 'Safe'. Then they are lucky. If its 'Won't Do.' they they are probably immune to it.</p> 
				 	]]>
				</content:encoded>							</item>
				</channel>
</rss>