<?xml version="1.0" encoding="UTF-8" ?>
<rss version="2.0" xmlns:content="http://purl.org/rss/1.0/modules/content/" xmlns:wikidot="http://www.wikidot.com/rss-namespace">

	<channel>
		<title>Equipment (new posts)</title>
		<link>http://zodiac-ffrpg.wikidot.com/forum/c-300924/equipment</link>
		<description>Posts in the forum category &quot;Equipment&quot; - Weapons, Armors, Guards, and Relics created by players may be placed here.</description>
				<copyright></copyright>
		<lastBuildDate>Thu, 18 Feb 2021 21:34:19 +0000</lastBuildDate>
		
					<item>
				<guid>http://zodiac-ffrpg.wikidot.com/forum/t-657022#post-1785757</guid>
				<title>Key Rings: Key Rings</title>
				<link>http://zodiac-ffrpg.wikidot.com/forum/t-657022/key-rings#post-1785757</link>
				<description></description>
				<pubDate>Wed, 29 May 2013 21:06:34 +0000</pubDate>
				<wikidot:authorName>Regal Pinion</wikidot:authorName>				<wikidot:authorUserId>1119553</wikidot:authorUserId>				<content:encoded>
					<![CDATA[
						 <p>Where does a dark Keyblader store all of those key chains? Dark Keybladers often times use mundane key rings, but every now and then, they run into something that just might help. Remember a character can only equip one relic at a time, but may switch them out during battle.</p> <p style="text-align: center;"><strong><em>Relics</em></strong></p> <table class="wiki-content-table"> <tr> <th>Name</th> <th>Effect</th> <th>Cost</th> </tr> <tr> <td>Null-Dead</td> <td>Immunity: Zombi</td> <td>500</td> </tr> <tr> <td>Well Being</td> <td>Immunity: Venom, Poison</td> <td>1,000</td> </tr> <tr> <td>Warrior</td> <td>+5 Strength, +5 Vitality</td> <td>1,000</td> </tr> <tr> <td>Zen</td> <td>Immunity: Berserk, Confuse, Slow</td> <td>1,500</td> </tr> <tr> <td>Sniper</td> <td>-5 Critical; Immunity: Blind</td> <td>2,500</td> </tr> <tr> <td>Celestial Shroud</td> <td>Resistance: Wind; Immunity: Death, Seal, Curse</td> <td>4,000</td> </tr> <tr> <td>Terrestrial Shroud</td> <td>Resistance: Earth; Immunity: Stone, D. Sentence</td> <td>4,000</td> </tr> </table> <p style="text-align: center;"><em><strong>Artifact Relics</strong></em></p> <table class="wiki-content-table"> <tr> <th>Name</th> <th>Effect</th> </tr> <tr> <td>Ribbon-in-a-Knot</td> <td>Immunity: ALL Negative Status Effects</td> </tr> <tr> <td>Dark Matter</td> <td>-10 Critical; +20 Agility; Immunity: Blind, Stop</td> </tr> </table> 
				 	]]>
				</content:encoded>							</item>
					<item>
				<guid>http://zodiac-ffrpg.wikidot.com/forum/t-657019#post-1785750</guid>
				<title>Soul Dolls: Soul Dolls</title>
				<link>http://zodiac-ffrpg.wikidot.com/forum/t-657019/soul-dolls#post-1785750</link>
				<description></description>
				<pubDate>Wed, 29 May 2013 20:53:46 +0000</pubDate>
				<wikidot:authorName>Regal Pinion</wikidot:authorName>				<wikidot:authorUserId>1119553</wikidot:authorUserId>				<content:encoded>
					<![CDATA[
						 <p><strong>NORMAL POOL / ARTIFACT POOL</strong>: 5 / 3<br /> Dark Keybladers carry key rings for two reasons. The first reason is so that they have a place to put their key chains and the second reason is to have a Soul Doll hanging on it to protect them. Sure it may seem superstitious, but this has been a practiced effort for them and it doesn’t seem like they’re going to stop this trend anytime soon.<br /> But the Dark Keyblader claims that these are creatures that become their personal guardians. Maybe they’re right.</p> <table class="wiki-content-table"> <tr> <th>Name</th> <th>Evasion</th> <th>Special</th> <th>Cost</th> </tr> <tr> <td>Voodoo Doll</td> <td>2</td> <td><span style="text-decoration: line-through;">-</span></td> <td>30</td> </tr> <tr> <td>Poppet</td> <td>4</td> <td><span style="text-decoration: line-through;">-</span></td> <td>75</td> </tr> <tr> <td>Smile</td> <td>6</td> <td><span style="text-decoration: line-through;">-</span></td> <td>200</td> </tr> <tr> <td>Masked Man</td> <td>8</td> <td>Immunity: Confused</td> <td>400</td> </tr> <tr> <td>Red Man</td> <td>10</td> <td><span style="text-decoration: line-through;">-</span></td> <td>600</td> </tr> <tr> <td>Ronin</td> <td>12</td> <td>Immunity: Slow</td> <td>1,000</td> </tr> <tr> <td>Summon</td> <td>14</td> <td><span style="text-decoration: line-through;">-</span></td> <td>1,500</td> </tr> <tr> <td>The Hero</td> <td>16</td> <td><span style="text-decoration: line-through;">-</span></td> <td>2,500</td> </tr> <tr> <td>The Self</td> <td>18</td> <td>+11 Vitality</td> <td>4,000</td> </tr> <tr> <td>The Allies</td> <td>23</td> <td>+23 Agility, El. Resistance<sup class="footnoteref"><a id="footnoteref-222759-1" href="javascript:;" class="footnoteref" >1</a></sup></td> <td>ARTIFACT</td> </tr> </table> <p><strong>Vended Doll</strong><br /> You know those Voo-Doo dolls you can get for a few quarters? Dark Keybladers know of them as well.</p> <p><strong>Poppet</strong><br /> A simple hand crafted doll.</p> <p><strong>Smile</strong><br /> Whether it’s a small stuffed animal or a fond childhood memorabilia this can actually be used as a guard for the Dark Keyblader. It was dubbed the “Smile” for the nostalgic effect it has.</p> <p><strong>Masked Man</strong><br /> This is actually a superhero representation of a Soul Doll.</p> <p><strong>Red Man</strong><br /> This Soul Doll represents the battle loving characters in many forms of media.</p> <p><strong>Ronin</strong><br /> The wanderer. The nomadic warrior. The Man With No Name. This Soul Doll is the very essence of it.</p> <p><strong>The Summon</strong><br /> Bahamut, Ifrit, Shiva, Golem, or what-have-you the Dark Keyblader’s favorite summon goes here.</p> <p><strong>The Hero</strong><br /> Who does the Dark Keyblader look up to and aspire to be? Just take a look at this Soul Doll and you’ll found out.</p> <p><strong>The Self</strong><br /> The Dark Keyblader must understand the importance of the Self in order to continue down the path he has chosen.</p> <p><strong>The Allies</strong><br /> Human connection. Without this their would be no reason to fight, and no reason to continue. The Allies represents the Dark Keyblader’s rag-tag motley that they are journeying with.</p> <div class="footnotes-footer"> <div class="title">Footnotes</div> <div class="footnote-footer" id="footnote-222759-1"><a href="javascript:;" >1</a>. Pick One Element For Resistance</div> </div> 
				 	]]>
				</content:encoded>							</item>
					<item>
				<guid>http://zodiac-ffrpg.wikidot.com/forum/t-657017#post-1785746</guid>
				<title>Markings: Markings</title>
				<link>http://zodiac-ffrpg.wikidot.com/forum/t-657017/markings#post-1785746</link>
				<description></description>
				<pubDate>Wed, 29 May 2013 20:42:35 +0000</pubDate>
				<wikidot:authorName>Regal Pinion</wikidot:authorName>				<wikidot:authorUserId>1119553</wikidot:authorUserId>				<content:encoded>
					<![CDATA[
						 <p><strong>ARMOR TYPE</strong>: Balanced<br /> <strong>NORMAL POOL / ARTIFACT POOL</strong>: 10 / 5</p> <p>Dark Keyblade Wielders have a very unique custom to ensure protection. They tattoo their bodies with ritualistic ink. Some say that they do not need this but it is true to their honor to make sure that secrets stay as secrets. The Markings they receive grants abilities and gives them a closer connection to the very lives they protect, thus adding to their vital life source (HP) and soul (MP). Each tattoo represents a portion of the Dark Keyblader philosophy. They have corresponding areas for each tattoo, and once they get a new one the previous one loses it’s effects while the new effects take over. Dark Keybladers look at it as a way of moving forward and interpersonal growth.</p> <table class="wiki-content-table"> <tr> <th>NAME</th> <th>HP</th> <th>MP</th> <th>Special</th> <th>Cost</th> </tr> <tr> <td>The Box</td> <td>20</td> <td>2</td> <td><span style="text-decoration: line-through;">-</span></td> <td>75</td> </tr> <tr> <td>Finality</td> <td>30</td> <td>3</td> <td><span style="text-decoration: line-through;">-</span></td> <td>150</td> </tr> <tr> <td>Cage</td> <td>50</td> <td>4</td> <td><span style="text-decoration: line-through;">-</span></td> <td>400</td> </tr> <tr> <td>Skull</td> <td>80</td> <td>6</td> <td>Immune: Blind and Death Sentence</td> <td>800</td> </tr> <tr> <td>Black Hole</td> <td>100</td> <td>10</td> <td>+13 Magic</td> <td>1,200</td> </tr> <tr> <td>Heart</td> <td>130</td> <td>14</td> <td><span style="text-decoration: line-through;">-</span></td> <td>2,000</td> </tr> <tr> <td>The Monster</td> <td>200</td> <td>18</td> <td>Immunity: Berserk</td> <td>3,000</td> </tr> <tr> <td>Elemental</td> <td>200</td> <td>20</td> <td>El. Absorbency, El. Weakness<sup class="footnoteref"><a id="footnoteref-461697-1" href="javascript:;" class="footnoteref" >1</a></sup></td> <td>5,000</td> </tr> <tr> <td>Links</td> <td>250</td> <td>25</td> <td>Magical Defense</td> <td>8,000</td> </tr> <tr> <td>Personal Symbol</td> <td>350</td> <td>35</td> <td>+23 Agility, Defense</td> <td>ARTIFACT</td> </tr> </table> <p><strong>The Box</strong><br /> This is the only tattoo that looks the same as every other Marking. It is a square that encompasses the heart on the Dark Keybladers chest. It represents their mission.</p> <p><strong>Finality</strong><br /> Whether it be a broken infinity sign or a cadaver this Marking represents how one day the Dark Keyblader will perish, and how they must make the best use of their time to protect us from the horrifying Creation. This tattoo is found over the area that covers their appendix.</p> <p><strong>Cage</strong><br /> This tattoo is sometimes a literal cage with a bird in it or sometimes just bars of a jail cell. Some Dark Keybladers use a simple ‘X’ to represent it. The cage is found on one of their feet to show their nomadic life style. The cage represents the isolation they sometimes feel in life.</p> <p><strong>Skull</strong><br /> Weather it be a simple skull or an entire skeleton, this is always found on the back of the Dark Keyblader’s shoulder in relation to their less dominant hand. It is a reminder of the sacrifices that have been made.</p> <p><strong>Black Hole</strong><br /> Some Dark Keybladers just do a black circle some go all out and have a picture of a dying star on their skin. The Black hole is found on the opposite shoulder and ironically represents existence itself. Some claim they see us as doomed while others think it means how we are all pulled into this universe from some unseen force.</p> <p><strong>Heart</strong><br /> This tattoo represents the will to fight through anything. This is found on the back of their dominant hand. Very rarely to Dark Keybladers get a picture of a literal heart tattooed, probably to prevent anatomical confusion.</p> <p><strong>The Monster</strong><br /> Often times a scary face or a phobia the Dark Keyblader has. The monster represents the aching doubt and fear that’s on the back of everyone’s mind. This is tattooed on the back of their necks.</p> <p><strong>Elemental</strong><br /> This is the only Marking that the Dark Keyblader doesn’t choose. When the time comes, he must ask his cohorts which element best represents his personality. This is found on the back of the Dark Keyblader’s offhand.</p> <p><strong>Links</strong><br /> We are all connected. Dark Keybladers, believe this wholeheartedly. Whether it’s a line of chain links or people holding hands the meaning is always the same. This is found on the other foot of the Dark Keyblader.</p> <p><strong>Personal Symbol</strong><br /> This is something the Dark Keyblader designs to put on his body. The personal symbol will be found in the tattoo of the box. It represents hope and reason. This Marking is their proudest.</p> <div class="footnotes-footer"> <div class="title">Footnotes</div> <div class="footnote-footer" id="footnote-461697-1"><a href="javascript:;" >1</a>. Pick one element for absorbency and it's opposite is the weakness, e.g. Absorb: Fire, Weak: Ice</div> </div> 
				 	]]>
				</content:encoded>							</item>
					<item>
				<guid>http://zodiac-ffrpg.wikidot.com/forum/t-657002#post-1785724</guid>
				<title>Dark Keyblades: Dark Keyblades</title>
				<link>http://zodiac-ffrpg.wikidot.com/forum/t-657002/dark-keyblades#post-1785724</link>
				<description></description>
				<pubDate>Wed, 29 May 2013 20:09:46 +0000</pubDate>
				<wikidot:authorName>Regal Pinion</wikidot:authorName>				<wikidot:authorUserId>1119553</wikidot:authorUserId>				<content:encoded>
					<![CDATA[
						 <p><strong>ATTACK DICE</strong>: d8<br /> <strong>MAGIC DICE</strong>: d8<br /> <strong>RANGE</strong>: Short<br /> Some secrets are best kept locked. It is the duty of the Dark Keyblader to keep it that way. Although Dark Keybladers aren’t evil, the weapon of choice they use resembles it. Perhaps they are trying to seem intimidating.</p> <table class="wiki-content-table"> <tr> <th>Name</th> <th>AP</th> <th>MAP</th> <th>Special</th> <th>Cost</th> </tr> <tr> <td>Kingdom Key D</td> <td>15</td> <td>15</td> <td><span style="text-decoration: line-through;">-</span></td> <td>75</td> </tr> <tr> <td>Street Rat</td> <td>25</td> <td>25</td> <td><span style="text-decoration: line-through;">-</span></td> <td>150</td> </tr> <tr> <td>Nobody’s Heart</td> <td>30</td> <td>30</td> <td><span style="text-decoration: line-through;">-</span></td> <td>400</td> </tr> <tr> <td>Styx</td> <td>40</td> <td>40</td> <td>Water El.</td> <td>800</td> </tr> <tr> <td>Hellfire</td> <td>55</td> <td>55</td> <td>Fire El.; Dedicated: Undead</td> <td>1,200</td> </tr> <tr> <td>Madness Fantasy</td> <td>70</td> <td>70</td> <td>Keen Edge</td> <td>2,500</td> </tr> <tr> <td>Xyro</td> <td>85</td> <td>85</td> <td>Drain Weapon</td> <td>3,000</td> </tr> <tr> <td>The Abyss</td> <td>100</td> <td>100</td> <td>Shadow El.</td> <td>5,000</td> </tr> <tr> <td>Oblivion</td> <td>115</td> <td>115</td> <td>30% Venom</td> <td>8,000</td> </tr> <tr> <td>Pandora Weapon</td> <td>150</td> <td>150</td> <td>+23 Agility; Keen Edge</td> <td>ARTIFACT</td> </tr> </table> <p><strong>Kingdom Key D</strong><br /> Most Dark Keybladers choose this to be their first weapon, as if to remind themselves that they are still Keybladers, even if their paths will be different.</p> <p><strong>Street Rat</strong><br /> A lock pick shaped keyblade. It curiously resembles the deeds of a famous thief in a Scheherazade tale.</p> <p><strong>Nobody’s Heart</strong><br /> Nothing insults your enemies more than having a keyblade made of its friends. Due to the nature of this keyblade it is considered a rite of passage for the dark keyblader.</p> <p><strong>Styx</strong><br /> This is the result of Hades being tricked into a pact that he is forced to stay in. It has been noted that when an enemy is defeated by this keyblade, they disappear in a “watery flash”. Hades must be benefiting from this pact somehow&#8230;</p> <p><strong>Hellfire</strong><br /> Also known as Dante’s Inferno. The air from the tip of this gets heated to the point that it ripples. The undead seem to fear this thing for some reason.</p> <p><strong>Madness Fantasy</strong><br /> What would Halloween Town be without Jack Skellington? The Pumpkin King made little spider keychain trinkets that attacked those who wore it. For some reason, a Dark Keyblader thought it was a good idea to attach it to his keyblade. The Dark Keyblader was right.</p> <p><strong>Xyro</strong><br /> A Keyblade shrouded in razors seems to resemble the dark side of teen angst more than what it’s actually used for. Trading your foes blood for your physical wellbeing.</p> <p><strong>The Abyss</strong><br /> “There is nothing to fear except fear itself.” An inspiring, yet inaccurate quote from Franklin D. Roosevelt. There is another thing to fear: Nothing. The very essence of nothingness. Just remember that when one stares into the shaded abyss; the abyss gazes back.</p> <p><strong>Oblivion</strong><br /> When placed in the hands of a normal Keyblader, it sometimes reduces their magical potential. When placed in the hands of a Dark Keyblader, it unlocks the corrosive venom that hides in all of our hearts.</p> <p><strong>Pandora Weapon</strong><br /> Stemming from the legend of the girl whose curiosity damaged the world around her, the Pandora Weapon is the Dark Keybladers ultimate keyblade. However, the Pandora Weapon is just a child’s bedtime story&#8230;</p> 
				 	]]>
				</content:encoded>							</item>
					<item>
				<guid>http://zodiac-ffrpg.wikidot.com/forum/t-626943#post-1717490</guid>
				<title>10 weapon set: Re: 10 weapon set</title>
				<link>http://zodiac-ffrpg.wikidot.com/forum/t-626943/10-weapon-set#post-1717490</link>
				<description></description>
				<pubDate>Sat, 23 Feb 2013 10:12:14 +0000</pubDate>
				<wikidot:authorName>Doresh</wikidot:authorName>				<wikidot:authorUserId>654492</wikidot:authorUserId>				<content:encoded>
					<![CDATA[
						 <p>First of all: Helloo :D !<br /> This forum might be a bit quiet at the moment, so it's good to see a new face around here.</p> <p>And you do indeed create the only 10 weapons you'll ever use, but the system is flexible enough to work around this:</p> <p>1. You could see the 10 weapons as &quot;tiers&quot; that might have more than one weapon. For example, if your 4th weapon uses 2 abilitiy points, you might see this as &quot;All tier 4 weapons of this character are build with 2 points&quot;, allowing a broarder selection.</p> <p>2. You might allow players to pick from several different weapon sets like in the older games. To balance this out, you can have your players choose a default physical and magical power distribution (2/4, 3/3, 4/3) and have the different weapon sets affect this distribution (-1/+1, +0/+0 or +1/-1), so a black mage won't suddenly turn into a physical combat beast with a greataxe.</p> <p>3. The same as 2., but with the player having the modifiers, not the weapon sets. Seems to make more sense now that I think about it.</p> 
				 	]]>
				</content:encoded>							</item>
					<item>
				<guid>http://zodiac-ffrpg.wikidot.com/forum/t-626943#post-1716203</guid>
				<title>10 weapon set: 10 weapon set</title>
				<link>http://zodiac-ffrpg.wikidot.com/forum/t-626943/10-weapon-set#post-1716203</link>
				<description></description>
				<pubDate>Thu, 21 Feb 2013 15:00:10 +0000</pubDate>
				<wikidot:authorName>pivottog</wikidot:authorName>				<wikidot:authorUserId>1559872</wikidot:authorUserId>				<content:encoded>
					<![CDATA[
						 <p>Hi, i'm about to game-master this game, but i encounter a problem regarding the equipment. I dont understand the weapon creation system. When you start you create the only 10 weapons you can use through the hole game?</p> <p>It is even hard for me to explain the question because I don't really undestand much of that topic.</p> 
				 	]]>
				</content:encoded>							</item>
				</channel>
</rss>