<?xml version="1.0" encoding="UTF-8" ?>
<rss version="2.0" xmlns:content="http://purl.org/rss/1.0/modules/content/" xmlns:wikidot="http://www.wikidot.com/rss-namespace">

	<channel>
		<title>General Discussion (new posts)</title>
		<link>http://zodiac-ffrpg.wikidot.com/forum/c-539515/general-discussion</link>
		<description>Posts in the forum category &quot;General Discussion&quot; - introductions and other non-related stuff</description>
				<copyright></copyright>
		<lastBuildDate>Thu, 18 Feb 2021 21:33:34 +0000</lastBuildDate>
		
					<item>
				<guid>http://zodiac-ffrpg.wikidot.com/forum/t-7152965#post-3927063</guid>
				<title>ZODIAC FFRPG Wiki Update and Discord Server!: ZODIAC FFRPG Wiki Update and Discord Server!</title>
				<link>http://zodiac-ffrpg.wikidot.com/forum/t-7152965/zodiac-ffrpg-wiki-update-and-discord-server#post-3927063</link>
				<description></description>
				<pubDate>Sat, 25 Aug 2018 21:39:33 +0000</pubDate>
				<wikidot:authorName>Agent Boogeyman</wikidot:authorName>				<wikidot:authorUserId>502823</wikidot:authorUserId>				<content:encoded>
					<![CDATA[
						 <p>It's been way too long since I wrote anything here. The work on 4E was put on hiatus for a while while I dealt with graduation from college and working a full time job, and I realize I hadn't kept anyone in the loop for a while. However, I still would want to talk with people, and have set up a Discord server to do just that! Here is the link:</p> <p><a href="https://discord.gg/AKTgkXu">https://discord.gg/AKTgkXu</a></p> <p>If anyone is still active here and wants to chat, just pop on in. It likely will not being going down any time soon.</p> 
				 	]]>
				</content:encoded>							</item>
					<item>
				<guid>http://zodiac-ffrpg.wikidot.com/forum/t-444949#post-2227083</guid>
				<title>Introduce yourself, fellow ZODIAC gamer: Re: Introduce yourself, fellow ZODIAC gamer</title>
				<link>http://zodiac-ffrpg.wikidot.com/forum/t-444949/introduce-yourself-fellow-zodiac-gamer#post-2227083</link>
				<description></description>
				<pubDate>Sat, 07 Feb 2015 07:24:35 +0000</pubDate>
				<wikidot:authorName>DFroGGotten1</wikidot:authorName>				<wikidot:authorUserId>498563</wikidot:authorUserId>				<content:encoded>
					<![CDATA[
						 <p>Yes, please feed the database. It needs monsters, among other things.</p> 
				 	]]>
				</content:encoded>							</item>
					<item>
				<guid>http://zodiac-ffrpg.wikidot.com/forum/t-444949#post-2219335</guid>
				<title>Introduce yourself, fellow ZODIAC gamer: Re: Introduce yourself, fellow ZODIAC gamer</title>
				<link>http://zodiac-ffrpg.wikidot.com/forum/t-444949/introduce-yourself-fellow-zodiac-gamer#post-2219335</link>
				<description></description>
				<pubDate>Thu, 29 Jan 2015 06:22:51 +0000</pubDate>
				<wikidot:authorName>ThunderGodCidofolas</wikidot:authorName>				<wikidot:authorUserId>2053384</wikidot:authorUserId>				<content:encoded>
					<![CDATA[
						 <p>Yeah, one of the keys to wrapping your head around ZODIAC is to not take things too literally. Re-Skinning and Re-Themeing is the name of the game, here.</p> 
				 	]]>
				</content:encoded>							</item>
					<item>
				<guid>http://zodiac-ffrpg.wikidot.com/forum/t-867818#post-2187082</guid>
				<title>A little something for Zodiac...: Re: A little something for Zodiac...</title>
				<link>http://zodiac-ffrpg.wikidot.com/forum/t-867818/a-little-something-for-zodiac#post-2187082</link>
				<description></description>
				<pubDate>Tue, 23 Dec 2014 07:13:37 +0000</pubDate>
				<wikidot:authorName>Regal Pinion</wikidot:authorName>				<wikidot:authorUserId>1119553</wikidot:authorUserId>				<content:encoded>
					<![CDATA[
						 <p>So my new album, Shadow Plays, can be bought online at <a href="https://regalpinion.bandcamp.com/album/shadow-plays">https://regalpinion.bandcamp.com/album/shadow-plays</a> for $2.00</p> <p>BUT, the real reasoning behind this post is because one of the tracks is a song from the perspective of Kefka Palazzo called &quot;Kafkaesque&quot;.<br /> <a href="https://soundcloud.com/regal-pinion/kafkaesque">https://soundcloud.com/regal-pinion/kafkaesque</a><br /> I hope you all enjoy this.</p> <p>(Also for those who don't want to pay the full $2.00 but want to buy the album, the discount code is <em>crowcode</em> for fifty percent off. Lasts until 1/1/15.)</p> <p>Either way all y'all enjoy yourselves and end this year on an awesome note. :)</p> 
				 	]]>
				</content:encoded>							</item>
					<item>
				<guid>http://zodiac-ffrpg.wikidot.com/forum/t-444949#post-2155523</guid>
				<title>Introduce yourself, fellow ZODIAC gamer: Re: Introduce yourself, fellow ZODIAC gamer</title>
				<link>http://zodiac-ffrpg.wikidot.com/forum/t-444949/introduce-yourself-fellow-zodiac-gamer#post-2155523</link>
				<description></description>
				<pubDate>Thu, 13 Nov 2014 09:22:24 +0000</pubDate>
				<wikidot:authorName>Sulthar</wikidot:authorName>				<wikidot:authorUserId>1954290</wikidot:authorUserId>				<content:encoded>
					<![CDATA[
						 <p>I play the system for 2 months now and all the questions were bin answered within 3-4 days. Personnally, I have a games session every week so that answer rate is far than enough for me :) If you have some suggestions/modifications to the system just post them&#8230; discussion will follow :) And feel free to create your own creatures, the data base will propably grow faster that way.</p> 
				 	]]>
				</content:encoded>							</item>
					<item>
				<guid>http://zodiac-ffrpg.wikidot.com/forum/t-444949#post-2152220</guid>
				<title>Introduce yourself, fellow ZODIAC gamer: Re: Introduce yourself, fellow ZODIAC gamer</title>
				<link>http://zodiac-ffrpg.wikidot.com/forum/t-444949/introduce-yourself-fellow-zodiac-gamer#post-2152220</link>
				<description></description>
				<pubDate>Sun, 09 Nov 2014 12:03:04 +0000</pubDate>
				<wikidot:authorName>Aleph Ozone</wikidot:authorName>				<wikidot:authorUserId>1986833</wikidot:authorUserId>				<content:encoded>
					<![CDATA[
						 <p>Yeah, thanks, I understand now.</p> <p>And thanks, it's a relief (what you said about me not worrying).</p> <p>I can't wait to play this!</p> 
				 	]]>
				</content:encoded>							</item>
					<item>
				<guid>http://zodiac-ffrpg.wikidot.com/forum/t-444949#post-2150378</guid>
				<title>Introduce yourself, fellow ZODIAC gamer: Re: Introduce yourself, fellow ZODIAC gamer</title>
				<link>http://zodiac-ffrpg.wikidot.com/forum/t-444949/introduce-yourself-fellow-zodiac-gamer#post-2150378</link>
				<description></description>
				<pubDate>Thu, 06 Nov 2014 20:31:49 +0000</pubDate>
				<wikidot:authorName>Regal Pinion</wikidot:authorName>				<wikidot:authorUserId>1119553</wikidot:authorUserId>				<content:encoded>
					<![CDATA[
						 <p>Don't think of the Strength Dice and AP as &quot;Pure physical&quot; think of them as a separate entity from whatever your techs/magics are.<br /> The best way to look at it is thinking of the Strength and Weapon AP as how competent a character is in combat when using the weapon.<br /> The reason being is that if one was to take it literally then they'd have a tough time explaining how greater strength improves damages shot by a gun or crossbow. There is also the fact that it makes the game more balanced, while making stats as simple as possible.</p> <p>Also, don't worry about the death of this site it tends to work in bursts, leaps, and bounds.</p> <p>On a final note, despite everything written above these rules are not set in stone. So play test it a bit, don't be afraid to experiment and perhaps share your results.</p> <p>Hope this helps. :)</p> 
				 	]]>
				</content:encoded>							</item>
					<item>
				<guid>http://zodiac-ffrpg.wikidot.com/forum/t-444949#post-2146518</guid>
				<title>Introduce yourself, fellow ZODIAC gamer: Re: Introduce yourself, fellow ZODIAC gamer</title>
				<link>http://zodiac-ffrpg.wikidot.com/forum/t-444949/introduce-yourself-fellow-zodiac-gamer#post-2146518</link>
				<description></description>
				<pubDate>Sun, 02 Nov 2014 12:50:35 +0000</pubDate>
				<wikidot:authorName>Aleph Ozone</wikidot:authorName>				<wikidot:authorUserId>1986833</wikidot:authorUserId>				<content:encoded>
					<![CDATA[
						 <p>Uh&#8230; hi, uh. I'm bad with introductions. Hi all, I'm Aleph.</p> <p>I&#8230; think this is all amazing. This system is amazing. Although it has some bits where it needs to be fixed, it seems things are slowly progressing, so that's good!</p> <p>I really, really like this all, and I'd like to run a game with this system for my friends. I just wish this place wasn't so&#8230; quiet, I guess. It's not dead, nor abandoned, but it sure feels like it.</p> <p>I'm sorry, I apologise, I don't want to be rude. Anyway. I figured if I wanted this place to be more lively, I should start by giving it a bit of life myself. It'd be great to see even a single person answer to me. Although the site tells me that there was activity here 5 days ago&#8230; that's not too long ago&#8230; though not what I'd call an active site.</p> <p>I'm sorry again. Excuse my pessimism. This is just so awesome, and I'm just so afraid of what'd happen if this was abandoned.</p> <p>I'm currently making my own character, so I can test this system. Like many other ZODIAC fans, I'm a Kingdom Hearts fan, and the rp I was planning for my friends was exactly a Kingdom Hearts rp. I'm actually surprised there weren't Shadows in the &quot;Monsters&quot; page, but I guess I'll just make the necessary heartless myself. It'd just be better for me to make the enemies if it weren't for the fact I've never actually played in this system, as of yet.</p> <p>EDIT: I have a question. If my &quot;weapon&quot; is essentially magic - like Xenmas' laser swords - can I then attack with Magic Dice and MAP instead of Strenght Dice and AP?</p> 
				 	]]>
				</content:encoded>							</item>
					<item>
				<guid>http://zodiac-ffrpg.wikidot.com/forum/t-444949#post-2142083</guid>
				<title>Introduce yourself, fellow ZODIAC gamer: Re: Introduce yourself, fellow ZODIAC gamer</title>
				<link>http://zodiac-ffrpg.wikidot.com/forum/t-444949/introduce-yourself-fellow-zodiac-gamer#post-2142083</link>
				<description></description>
				<pubDate>Mon, 27 Oct 2014 16:39:49 +0000</pubDate>
				<wikidot:authorName>Chronotaur</wikidot:authorName>				<wikidot:authorUserId>2002791</wikidot:authorUserId>				<content:encoded>
					<![CDATA[
						 <p>This banding system is truly amazing. I had not thought of it at all but with the way I began my current game it can (and will) be implemented easily!</p> 
				 	]]>
				</content:encoded>							</item>
					<item>
				<guid>http://zodiac-ffrpg.wikidot.com/forum/t-444949#post-2133931</guid>
				<title>Introduce yourself, fellow ZODIAC gamer: Re: Introduce yourself, fellow ZODIAC gamer</title>
				<link>http://zodiac-ffrpg.wikidot.com/forum/t-444949/introduce-yourself-fellow-zodiac-gamer#post-2133931</link>
				<description></description>
				<pubDate>Sat, 18 Oct 2014 00:45:20 +0000</pubDate>
				<wikidot:authorName>Sulthar</wikidot:authorName>				<wikidot:authorUserId>1954290</wikidot:authorUserId>				<content:encoded>
					<![CDATA[
						 <p>66 mp for a combined 3 person attack for only a tech 4 result? I mean does all of them do the tech 4 damage one after the other or its one single 'big' attack ? Because 66 mp for a tech that would cost 21 usually MUST have an advantage no?</p> 
				 	]]>
				</content:encoded>							</item>
					<item>
				<guid>http://zodiac-ffrpg.wikidot.com/forum/t-444949#post-2130571</guid>
				<title>Introduce yourself, fellow ZODIAC gamer: Re: Introduce yourself, fellow ZODIAC gamer</title>
				<link>http://zodiac-ffrpg.wikidot.com/forum/t-444949/introduce-yourself-fellow-zodiac-gamer#post-2130571</link>
				<description></description>
				<pubDate>Mon, 13 Oct 2014 10:25:55 +0000</pubDate>
				<wikidot:authorName>DFroGGotten1</wikidot:authorName>				<wikidot:authorUserId>498563</wikidot:authorUserId>				<content:encoded>
					<![CDATA[
						 <p>Banding (C-C-C-C-COMBONATION ATTACK!)</p> <p>Banding was introduced into one Final Fantasy game&#8230; Final Fantasy IV: The After Years. But it was introduced far before that. It was introduced in Chrono Trigger as 'Dual Tech' and 'Triple Tech'. But either way means the same: An attack created by two or more combatants. I have developed these Banding rules for ZODIAC Final Fantasy RPG.</p> <p>First, the two or more PCs must decide which tech of each player's choice the Banding tech will derived from. Next, the Players must create a tech with a tech level equal to (Average Tech Level between all Techs involved + Banding Modifier). The banding Modifier depends on how many participants are involved with the Banding Tech, to a maximum of Five. See below:</p> <p>Two to Three Players: +1 Tech Level<br /> Four to Five Players: +2 Tech Levels</p> <p>Then, they need to figure out how much the banding Tech will cost to each participant. This cost is equal to (sum of all Techs MP + 5) / # of Partipants. Let's give an example with a three participant Banding Tech, using some alraedy created characters.</p> <p>Ktjn, Cid, and Blank want to create a banding tech out of the following Techs. Ktjn's 'Tower Card' (Level 3 Strong Attack Magic w/ Lightning Elemental: Cost 14 MP) + Cid's Wind Shot (Level 3 Medium Attack Magic w/ Wind Elemental + Lesser Sleep: Cost 19 MP) + Blank's Suprathermal Busterblast (Level 3 Strong Power Attack w/ Fire Elemental + Lesser Poison + Area Effect: Cost 29 MP). They decide that the Banding Tech should be an Strong Attack Magic with Banding, Area Effect, and Multiple Element (Fire, Wind, and Lightning). Blank's player wants to call it 'Tempermental Natural Disaster'. Ktjn's player and Cid's player agrees to the name. Now, They add the average of their Techs (3) to the Banding Modifier (+1) to get a Level 4 Tech. Then they figure the MP cost of the tech that is deducted from each of them to use this mega-tech. ((14 + 19 + 29 + 5)/3) = 22 Mp cost from each of them.</p> <p>Banding Techs may include 3 Secondaries and an Elemental (excluding Element Choice and Multi-Element)</p> <p>The banding Tech activates on the slowest person's turn, but each participant pays their 8 SP (unless slowed or hasted, in which they pay 2 more or 2 less), or, if the Banding Tech has Charge Power, they Pay 8+(SP Cost/# of Participants +1)</p> <p>If creating a Banding tech that uses magic attack rolls, add 5 points to the average of the characters's MACC. For each character beyond the two-character tech, add another 5 MACC.</p> <p>and That's all you need to create a Banding techs.</p> 
				 	]]>
				</content:encoded>							</item>
					<item>
				<guid>http://zodiac-ffrpg.wikidot.com/forum/t-444949#post-2124682</guid>
				<title>Introduce yourself, fellow ZODIAC gamer: Re: Introduce yourself, fellow ZODIAC gamer</title>
				<link>http://zodiac-ffrpg.wikidot.com/forum/t-444949/introduce-yourself-fellow-zodiac-gamer#post-2124682</link>
				<description></description>
				<pubDate>Sun, 05 Oct 2014 01:03:54 +0000</pubDate>
				<wikidot:authorName>DFroGGotten1</wikidot:authorName>				<wikidot:authorUserId>498563</wikidot:authorUserId>				<content:encoded>
					<![CDATA[
						 <p>We have a system for 'Banding', which is similar to the Chrono Trigger concept. I developed it, but it's on another computer. I'll post up the rules here sometime tomorrow.</p> 
				 	]]>
				</content:encoded>							</item>
					<item>
				<guid>http://zodiac-ffrpg.wikidot.com/forum/t-444949#post-2123684</guid>
				<title>Introduce yourself, fellow ZODIAC gamer: Re: Introduce yourself, fellow ZODIAC gamer</title>
				<link>http://zodiac-ffrpg.wikidot.com/forum/t-444949/introduce-yourself-fellow-zodiac-gamer#post-2123684</link>
				<description></description>
				<pubDate>Fri, 03 Oct 2014 08:50:48 +0000</pubDate>
				<wikidot:authorName>Sulthar</wikidot:authorName>				<wikidot:authorUserId>1954290</wikidot:authorUserId>				<content:encoded>
					<![CDATA[
						 <p>Basicly in the manga, SAO is a computer game that uses neutral headgear to directly immerge the player into the game. When the game started the mad genius that created the game removed any ways to logoff and held captive all the players. The only way to escape is to beat the game, naturally if you die in the game, you die in real life as well. So the game has 200 'levels' each levels, flat peice of land, has their own climate/monster/ressources and is help together but a middle link wich is protected by a boss encouter. Now just imagine what you can do as a game master to set your players off-guard! So players know about their stats, can give each other tips about them and might just combine their strenghts to get a blasting force! So as I GM I want to always improve their playing experience by improving the game system as well.</p> <p>Any of you though about merging techs? when 2 characters cast spells at same time to make them one super tech? I like in Chrono Cross! Anyways! Im here if you got ideas!</p> 
				 	]]>
				</content:encoded>							</item>
					<item>
				<guid>http://zodiac-ffrpg.wikidot.com/forum/t-444949#post-2122106</guid>
				<title>Introduce yourself, fellow ZODIAC gamer: Re: Introduce yourself, fellow ZODIAC gamer</title>
				<link>http://zodiac-ffrpg.wikidot.com/forum/t-444949/introduce-yourself-fellow-zodiac-gamer#post-2122106</link>
				<description></description>
				<pubDate>Wed, 01 Oct 2014 02:19:12 +0000</pubDate>
				<wikidot:authorName>DFroGGotten1</wikidot:authorName>				<wikidot:authorUserId>498563</wikidot:authorUserId>				<content:encoded>
					<![CDATA[
						 <p>first things first&#8230;<br /> Greetings and Salutations! Welcome to the ZODIAC Community!<br /> As for your request, I have never seen, nor read, SAO. But I can give you the Character sheets!<br /> Let me upload them right quick..</p> <p>EDIT: Here you go!<br /> <a href="http://zodiac-ffrpg.wikidot.com/local--files/forum:thread/ZFFRPG-CS_Basic">Basic Layout</a><br /> <a href="http://zodiac-ffrpg.wikidot.com/local--files/forum:thread/ZFFRPG-CS_TablesNTables">Tables within Tables</a><br /> <a href="http://zodiac-ffrpg.wikidot.com/local--files/forum:thread/ZFFRPG-CS_DNDish">DND-ish</a></p> <p>And for extra helpings&#8230;<br /> <a href="http://zodiac-ffrpg.wikidot.com/local--files/forum:thread/ZFFRPG-Master%20Aids">Master Aids</a></p> 
				 	]]>
				</content:encoded>							</item>
					<item>
				<guid>http://zodiac-ffrpg.wikidot.com/forum/t-444949#post-2112374</guid>
				<title>Introduce yourself, fellow ZODIAC gamer: Re: Introduce yourself, fellow ZODIAC gamer</title>
				<link>http://zodiac-ffrpg.wikidot.com/forum/t-444949/introduce-yourself-fellow-zodiac-gamer#post-2112374</link>
				<description></description>
				<pubDate>Thu, 18 Sep 2014 08:20:04 +0000</pubDate>
				<wikidot:authorName>Sulthar</wikidot:authorName>				<wikidot:authorUserId>1954290</wikidot:authorUserId>				<content:encoded>
					<![CDATA[
						 <p>Hey! I'm Sulthar from Québec, Canada! I'm starting a tabletop game with some friends using this system. I am trying to fit the system into a <em>Sword Art Online</em> setting! If any of you know the manga feel free to comment! Im open to suggestions/tips ideas and I can give some ideas i got on my side! I can't have a hand on character sheets (links are dead) si I'm making my own for the moment.</p> 
				 	]]>
				</content:encoded>							</item>
					<item>
				<guid>http://zodiac-ffrpg.wikidot.com/forum/t-444949#post-2108024</guid>
				<title>Introduce yourself, fellow ZODIAC gamer: Re: Introduce yourself, fellow ZODIAC gamer</title>
				<link>http://zodiac-ffrpg.wikidot.com/forum/t-444949/introduce-yourself-fellow-zodiac-gamer#post-2108024</link>
				<description></description>
				<pubDate>Fri, 12 Sep 2014 00:56:44 +0000</pubDate>
				<wikidot:authorName>DFroGGotten1</wikidot:authorName>				<wikidot:authorUserId>498563</wikidot:authorUserId>				<content:encoded>
					<![CDATA[
						 <p>Greetings and salutations from Lord Froggotten<br /> Forgive my absence, Life can be a cruel, hard, glass infested dirt road, and you have to walk barefoot&#8230; for mles.<br /> Moving on, I'm finally back and bringing forth material soon. BEASTIE BOOK -A Taste of Monstery Goodness (5-monster demo doc) will be gracing the download section soon, and the class builds, and other resources, will be expanded and appended on. Any suggestion, comments, or critique is gladly accepted. Hope for a better ZODIAC site in the meantime.</p> 
				 	]]>
				</content:encoded>							</item>
					<item>
				<guid>http://zodiac-ffrpg.wikidot.com/forum/t-444949#post-2095709</guid>
				<title>Introduce yourself, fellow ZODIAC gamer: Re: Introduce yourself, fellow ZODIAC gamer</title>
				<link>http://zodiac-ffrpg.wikidot.com/forum/t-444949/introduce-yourself-fellow-zodiac-gamer#post-2095709</link>
				<description></description>
				<pubDate>Sun, 24 Aug 2014 07:05:50 +0000</pubDate>
				<wikidot:authorName>Regal Pinion</wikidot:authorName>				<wikidot:authorUserId>1119553</wikidot:authorUserId>				<content:encoded>
					<![CDATA[
						 <p>Hello, Mooglemaster.</p> <p>Pleasure to meet you.</p> 
				 	]]>
				</content:encoded>							</item>
					<item>
				<guid>http://zodiac-ffrpg.wikidot.com/forum/t-444949#post-2077873</guid>
				<title>Introduce yourself, fellow ZODIAC gamer: Re: Introduce yourself, fellow ZODIAC gamer</title>
				<link>http://zodiac-ffrpg.wikidot.com/forum/t-444949/introduce-yourself-fellow-zodiac-gamer#post-2077873</link>
				<description></description>
				<pubDate>Wed, 30 Jul 2014 03:25:58 +0000</pubDate>
				<wikidot:authorName>MooglemasterVI</wikidot:authorName>				<wikidot:authorUserId>1360056</wikidot:authorUserId>				<content:encoded>
					<![CDATA[
						 <p>Hello much vacant Wikidot of Awesomeness known as Zodiac FFRPG. As Square-Enix (aka. Squeenix) continues to pump out crappy game after crappy game (That is what happens when you merge with rival company and fire the staff of the best JRPG Franchise of all time and replace it with people not connected to it in anyway), a resurgence needs to occur from those of us who still hold dear the true essence of what Final Fantasy once was need to rise up. Obviously Squeenix doesn't care anymore about us, they have a new generation of MMOrons who love their overly cinematic 120hr intro movies leading into a chance for openness(Yes FFXII I am talking about you) and poorly executed combat systems(FFX-2). Zodiac needs to re-emerge! Those of us who grew up on the Final Fantasy series(under Square Soft) have to have something to quell the desire of epic storyline and tactical combat (not to mention random encounters). Modern video game makers don't seem to care anymore, leaving us to go back to our other love PnP RPG's. What better way to get both than this magnificent game! I have been working on trying to build my own FF based PnP and ran across Zodiac. Do I agree with it 100% no, but that is what house rules are for. I wish I had gotten on board 7 years ago while it was still more active. I just hope there is someone still there who is paying attention. I look forward to building a campaign based on FFVI and will try to post any info I can on here for everyone to use as well.</p> <p>By the way I am Mooglemaster. Happy Gaming!</p> 
				 	]]>
				</content:encoded>							</item>
					<item>
				<guid>http://zodiac-ffrpg.wikidot.com/forum/t-867818#post-2042678</guid>
				<title>A little something for Zodiac...: A little something for Zodiac...</title>
				<link>http://zodiac-ffrpg.wikidot.com/forum/t-867818/a-little-something-for-zodiac#post-2042678</link>
				<description></description>
				<pubDate>Sat, 31 May 2014 10:27:41 +0000</pubDate>
				<wikidot:authorName>Regal Pinion</wikidot:authorName>				<wikidot:authorUserId>1119553</wikidot:authorUserId>				<content:encoded>
					<![CDATA[
						 <p>A song I wrote and recorded about some of the Final Fantasy games we know and love.<br /> Let's just hope I'm no spoony bard.</p> <p><a href="https://www.youtube.com/watch?v=5i00lJl2PbA">https://www.youtube.com/watch?v=5i00lJl2PbA</a></p> <p>I hope you all enjoy it. :)</p> 
				 	]]>
				</content:encoded>							</item>
					<item>
				<guid>http://zodiac-ffrpg.wikidot.com/forum/t-710070#post-2026298</guid>
				<title>Final Fantasy: Infinity: Re: Final Fantasy: Infinity</title>
				<link>http://zodiac-ffrpg.wikidot.com/forum/t-710070/final-fantasy:infinity#post-2026298</link>
				<description></description>
				<pubDate>Tue, 06 May 2014 01:15:56 +0000</pubDate>
				<wikidot:authorName>JBPuffin</wikidot:authorName>				<wikidot:authorUserId>1299270</wikidot:authorUserId>				<content:encoded>
					<![CDATA[
						 <p>More ideas! This one might just drive some people crazy, though&#8230;</p> <p>Let's say that every character is not one, but TWO classes at once. The catch? The pair they use isn't set by default, but decided by the player when they get them! I imagine the game will be very FFTA-ish, but with FFT's fatal combat. Also, there would be combo abilities - you sort of put two &quot;Techs&quot; together, or combine a passive and active or 2 passives, and get some crazy things.</p> <p>The examples that come to mind are what I imagine would be a typical &quot;hybrid&quot; party, essentially mixing two very distinct classes together.</p> <p>White Mage/Fighter - Your typical paladin-style character; heals and kills, with some overlap whenever possible.<br /> Black Mage/Archer - Who doesn't love a blaster with a decent weapon?<br /> Gunner/Black Belt - This one's a bit&#8230;far out, but dude! Imagine someone like old-age Batman, or maybe Captain America&#8230;<br /> Thief/Blue Mage - Did someone call for a guy who literally steals spells from people? I did!</p> <p>You could twist these around however you wanted, and use whatever list of classes you decide would be best, but in the end it would be a crew of characters each with a hybrid spread and a LOT of interesting options to play with. This way, everyone's pretty unique and useful at the same time.</p> 
				 	]]>
				</content:encoded>							</item>
				</channel>
</rss>