<?xml version="1.0" encoding="UTF-8" ?>
<rss version="2.0" xmlns:content="http://purl.org/rss/1.0/modules/content/" xmlns:wikidot="http://www.wikidot.com/rss-namespace">

	<channel>
		<title>Per page discussions (new threads)</title>
		<link>http://zodiac-ffrpg.wikidot.com/forum/c-300913/per-page-discussions</link>
		<description>Threads in the forum category &quot;Per page discussions&quot; - This category holds per-page comment threads</description>
				<copyright></copyright>
		<lastBuildDate>Thu, 18 Feb 2021 21:36:47 +0000</lastBuildDate>
		
				</channel>
</rss>