<?xml version="1.0" encoding="UTF-8" ?>
<rss version="2.0" xmlns:content="http://purl.org/rss/1.0/modules/content/" xmlns:wikidot="http://www.wikidot.com/rss-namespace">

	<channel>
		<title>Astral Temples (new threads)</title>
		<link>http://zodiac-ffrpg.wikidot.com/forum/c-300930/astral-temples</link>
		<description>Threads in the forum category &quot;Astral Temples&quot; - A space-faring campaign. AKA Final Frontier Fantasy. Will be hosted at a later date.</description>
				<copyright></copyright>
		<lastBuildDate>Thu, 18 Feb 2021 21:36:40 +0000</lastBuildDate>
		
					<item>
				<guid>http://zodiac-ffrpg.wikidot.com/forum/t-351688</guid>
				<title>The Guide to the Galaxy.</title>
				<link>http://zodiac-ffrpg.wikidot.com/forum/t-351688/the-guide-to-the-galaxy</link>
				<description>The Astral Temples&#039;s Worldbook</description>
				<pubDate>Sat, 30 Apr 2011 18:34:48 +0000</pubDate>
				<wikidot:authorName>DFroGGotten1</wikidot:authorName>				<wikidot:authorUserId>498563</wikidot:authorUserId>				<content:encoded>
					<![CDATA[
						 <p>To be completed at a later date.</p> 
				 	]]>
				</content:encoded>							</item>
					<item>
				<guid>http://zodiac-ffrpg.wikidot.com/forum/t-351687</guid>
				<title>Characters (PCs)</title>
				<link>http://zodiac-ffrpg.wikidot.com/forum/t-351687/characters-pcs</link>
				<description></description>
				<pubDate>Sat, 30 Apr 2011 18:32:58 +0000</pubDate>
				<wikidot:authorName>DFroGGotten1</wikidot:authorName>				<wikidot:authorUserId>498563</wikidot:authorUserId>				<content:encoded>
					<![CDATA[
						 <p>This thread is for all characters of Astral Temples that are PCs.</p> 
				 	]]>
				</content:encoded>							</item>
				</channel>
</rss>