<?xml version="1.0" encoding="UTF-8" ?>
<rss version="2.0" xmlns:content="http://purl.org/rss/1.0/modules/content/" xmlns:wikidot="http://www.wikidot.com/rss-namespace">

	<channel>
		<title>ZODIAC Utilities (new threads)</title>
		<link>http://zodiac-ffrpg.wikidot.com/forum/c-300927/zodiac-utilities</link>
		<description>Threads in the forum category &quot;ZODIAC Utilities&quot; - Character Sheets, Character Generators, and the like can go here.</description>
				<copyright></copyright>
		<lastBuildDate>Thu, 18 Feb 2021 21:34:52 +0000</lastBuildDate>
		
					<item>
				<guid>http://zodiac-ffrpg.wikidot.com/forum/t-625211</guid>
				<title>Interactive Character Sheet for OpenOffice</title>
				<link>http://zodiac-ffrpg.wikidot.com/forum/t-625211/interactive-character-sheet-for-openoffice</link>
				<description></description>
				<pubDate>Sat, 16 Feb 2013 06:29:05 +0000</pubDate>
				<wikidot:authorName>Nines</wikidot:authorName>				<wikidot:authorUserId>1556007</wikidot:authorUserId>				<content:encoded>
					<![CDATA[
						 <p>Hey y'all. It's been a long, long time since I've been around, and it's been even longer since I've really had a chance to play this awesome game. But for some reason I got it in me to put together this spreadsheet to act as an interactive character sheet which automates most of the formula-generated parts of the character. Unbeknown to me, it seems like there have been a couple other efforts to do the same thing, and they all look very nice.<br /> Looking at the activity here, I wonder if anybody else will even see this, but I put it out to The Universe regardless. You can download the rar here:</p> <p>mediafire*dot*com/?fr7wc5mv8928dsy</p> <p>This includes the .ods, which requires OpenOffice.org in order to read (it's free).</p> <p>Here's some quick screenshots. I started with the standard black-on-white style, but ended up changing it to resemble something more like the classic Final Fantasy menus.</p> <p>mediafire*dot*com/view/?jmay9w7lerv90vy<br /> mediafire*dot*com/view/?4d71pogsrp4nklx</p> <p>Appearantly I don't have enough Karma to post a real link. Hopefully this will work in the meantime..</p> <p>Like I said, it's been a long time since I've played Zodiac, which means this thing has gotten zero play-testing outside of my own tinkering with it. I've spent a lot of time trying to work out all the bugs, but I'm certain it's probably still got some(a lot). If anybody has any problems, or suggestions for improvements/changes, please let me know.</p> <p>I also have an early alpha version of a monster sheet which works in much the same way as the character sheet. If there's any interest in it, I can probably provide a working version here.</p> 
				 	]]>
				</content:encoded>							</item>
					<item>
				<guid>http://zodiac-ffrpg.wikidot.com/forum/t-512722</guid>
				<title>Zodiac PDF Character Sheet</title>
				<link>http://zodiac-ffrpg.wikidot.com/forum/t-512722/zodiac-pdf-character-sheet</link>
				<description>Printable and interactive PDF character sheet for</description>
				<pubDate>Tue, 26 Jun 2012 02:04:59 +0000</pubDate>
				<wikidot:authorName>Tyaeth</wikidot:authorName>				<wikidot:authorUserId>1388838</wikidot:authorUserId>				<content:encoded>
					<![CDATA[
						 <p>Hey All,</p> <p>Not sure how many people are still around on these forums, but a few friends and myself have started playing Zodiac lately and I've personally been very impressed on how the feel of a Final Fantasy battle has been preserved in a tabletop format. Because I like the RPG so much I decided to put together a little 1 page character sheet for our group and figured that I'd share it here in case anyone else was interested.</p> <p>The sheet is still a bit of a WIP, and the skills section is put together with tech users in mind more than blue magic users. As far as the interactive sheet goes, I'm still a bit unsure of some of the formulas. For example, I'm not 100% sure whether Maximum Tech Levels and Tech Points gained from the MAG stat are supposed to be derived from the character's total MAG stat (including relics and enchants) or just the character's base MAG. The sheet treats MTL and Tech Points as being derived from the TOTAL stat, but if that's wrong feel free to correct me, as we've only had 2 sessions so far and I'm still quite new to the game.</p> <p>EDIT: I seem to lack the credentials to post a link to the sheet as a URL unfortunately. If anyone is interested in a copy of the sheet I'd be glad to pass it along if you could point me to a method of how I could post it :)</p> <p>Downloads at: tyaeth+dot+soba-scans+dot+com/Zodiac/</p> 
				 	]]>
				</content:encoded>							</item>
					<item>
				<guid>http://zodiac-ffrpg.wikidot.com/forum/t-465909</guid>
				<title>Monster Spreadsheet</title>
				<link>http://zodiac-ffrpg.wikidot.com/forum/t-465909/monster-spreadsheet</link>
				<description>An easy spreadsheet for monster creation.</description>
				<pubDate>Thu, 03 May 2012 09:36:56 +0000</pubDate>
				<wikidot:authorName>Iyoret</wikidot:authorName>				<wikidot:authorUserId>1355977</wikidot:authorUserId>				<content:encoded>
					<![CDATA[
						 <p>You'll notice that not everything is on the sheet. My idea was simply to make calculating the derived stats easier. Input the level of the monster, and the sheet will give you the total stat points available. The stat points will decrease as you fill in the stats.</p> <p>Overall, this is intended to make creating new monsters a little bit faster and easier. You'll still need a concept and all that, but at least the derived stats take care of themselves.</p> 
				 	]]>
				</content:encoded>							</item>
					<item>
				<guid>http://zodiac-ffrpg.wikidot.com/forum/t-369180</guid>
				<title>Character Manager Excel/Numbers</title>
				<link>http://zodiac-ffrpg.wikidot.com/forum/t-369180/character-manager-excel-numbers</link>
				<description>An Excel sheet character manager</description>
				<pubDate>Tue, 28 Jun 2011 17:31:33 +0000</pubDate>
				<wikidot:authorName>QDSD</wikidot:authorName>				<wikidot:authorUserId>995008</wikidot:authorUserId>				<content:encoded>
					<![CDATA[
						 <p>This is currently in version 0&#160;0&#160;0 , something I threw up in ten minutes. But I will update this as I update the sheet.</p> <p>Note: It was created in Numbers and Exported as Excel, so if Excel users have trouble, it would be good for me to know.</p> <p>-&gt; <a href="http://www.mediafire.com/?kiv94t9b7p330az">Character_Manager_Version_0_0_0</a></p> <ul> <li>This is a rough, quick excel sheet that is in version 0&#160;0&#160;0 . Classes just started back up for me, but I'll make it do more and make it more presentable as time goes on. For now, it can be used to help create your characters. You can change the stats and change the armor/weapon bonuses to see how it affects substats. Note: I made it in Numbers then exported as Excel, so let me know if you Excel users end up having trouble if you use it.</li> </ul> 
				 	]]>
				</content:encoded>							</item>
					<item>
				<guid>http://zodiac-ffrpg.wikidot.com/forum/t-352126</guid>
				<title>Monster Generator Code</title>
				<link>http://zodiac-ffrpg.wikidot.com/forum/t-352126/monster-generator-code</link>
				<description>A Monster generator code for the program MASTERPLAN by Anderware</description>
				<pubDate>Mon, 02 May 2011 17:57:20 +0000</pubDate>
				<wikidot:authorName>DFroGGotten1</wikidot:authorName>				<wikidot:authorUserId>498563</wikidot:authorUserId>				<content:encoded>
					<![CDATA[
						 <hr /> <p>ZODIAC Monster Generator</p> <hr /> <p>??NAME=GET(What is the monster's name?)??<br /> ??TYPE=GET(What is the Monster's type?)??<br /> LABEL:LEVELVAL<br /> ??LEVEL=VAL(GET(What level is the monster?))??<br /> IF ??LEVEL??&lt;1 OR ??LEVEL??&gt;99<br /> GOTO:LEVELVAL<br /> ELSE<br /> END IF<br /> LABEL:BOSSVAL<br /> ??BOSS=VAL(GET(Is it a Boss Monster?(0=No, 1=Yes)))??<br /> IF ??BOSS??&gt;1<br /> GOTO:BOSSVAL<br /> ELSE<br /> END IF<br /> ??STR=VAL(GET(What is the monster's STR Value?))??<br /> ??MAG=VAL(GET(What is the monster's MAG Value?))??<br /> ??VIT=VAL(GET(What is the monster's VIT Value?))??<br /> ??SPR=VAL(GET(What is the monster's SPR Value?))??<br /> ??AGI=VAL(GET(What is the monster's AGI Value?))??<br /> ??EXSTATS=VAL(GET(Does the monster have Exceptional Stats?(0=No, 1=Yes)))??<br /> LABEL:XLVLCHECK<br /> IF ??EXSTATS??=1<br /> ??EXLEVEL=VAL(GET(What level is Exceptional Stats?(1 through 6)))??<br /> ELSE<br /> GOTO:NOXSTATS<br /> END IF<br /> IF ??EXLEVEL??&lt;1 OR ??EXLEVEL??&gt;6<br /> GOTO:XLVLCHECK<br /> ELSE<br /> END IF<br /> ??EXSTR=VAL(GET(What is the monster's Exceptional STR value))??<br /> ??EXMAG=VAL(GET(What is the monster's Exceptional MAG value))??<br /> ??EXVIT=VAL(GET(What is the monster's Exceptional VIT value))??<br /> ??EXSPR=VAL(GET(What is the monster's Exceptional SPR value))??<br /> ??EXAGI=VAL(GET(What is the monster's Exceptional AGI value))??</p> <p>??NAME?? (Level ??LEVEL?? ??TYPE?? )<br /> IF ??BOSS??=1<br /> XP: ??LEVEL*150??<br /> GP: ??LEVEL*75??<br /> ELSE<br /> XP: ??LEVEL*35??<br /> GP: ??LEVEL*15??<br /> END IF<br /> ??STRVAL=(STR+EXSTR)??<br /> ??MAGVAL=(MAG+EXMAG)??<br /> ??VITVAL=(VIT+EXVIT)??<br /> ??SPRVAL=(SPR+EXSPR)??<br /> ??AGIVAL=(AGI+EXAGI)??</p> <p>Strength: ??STRVAL??<br /> Magic: ??MAGVAL??<br /> Vitality: ??VITVAL??<br /> Spirit: ??SPRVAL??<br /> Agility: ??AGIVAL??</p> <p>IF ??BOSS??=1<br /> Hit Points: ??300+(VITVAL*200)+(LEVEL*100)??<br /> Magic Points: ??SPRVAL+LEVEL??<br /> ELSE<br /> Hit Points: ??30+(VITVAL*20)+(LEVEL*10)??<br /> Magic Points: ??(SPRVAL+LEVEL)\2??<br /> END IF<br /> Attack Power: ??STRVAL*2??<br /> Magic Attack Power: ??MAGVAL*2??<br /> Speed: ??10+(LEVEL\10)+(AGIVAL\15)??<br /> Critical: ??98-(AGIVAL\15)??<br /> Accuracy: ??5+(AGIVAL\5)??<br /> Magic Accuracy: ??5+(MAGVAL\5)??<br /> ??AGILE=VAL(GET(Does the monster have the Agile power?(0=No, 1=Yes)))??<br /> IF ??AGILE??=1<br /> Evade: ??((25+(AGIVAL\5))*2)??<br /> ELSE<br /> Evade: ??25+(AGIVAL\5)??<br /> END IF<br /> Resist: ??25+(VITVAL\10)+(SPRVAL\10)??<br /> Strength Dice: ??1+(STRVAL\100)??<br /> Magic Dice: ??1+(MAGVAL\100)??<br /> Max Tech Levels: ??1+(MAGVAL\5)??<br /> END:</p> <p>LABEL:NOXSTATS<br /> ??NAME?? (Level ??LEVEL?? ??TYPE?? )<br /> IF ??BOSS??=1<br /> XP: ??LEVEL*150??<br /> GP: ??LEVEL*75??<br /> ELSE<br /> XP: ??LEVEL*35??<br /> GP: ??LEVEL*15??<br /> END IF</p> <p>Strength: ??STR??<br /> Magic: ??MAG??<br /> Vitality: ??VIT??<br /> Spirit: ??SPR??<br /> Agility: ??AGI??</p> <p>IF ??BOSS??=1<br /> Hit Points: ??300+(VIT*200)+(LEVEL*100)??<br /> Magic Points: ??SPR+LEVEL??<br /> ELSE<br /> Hit Points: ??30+(VIT*20)+(LEVEL*10)??<br /> Magic Points: ??(SPR+LEVEL)\2??<br /> END IF<br /> Attack Power: ??STR*2??<br /> Magic Attack Power: ??MAG*2??<br /> Speed: ??10+(LEVEL\10)+(AGI\15)??<br /> Critical: ??98-(AGI\15)??<br /> Accuracy: ??5+(AGI\5)??<br /> Magic Accuracy: ??5+(MAG\5)??<br /> ??AGILE=VAL(GET(Does the monster have the Agile power?(0=No, 1=Yes)))??<br /> IF ??AGILE??=1<br /> Evade: ??((25+(AGI\5))*2)??<br /> ELSE<br /> Evade: ??25+(AGI\5)??<br /> END IF<br /> Resist: ??25+(VIT\10)+(SPR\10)??<br /> Strength Dice: ??1+(STR\100)??<br /> Magic Dice: ??1+(MAG\100)??<br /> Max Tech Levels: ??1+(MAG\5)??</p> <p>(take this code and post it as a script in Masterplan.)</p> <p>You can download Masterplan <a href="http://www.anderware.org/dev/masterplan.asp">here</a></p> 
				 	]]>
				</content:encoded>							</item>
				</channel>
</rss>