<?xml version="1.0" encoding="UTF-8" ?>
<rss version="2.0" xmlns:content="http://purl.org/rss/1.0/modules/content/" xmlns:wikidot="http://www.wikidot.com/rss-namespace">

	<channel>
		<title>Optional Rules (new threads)</title>
		<link>http://zodiac-ffrpg.wikidot.com/forum/c-300923/optional-rules</link>
		<description>Threads in the forum category &quot;Optional Rules&quot; - Discussion on rules submited by members of the ZODIAC Community</description>
				<copyright></copyright>
		<lastBuildDate>Thu, 18 Feb 2021 21:34:03 +0000</lastBuildDate>
		
					<item>
				<guid>http://zodiac-ffrpg.wikidot.com/forum/t-1062376</guid>
				<title>New support skill - Double Command</title>
				<link>http://zodiac-ffrpg.wikidot.com/forum/t-1062376/new-support-skill-double-command</link>
				<description></description>
				<pubDate>Tue, 09 Dec 2014 21:39:28 +0000</pubDate>
				<wikidot:authorName>Regal Pinion</wikidot:authorName>				<wikidot:authorUserId>1119553</wikidot:authorUserId>				<content:encoded>
					<![CDATA[
						 <p><strong>Double Command</strong> allows the character to have two command skills instead of one.</p> <p>Essentially it's sacrificing the chance to have a support skill for another command skill.</p> <p>That's it. Simple and effective.</p> 
				 	]]>
				</content:encoded>							</item>
					<item>
				<guid>http://zodiac-ffrpg.wikidot.com/forum/t-1049217</guid>
				<title>Onion Knighting</title>
				<link>http://zodiac-ffrpg.wikidot.com/forum/t-1049217/onion-knighting</link>
				<description>The option to start off with low stats to have a greater award as you level.</description>
				<pubDate>Wed, 05 Nov 2014 19:08:32 +0000</pubDate>
				<wikidot:authorName>Regal Pinion</wikidot:authorName>				<wikidot:authorUserId>1119553</wikidot:authorUserId>				<content:encoded>
					<![CDATA[
						 <p>I want to let you know this is not play tested, but I really want it to be.</p> <p>The idea behind Onion Knighting is essentially starting the game in &quot;Hard Mode&quot; but as levels progress they gain more points than usual.<br /> As such I named it after the class that's often most difficult to raise but ends with great stats.</p> <p>Alright let's do this</p> <p>When a player &quot;Onion Knights&quot; his character he chooses 15 instead of 25 points to allocate between his five stats.<br /> Upon leveling up he has 3 bonus points to apply to his stats just like normal leveling.<br /> Every fifth level they gain a bonus of +3 to all stats in lieu of +2<br /> At level 60 they gain an additional bonus point for leveling up, just like normal.<br /> At level 75 they gain yet another additional bonus point for leveling up.</p> <p>Too broken? Too hard? Let me know!</p> 
				 	]]>
				</content:encoded>							</item>
					<item>
				<guid>http://zodiac-ffrpg.wikidot.com/forum/t-749706</guid>
				<title>New Blue Mages</title>
				<link>http://zodiac-ffrpg.wikidot.com/forum/t-749706/new-blue-mages</link>
				<description>New methods of learning blue magic!</description>
				<pubDate>Mon, 16 Dec 2013 08:57:30 +0000</pubDate>
				<wikidot:authorName>Regal Pinion</wikidot:authorName>				<wikidot:authorUserId>1119553</wikidot:authorUserId>				<content:encoded>
					<![CDATA[
						 <p>My favorite job class throughout Final Fantasy has always been the Blue Mage.</p> <p>So in hopes of honoring this class I have here for you five new methods for them to learn magic!</p> <h2><span>Blue Gil</span></h2> <p>When a monster is defeated, the Blue Mage may spend half of the gil they earned in order learn all of the monster's skills. In story the example could be making an offering of money to a higher power, or simply paying a mentor to help teach them the ways of the beast.</p> <h2><span>Blue Item Drop</span></h2> <p>There is a 30% chance that a monster will drop an item related to one of it's skills. (A goblin might drop &quot;gloves&quot; for Goblin Punch, and a bomb might drop &quot;gun powder&quot; for Suicide.) In story it can mean anything, whether the Blue Mage channels the spell out of the item or they simply apply it to them selves.</p> <h2><span>Leap</span></h2> <p>When in battle if one decides to Leap an enemy there is a 60% chance that your character will Leap the foe, and both you and your foe leave the battle. When the battle is over you learn the all the Blue Magic your foe knew.<br /> However, during a boss fight, if you use leap you must roll a d%. If the result is 50 or higher you succeed, but you and the boss must remain in battle. You will learn the skills when the battle is over. In story this could mean that you studied its ways until you became fully absorbed or that you literally leaped on them while sucking the the power out of the monster as it ran off in terror.</p> <h2><span>Lich</span></h2> <p>Once you defeat an enemy you learn all of its Blue Magic. As a result you are considered &quot;Undead&quot;.<sup class="footnoteref"><a id="footnoteref-403292-1" href="javascript:;" class="footnoteref" >1</a></sup> The only methods of MP and HP healing are from Blue Magic and resting. In story you might be a lich, or your character is cursed.</p> <h2><span>Sky Ore</span></h2> <p>This is like lore but with a higher chance of success, but also with a price. The character may buy an item dedicated to absorbing a monster's skills. The item is called &quot;Sky Ore&quot;. During a battle the character may use a blue ore and has a 70% chance of learning a spell at random (or whatever the master chooses). He may also choose to single out a particular power that he has already seen, with a 90% chance to learn that specific power. A Sky Ore costs 500 gil.<br /> Optionally there is also the Midnight Ore which has a 50% chance to learn all of the blue magic from a foe for 1000 gil.<br /> Another optional ore is the Nebula Ore which has a 50% chance to learn every blue magic from each enemy in battle. This (like X-Potions and X-Ethers) can only be found and not bought.</p> <div class="footnotes-footer"> <div class="title">Footnotes</div> <div class="footnote-footer" id="footnote-403292-1"><a href="javascript:;" >1</a>. All drain-type attacks are reversed, meaning the user loses HP or MP and the you gain it. The you have Absorbency to Shadow damage, and a Weakness to Holy damage. Cure spells and Healing Techs deal damage instead of restoring HP.</div> </div> 
				 	]]>
				</content:encoded>							</item>
					<item>
				<guid>http://zodiac-ffrpg.wikidot.com/forum/t-589867</guid>
				<title>New Limit Break system</title>
				<link>http://zodiac-ffrpg.wikidot.com/forum/t-589867/new-limit-break-system</link>
				<description>A different way to wreak havoc.</description>
				<pubDate>Fri, 16 Nov 2012 23:07:37 +0000</pubDate>
				<wikidot:authorName>Regal Pinion</wikidot:authorName>				<wikidot:authorUserId>1119553</wikidot:authorUserId>				<content:encoded>
					<![CDATA[
						 <p>The limit break system here is called &quot;Chaoticisms&quot;. It is influenced by Final Fantasy IX limit break system for Zodiac.</p> <p>I was hoping to receive criticism for this system, and some suggestions. I tried to keep it balanced, but also slightly more challenging. Although I hope it isn't too unfair (or worse: 'monte hauling'). Also I am using my phone to 'type' this so bear with me.</p> <p>Anyway&#8230; here we go&#8230;</p> <p>Chaoticisms are like special techs that a player can use under a certain condition.<br /> The condition consists of making their Order Points (OP) reduce to zero.</p> <p>So let's start with OP. A player's max OP is double their max. HP. it is a good thing to lose OP. For they must have no Order Points left to use a Chaotism.</p> <p>There are three ways to lose OP.<br /> 1. The character is under the positive status effect 'Disorder'. When disorderly the character loses 10% of their max OP. This can deplete to zero. As a reminder, positive status positive effects are temporary. In terms of tech creation, the primary effect, 'Status Effect' (a medium power tech) can induce Disorder as a level 4 tech.</p> <p>2. There is another positive status effect: Push. When a character is Pushed they lose OP equal to the damage done to them (ally or otherwise). In terms of tech creation, the primary effect, 'Status Effect' (a medium power tech) can induce Push as a level 3 tech.</p> <p>3. There is a primary effect called Entropic. The tech depletes a total amount of OP equal to the Tech's base depleting value with a bonus dependent on your magic stat. The Entropic system is heavily - HEAVILY - influenced on the healing table in the zodiac rule book. So for reference use that table. It is in chapter 2 (Tech Creaton) page 13.</p> <div class="content-separator" style="display: none:"></div> <p>Chaoticisms</p> <p>Like Blue Magic, Chaoticsms are strange. Also like Blue magic, once they are learned they cannot be unlearned. They also can't be upgraded. The final similarity is that some of the chaoticisms are a Power Attack or Attack Magic, and the #PX / #MX rules apply. # is the level of the Chaotism P/M is physical/magical and X is the power number (1 is weak, 2 is medium, 3 is strong).</p> <p>Unlike Blue magic, Chaoticisms are personal to the character and have their own set like a White Mage knows White Magic and an Engineer knows Tools. Chaoticsms cost Chaos Points (CP) to cast. The cost of each Chaotitism is equal to its level. The max CP a player is equal to the highest level Chaoticsm they know. There are six levels of Chaoticisms and a player can know as many Chaoticisms until their heart's desirezm but can only know one level 6 Chaotism.</p> <p>When a player reaches zero CP or cannot spend anymore CP they are returned to normal a with their OP full.</p> <p>The level of a Chaoticism is determined by a judgement call. The GM has final say. The player can make up Chaoticisms but it's up to the GM to decide how they are learned.</p> 
				 	]]>
				</content:encoded>							</item>
					<item>
				<guid>http://zodiac-ffrpg.wikidot.com/forum/t-453844</guid>
				<title>helmets optional</title>
				<link>http://zodiac-ffrpg.wikidot.com/forum/t-453844/helmets-optional</link>
				<description>working on helmets</description>
				<pubDate>Thu, 15 Mar 2012 16:31:48 +0000</pubDate>
				<wikidot:authorName>Tac Prime</wikidot:authorName>				<wikidot:authorUserId>1324038</wikidot:authorUserId>				<content:encoded>
					<![CDATA[
						 <p>So most of the games have helmets as well and since this game does nto allow for a defense stat&#8230;.I give you this<br /> Helmets<br /> light<br /> 7hp 2mp<br /> 10hp 5mp<br /> 15hp 7mp<br /> 25hp 12mp<br /> 30hp 15mp<br /> 40hp 20mp<br /> 50hp 25mp<br /> 60hp 30mp<br /> 75hp 37mp<br /> 100hp 50mp</p> <p>Balance<br /> 4hp evd/mevd=HL<br /> 6hp evd/mevd=HL<br /> 10hp evd/mevd=HL<br /> 16hp evd/m evd=HL<br /> 20hp evd/m evd=HL<br /> 25hp evd/m evd=HL<br /> 30hp evd/m evd=HL<br /> 35hp evd/m evd=HL<br /> 40hp evd/m evd=HL<br /> 50hp evd/m evd=15</p> <p>Hl means the level of the helmet<br /> this one requires some clarification<br /> in my game I added in a magic evade(m evd) stat since magic tends to come as techs in this system and techs don't generally allow for miss chance without taking innacurate. but we've all seen relm and strago luckily evade things like fire 3 and quake.<br /> The base magic evade stat is 3% adding 1&#160;% for every 40 combined points of spr and mag meaning if both stats are at 250 you have a maximum base of 15 so the artifact level of this piece of equipment would improve that by 15%</p> <p>Heavy<br /> 2hp 2str<br /> 3hp 4str<br /> 5hp 6str<br /> 8hp 8str<br /> 10hp 10str<br /> 13hp 15str<br /> 16hp 20str<br /> 20hp 25str<br /> 25hp 30str<br /> 35hp 50str</p> <p>More than happy for adjustment ideas to this</p> 
				 	]]>
				</content:encoded>							</item>
					<item>
				<guid>http://zodiac-ffrpg.wikidot.com/forum/t-409746</guid>
				<title>Froggotten&#039;s Guardian Force system</title>
				<link>http://zodiac-ffrpg.wikidot.com/forum/t-409746/froggotten-s-guardian-force-system</link>
				<description>We didn&#039;t post this up as soon as we got a new forum?</description>
				<pubDate>Thu, 10 Nov 2011 04:10:44 +0000</pubDate>
				<wikidot:authorName>Xaossa</wikidot:authorName>				<wikidot:authorUserId>1238787</wikidot:authorUserId>				<content:encoded>
					<![CDATA[
						 <p>(This is all Frogg's stuff. I take no credit.)</p> <p>GUARDIAN FORCE SYSTEM</p> <p>We all remember FFVIII. The Gunblades, SEeD, That hot chick Rinoa, and if you fought it, OMEGA WEAPON! But one of the most memoriable features was its Guardian Force System. You equipped the GF and you get to summon it. They could get hurt like the party, too. They sorta recreated this with FFX, the Aeon System.</p> <p>I have created the system for it that is the best of both worlds!</p> <p>First off, The Guardian Force, or Esper and whatnot, is considered a Medium powered tech. A Gaurdian Force's Mp Cost is equal to it's level +2. A first Level GF has a Mp Cost of 12 (Level 3 Medium). The cost is to summon the spirit itself, rather than using it.</p> <p>Once summoned, You can control the spirit and order it to use almost any action. You can have it attack, defend, or use one of its Techs. There's a cost to this. The first turn after it is summoned cost nothing, but every following turn you lose Mp equal to 25% of the initial summon cost. Level 1&#160;GF would cause it's summoner to lose 3 Mp per turn after the first. Once you have an improper amount of Mp, the GF returns back from where it came from.</p> <p>The GF grows with its summoner. Yes, that means it has stats. The Base Stats are equal to the summoner's multiplied by 3. To prevent an overpowering Level 1 Tech and such, there are placed restrictions on the max amount of points a stat can have. A GF can have a maximum of 300 points per stat, for purposes of 'deity essence'.</p> <p>Lvl 1&#160;GF = Max of 40<br /> Lvl 2&#160;GF = Max of 70<br /> Lvl 3&#160;GF = Max of 120<br /> Lvl 4&#160;GF = Max of 190<br /> Lvl 5&#160;GF = Max of 250<br /> Lvl 6&#160;GF = Max of 300</p> <p>The GF also has formulas for its Derived Stats.</p> <p>Hp = 100 + 5/ Vit (no armor bonus) + 24/ Tech Lvl<br /> Mp = 10 + Spr (no armor bonus) + 9/ 2 Tech Lvl<br /> Ap = Str (no weapon bonus)<br /> Map = Mag (no weapon bonus)<br /> Spd = 10 + 1/15 Agi<br /> Str Dice = 1 + 1/100 Str<br /> Mag Dice = 1 + 1/100 Mag<br /> Accuracy = 10 + 1/5 Agi<br /> Mag. Accuracy = 10 + 1/5 Mag<br /> Evade = 30 + 1/5 Agi (no guard bonus)<br /> Resist = 30 + (1/10 Vit) + (1/10 Spr)<br /> Critical = 95 - 1/15 Agi<br /> Max Tech Level = Mag/5</p> <p>Effective immediately after the GF is summoned, the summoner becomes a background figure, and doesn't take damage. The GF takes all damage that would be directed at its summoner. Once the Mp cost of the summoner runs too low, or the GF's Hp reaches 0, the Guardian Force disappears. If it becomes unconscious (Hp is 0) it cannot be summoned back until the next day or until the summoner has a good night's rest (whichever the GM chooses). Restoration and status potions/ Techs can be used on GFs, but revival items and techs cannot.</p> <p>As for the Guardian Force's Techs, they cannot learn a tech more powerful then their level plus 2. The damage they do is also based around a d10. Let me give you an example: They also have a number of Tech points to learn techs, too. They have 60 TP at first level, 100 at second, 200 at third, 450 at fourth, 700 at fifth and 1000 at sixth. If you upgrade a GF, just add the differance between the level the GF is at, and the level the GF is to achieve.</p> <p>Shiva is a level 1&#160;GF Tech. Her summoner has Str 6, Mag 13, Vit 8, Spr 10, and Agi 6 and a support skill of Magic Up. So Shiva would have Str 18, Mag 39, Vit 24, Spr 30, and Agi 18. This means Shiva would also have 220 Hp, 40 Mp, 18 Ap, 51 Map (39 + 5 + 7), 11 Spd, 13 Accuracy, 17 Mag Accuracy, 33 Evade, 35 Resist, a Critical score of 94, and a Max Tech Level of 7. Shiva would have the following Techs (as created by her summoner):</p> <p>Ice (Lvl 1 Weak Attack Magic; Ice) Mp 2 Damage 2d8 + 51<br /> Ice 2 (Lvl 2 Medium Attack Magic; Ice) Mp 6 Damage 2d10 + 77<br /> Diamond Dust (Lvl 3 Strong Attack Magic; Area Effect, Ice) Mp 21 Damage 3d12 + 77</p> <p>That is basicly how a Guardian Force would be set up. Once a summoner has reached all stats at 100, the GF, if at level 6, stops growing, because it has reached it's maximum of 300.</p> <p>Hope you all use this system sometime. I haven't played it out, so if you have found a problem with the system, or have any suggestions, feel free to post, and we'll see if we can make it better.</p> 
				 	]]>
				</content:encoded>							</item>
					<item>
				<guid>http://zodiac-ffrpg.wikidot.com/forum/t-368723</guid>
				<title>Gil Cost Payment tech creation</title>
				<link>http://zodiac-ffrpg.wikidot.com/forum/t-368723/gil-cost-payment-tech-creation</link>
				<description>Question on Tech Creation Ruleset</description>
				<pubDate>Sat, 25 Jun 2011 15:56:58 +0000</pubDate>
				<wikidot:authorName>QDSD</wikidot:authorName>				<wikidot:authorUserId>995008</wikidot:authorUserId>				<content:encoded>
					<![CDATA[
						 <p>Does the team here have a rough timeline on when the Gil Cost Payment option in the Tech Creation system will be completed? I have a player in a Zodiac game that was interested in it.</p> <p>Thanks,</p> <p>Dice</p> 
				 	]]>
				</content:encoded>							</item>
					<item>
				<guid>http://zodiac-ffrpg.wikidot.com/forum/t-368139</guid>
				<title>Why is it always #@*&amp;ing card games?</title>
				<link>http://zodiac-ffrpg.wikidot.com/forum/t-368139/why-is-it-always-ing-card-games</link>
				<description>A card battle mini-game for table top RPGS!</description>
				<pubDate>Wed, 22 Jun 2011 23:21:11 +0000</pubDate>
				<wikidot:authorName>Aidanika</wikidot:authorName>				<wikidot:authorUserId>502322</wikidot:authorUserId>				<content:encoded>
					<![CDATA[
						 <p>The whole world loves card games, it seems. Actually, what the whole world loves is ways to expand and improve their favorite RPG, but one of the biggest non-combat activities your PC can engage is are themselves, games. So lets say you want to have games within your game. But it requires some careful design less you have trouble with making those mini-games engaging, timely, and uncomplicated. And fun. Can't forget fun.</p> <p>So, I thought about how a card game would work (actually, I've tackled the project of a Final Fantasy card game a few times in my life, this must be the fifth version of such a thing), and here's what I've come up with:</p> <p>Decks contain 20 cards. Actually they are more like two decks. Your Deck and Your Hand. You pick out which 10 cards you want for you hand at the start.</p> <p>Assign the cards in your hand to the numbers on a d10 (If you're playing in OpenRPG, you'd sent a node to the GM. If its an actual tabletop game, you'd just write this info on an index card or something). Do the same to your Deck. This will be for drawing/discarding at random. As the game goes on, cross cards out as they are chosen, and reroll when you roll up a card you've already drawn.</p> <p><strong>The victory condition of the game is to dwindle your opponent's hand down to zero. Everytime you lose a battle against your opponent's creature, you roll d10 to determine a random card from your hand that you discard. UNLIKE OTHER CARD GAMES, YOU <span style="text-decoration: underline;">NEVER</span> ADD CARDS TO YOUR HAND BY DRAWING FROM THE DECK. So, watch out.</strong></p> <p>You also assign from 1-10 any terrain cards that will best match your creature cards. Both your terrain cards and that of your opponent will be combined together to make a d20 table. (Since all your cards are actually going to be recorded on your character sheet, there is no risk of confusing whose is whose like a real card game.)</p> <p>Next, you roll a d6 to see who attacks first. You spend turns attacking and defending.</p> <p>On your attacking turn (which is your opponent's defending turn):</p> <p>-You draw a Terrain card (the GM randomly generates a terrain type from the combined terrain deck with a d20 roll). Terrain cards award certain types of cards with Bonuses and penalties.<br /> -You can choose to either attack or bide your time. Beware. If you bide, you must discard a card from your deck (roll a d10 to determine the card that gets discarded.) Biding is very important if you have a creature already out from a previous turn, but the GM just rolled an unfavorable terrain card (Note: you can only Bide on your attacking turn!)<br /> -If you choose to attack, you must play either a creature from your hand (which will deplete your hand), or draw a random card from your deck (which might lose anyway.) <em>SKIP THIS STEP IF YOU STILL HAVE A SURVIVING CREATURE FROM A PREVIOUS BATTLE</em><br /> -your opponent plays their creature (from the same method) and you both roll a d6, adding the terrain bonus. This is a creature battle<br /> -If one creature rolls a result lower than the other, that creature is discarded AND its player must discard a random (roll d10) card from their hand. If there is a tie, both creatures are discarded but neither player has to discard from their hand.</p> <p>On your defending turn (which is your opponent's attacking turn):</p> <p>-A Terrain card is drawn. (the GM randomly generates a terrain type from the combined terrain deck with a d20 roll). Terrain cards award certain types of cards with Bonuses and penalties.<br /> -If they don't already have a creature out, your aggressive opponent can choose to attack you on this battlefield, or puss out. Be sure to mock them mercilessly if they choose the later.<br /> -If your opponent attacks, and you don't have a creature out already, you must either pick one from your hand (and deplete it), or draw one at random from the deck (roll d10, reroll discarded cards).<br /> -your opponent plays their creature (from the same method) and you both roll a d6, adding the terrain bonus. This is a creature battle<br /> -If one creature rolls a result lower than the other, that creature is discarded AND its player must discard a random (roll d10) card from their hand. If there is a tie, both creatures are discarded but neither player has to discard from their hand.</p> <p>The creatures:</p> <p>Creatures have three traits: Element, Class, and Type.</p> <p><em>Elements</em>-There are 14 elements; Fire, Ice, Water, Electric, Stone, Air, Light, Dark, Metal, Nature, Time/Space, and Non-elemental. Non-elemental cards ignore any penalties meant for other elements.<br /> <em>Type</em>-There are 4 types of creatures; Humanoids, Animals, Constructs and Mythicals. Humanoids are intelligent, bipedal creatures (most of the job cards actually switch between what Race they actually are. That Ranger card you have could be anything from a Human to a Goblin to a Dark Elf to a Seeq.) Animals are usually nonsentient creatures that inhabit the wilderness. Constructs are things made up of non-living materials yet move as if alive anyway. Mythicals are special. They range from Demi-humanoids to rare intelligent beasts, but they are all comfortable in terrain that wouldn't suit other creature types.<br /> <em>Class</em>-Class describes the supernatural nature of a creature's attacks. The five classes are Magical, Otherworldly, Gigantic, Esper, and Normal. As you may have guessed, Normals do not supernatural qualities as such and are safe from any penalties that might otherwise suppress them.</p> <p>One final note: Keep in mind that you may NOT have more than one copy of any creature or terrain card. This is to stop people from say, loading their deck full of Gilgamesh creature cards along side all manner of Peculiar cities.</p> 
				 	]]>
				</content:encoded>							</item>
					<item>
				<guid>http://zodiac-ffrpg.wikidot.com/forum/t-367216</guid>
				<title>Seth&#039;s Massive Rules Dump</title>
				<link>http://zodiac-ffrpg.wikidot.com/forum/t-367216/seth-s-massive-rules-dump</link>
				<description>Here I list the various custom rules I have created for use in the game. There is no guarantee that these are balanced for game play, ask your GM before using any.</description>
				<pubDate>Fri, 17 Jun 2011 17:21:49 +0000</pubDate>
				<wikidot:authorName>RileaSW</wikidot:authorName>				<wikidot:authorUserId>570672</wikidot:authorUserId>				<content:encoded>
					<![CDATA[
						 <p>I created this thread, despite the fact that I'm repeating much of the other stuff I've posted, because I wanted a place where I can just come in and modify the post instead of worrying about what I put where.</p> <p>Please make note that I did not create all of these rules, some are simply those that I found and modified to either be more balanced, or make more sense. If you see a rule you created and would like me to remove it from the list, please say so. If you have a rule that you'd like added, I'll look it over, and if I see any problem, modify it appropriately.</p> <p>Some of these rules conflict with those from the core rules, in this case, either replace or modify those rules. I'll mark which of my rules modify existing rules.</p> <p>UPDATE (Jan 21, 2010): Modified Amplify and added Supercharged.<br /> UPDATE (Feb 5, 2010): Added Combat Position (Rows) rules.<br /> UPDATE (May 4, 2010): Modified Limited Uses and Spellbind, added Double Tech, Elemental Choice, Steal As Well and Weakened secondaries, Aura and Card uniques, Card command skill, and Counter and Tetra Master support skills.<br /> UPDATE (Oct 9, 2010): Added Break Arts, Demi Attack, and Stat Booster primary techs, Reach and Variable Elemental weapon properties, Auto-X, Counter, Initiative, and Secret Pocket armor abilities, and Cheer and Focus command skills.<br /> UPDATE (Nov 8, 2010): Added Overkill.<br /> UPDATE (Nov 16, 2010): Added Age and Dice primary effects, Inaccurate secondary effect, Convert, Refine, and Reset unique effects, Float, Sap, and Spellbind Status (With their levels on the proper charts), and Ore. Modified Deny Attack (now called Deny), Explosion, Limited Uses, and Weakened secondary effects, and Variable Elemental weapon ability. Merged Amplify with Supercharged, Dedicated with Limited, and Elemental with Elemental Choice.<br /> Minor Update (Nov 17, 2010): Reduced the bonus received from Quickness. Made Auto-X an Armor-only ability. Made Initiative a Guard-only ability and reduced it's effectiveness to the first tick.<br /> UPDATE (Nov 21, 2010): Added optional equipment rules and abilities. Removed Ore for processing (pun intended). Added the Status Effect &quot;Orb.&quot;<br /> UPDATE (Nov 27, 2010): Added Optional rules for Armor progression, added new options for Armor's Stat Booster effect. Made a few minor changes to the costs of relics.<br /> UPDATE (Nov 30, 2010): Status Effect and Lesser Status Attack (Zombie), Accurate, Boost (+1), Critical Strike, Dedicated, Elemental, MP Affect, Weakened are official. Limited Uses and Steal as Well have have been changed officially. Aura is an optional rule for Limit Breaks. All these rules have been removed from this dump.<br /> UPDATE (Jun 10, 2011): Changed Point cost of Auto-X, Half MP, Luck, Secondary Skill, and Universal Secondary equipment effects.. Modified rules for the Dance Command skill and the Initiative and Universal Secondary equipment effects. Moved Counter effect from Armor to Weapons. Removed Swap from Armor effects. Added Numerology Unique Effect, and Leveling Weapon Effects and Spell Effect modification.<br /> UPDATE (Jun 11, 2011): Modified Status Effects. Made Blink Temporary. Added Refresh.</p> <p>+-+-+-+-+-+-+-+<br /> |TECH CREATION|<br /> +-+-+-+-+-+-+-+</p> <div class="content-separator" style="display: none:"></div> <p>PRIMARY EFFECTS</p> <div class="content-separator" style="display: none:"></div> <p>[b]Age[/b]<br /> [i](Power Level: Medium)[/i]<br /> This tech allows the character to change the target's level temporarily. A magic attack roll with a -60 modifier is made to change the target by 1d3 levels. The character using this tech may choose at time of casting whether to reduce or increase the target's level. Each level of this tech adds +10 to the base attack roll. The target recieves a bonus or penalty (whether they moved up or down in level) of 1 point in Vitality, Spirit, and Agility as well as the proper level modifiers for the derived stats of HP, MP, and Speed. These levels are only temporary and all effects go away after battle (If used on monsters, the level changes affect the rewards of GP and Exp).</p> <p>[b]Break Arts[/b]<br /> This modifies Break Arts. Insert the following line into the Break Arts description before &quot;Level 2 Break Arts have an effect of 25%,&quot;</p> <p>&quot;Level 1 Break Arts have an effect of 10%, [&#8230;]&quot;</p> <p>[b]Demi Attack[/b]<br /> This modifies Demi Attack. Insert the following line into the Demi Attack description before &quot;33% (Tech Level 2),&quot;</p> <p>&quot;10% (Tech Level 1), [&#8230;]&quot;</p> <p>[b]Dice[/b]<br /> [i](Power Level: Medium)[/i]<br /> This tech copies the effects of the Dice command skill. Each level taken in this tech beyond level 1 adds +5 to the results of the dice to a maximum of 30. This effect can only be combined with Charge Power, Sacrifice, Area Effect and Limited Uses.</p> <p>[b]Stat Booster[/b]<br /> This modifies Stat Booster. Insert the following lines into the Stat Booster description under &quot;[i]Speed Booster[/i] increases the Speed of the subject.&quot;</p> <p>&quot;- [i]Armor Boost[/i] decreases the damage taken from all Strength-based attacks to the subject.<br /> - [i]Spirit Boost[/i] decreases the damage taken from all Magic-based attacks to the subject.&quot;</p> <p>Insert the following line into the Stat Booster description before &quot;Level 2 Stat Boosters have an effect of 25%&quot;.</p> <p>&quot;Level 1 Stat Boosters have an effect of 10%, [&#8230;]&quot;</p> <p>[b]Status Effect[/b]<br /> Add the following effects to the chart.<br /> [pre]+<span style="text-decoration: line-through;">-</span><span style="text-decoration: line-through;">-</span><span style="text-decoration: line-through;">-</span><span style="text-decoration: line-through;">-</span><span style="text-decoration: line-through;">+</span><span style="text-decoration: line-through;">-</span><span style="text-decoration: line-through;">-+</span><span style="text-decoration: line-through;">-</span><span style="text-decoration: line-through;">-</span><span style="text-decoration: line-through;">-</span><span style="text-decoration: line-through;">-+<br /> | STATUS EFFECT |TECH LEVEL|BASE ATTACK MODIFIER|<br /> +</span><span style="text-decoration: line-through;">-</span><span style="text-decoration: line-through;">-</span><span style="text-decoration: line-through;">-</span><span style="text-decoration: line-through;">-</span>+<span style="text-decoration: line-through;">-</span><span style="text-decoration: line-through;">-</span>+<span style="text-decoration: line-through;">-</span><span style="text-decoration: line-through;">-</span><span style="text-decoration: line-through;">-</span><span style="text-decoration: line-through;">-</span>+<br /> | Sap | 1 | -40 |<br /> +<span style="text-decoration: line-through;">-</span><span style="text-decoration: line-through;">-</span><span style="text-decoration: line-through;">-</span><span style="text-decoration: line-through;">-</span><span style="text-decoration: line-through;">+</span><span style="text-decoration: line-through;">-</span><span style="text-decoration: line-through;">-+</span><span style="text-decoration: line-through;">-</span><span style="text-decoration: line-through;">-</span><span style="text-decoration: line-through;">-</span><span style="text-decoration: line-through;">-+<br /> | Blink, Float | 3 | -</span>&#8212; |<br /> +<span style="text-decoration: line-through;">-</span><span style="text-decoration: line-through;">-</span><span style="text-decoration: line-through;">-</span><span style="text-decoration: line-through;">-</span><span style="text-decoration: line-through;">+</span><span style="text-decoration: line-through;">-</span><span style="text-decoration: line-through;">-+</span><span style="text-decoration: line-through;">-</span><span style="text-decoration: line-through;">-</span><span style="text-decoration: line-through;">-</span><span style="text-decoration: line-through;">-+<br /> | Bubble, Orb, Refresh | 4 | -</span>&#8212; |<br /> +<span style="text-decoration: line-through;">-</span><span style="text-decoration: line-through;">-</span><span style="text-decoration: line-through;">-</span><span style="text-decoration: line-through;">-</span><span style="text-decoration: line-through;">+</span><span style="text-decoration: line-through;">-</span><span style="text-decoration: line-through;">-+</span><span style="text-decoration: line-through;">-</span><span style="text-decoration: line-through;">-</span><span style="text-decoration: line-through;">-</span><span style="text-decoration: line-through;">-+<br /> | Spellbind | 5 | -</span>&#8212; |<br /> +<span style="text-decoration: line-through;">-</span><span style="text-decoration: line-through;">-</span><span style="text-decoration: line-through;">-</span><span style="text-decoration: line-through;">-</span><span style="text-decoration: line-through;">+</span><span style="text-decoration: line-through;">-</span><span style="text-decoration: line-through;">-+</span><span style="text-decoration: line-through;">-</span><span style="text-decoration: line-through;">-</span><span style="text-decoration: line-through;">-</span>&#8212;-+[/pre]<br /> [b](This modifies Status Effect)[/b]</p> <div class="content-separator" style="display: none:"></div> <p>SECONDARY EFFECTS</p> <div class="content-separator" style="display: none:"></div> <p>[b]Boost[/b]<br /> [i]MP Adjustment: Variable[/i]<br /> For +2 MP levels, the bonus is 50% more damage.</p> <p>[b]Damage Over Time[/b]<br /> [i]MP Adjustment: -1 Tech Level[/i]<br /> May only be combined with a damage dealing tech. Instead of dealing its damage all at once, one third of the damage is dealt at the end of the player's turn for 3 turns, starting the turn they used the tech. There is no limit to how many Damage Over Times effects may be stacked. Note that a Damage Over Time effect is not the same as the Poison status effect.</p> <p>[b]Delayed Attack[/b]<br /> [i]MP Adjustment: -1 Tech Level[/i]<br /> The tech, which must deal damage, does not do anything the turn it is cast, instead, it deals its damage on the caster's next turn.</p> <p>[b]Deny[/b]<br /> [i]MP Adjustment: Variable[/i]<br /> Opponents hit with a tech that has this effect lose a specific ability during their next turn. For -1 tech levels it removes the ability to make normal attacks. For -2 tech levels it removes the ability to use techs or blue magic, but not normal attacks.</p> <p>[b]Double Tech[/b]<br /> [i]MP Adjustment: Special[/i]<br /> A Double Tech is essentially X-Magic. When you build a Double Tech, you choose two primaries to use, treating both as the same level. The MP cost of the tech is equal to the cost of both primaries times 1.5. The secondary effect may not be the same as the primary, nor can any component of a Double Tech be a Status Effect. This secondary may be applied to Unique effects, but must follow the rules of such. Double Tech counts as a Secondary effect, meaning only one other secondary may be applied (excluding single Elemental). This secondary is meant only for GM use.</p> <p>[b]Empower[/b]<br /> [i]MP Adjustment: +1 Tech Level[/i]<br /> This effect may only be combined with Break Arts, Demi Attack, Revive, and Stat Booster. When you use this tech, the percentage is increased by 50% (round to the lowest 5%). (10% becomes 15%, 25% becomes 35%, 33% becomes 45%, 50% becomes 75%)</p> <p>[b]Explosion[/b]<br /> [i]MP Adjustment: Variable[/i]<br /> This secondary can only be attached to effects that do not target enemies. When used, the tech has a 15% chance to explode in the user's face, negating the primary effect and dealing non-elemental damage equal to the tech's level in d6 to the caster for -1 Tech level, or twice that for -2 tech levels.</p> <p>[b]Inaccurate[/b]<br /> This secondary effect functions the same as in the base rules, however the player has the choice of using Magic Accuracy for the attack roll. This choice must be made when the tech is created and does not change.</p> <p>[b]Lesser Status Attack[/b]<br /> This effect is the same as the base rules, but adds the following status.</p> <p>[pre]+<span style="text-decoration: line-through;">-</span><span style="text-decoration: line-through;">-</span><span style="text-decoration: line-through;">-+</span><span style="text-decoration: line-through;">-</span><span style="text-decoration: line-through;">-</span><span style="text-decoration: line-through;">-</span><span style="text-decoration: line-through;">-+<br /> |STATUS EFFECT|BASE ATTACK MODIFIER|<br /> +</span><span style="text-decoration: line-through;">-</span><span style="text-decoration: line-through;">-</span>-+<span style="text-decoration: line-through;">-</span><span style="text-decoration: line-through;">-</span><span style="text-decoration: line-through;">-</span><span style="text-decoration: line-through;">-</span>+<br /> | Sap | -60 |<br /> +<span style="text-decoration: line-through;">-</span><span style="text-decoration: line-through;">-</span><span style="text-decoration: line-through;">-+</span><span style="text-decoration: line-through;">-</span><span style="text-decoration: line-through;">-</span><span style="text-decoration: line-through;">-</span>&#8212;-+[/pre]</p> <p>[b]Spellbind[/b]<br /> [i]MP Adjustment: +1 Tech Level[/i]<br /> Spellbound techs increase the time of duration effects (status effects, damage over time) by 2.</p> <p>[b]Stall[/b]<br /> [i]MP Adjustment: -1 Tech Level[/i]<br /> This effect denies the user of the tech from casting it in successive turns, requiring a 1 turn delay before the energies can be recharged. Additionally, it may not be double cast with X-Magic. (Example: The tech is cast on turn 1, which means it cannot be cast again until turn 3.)</p> <div class="content-separator" style="display: none:"></div> <p>UNIQUE EFFECTS</p> <div class="content-separator" style="display: none:"></div> <p>[b]Card[/b]<br /> [i]Tech Level: Variable[/i]<br /> [i]Power Level: Weak[/i]<br /> This power changes a monster into a card. Make a magic attack roll at -30 against the monster's resistance to turn that monster into a card. At each tech level, you gain a +10 bonus to this attempt. When an opponent is turned into a card, they are removed from battle and no experience or gold are gained from them, likewise, drop items do not appear. This tech automatically fails against bosses. If combined with Area Effect, the tech suffers an additional -20 penalty. It is up to the GM to create a card game system if they allow this tech.</p> <p>[b]Convert[/b]<br /> [i]Tech Level: Variable[/i]<br /> [i]Power Level: Strong[/i]<br /> This power allows a character to convert an item into an appropriate spell of Convert's level to use in combat against their opponents. Not all items are appropriate to use, and any items that are used are lost as if used normally. Typically, Potions become poisons (dealing the listed damage instead of healing), Status Cure items become Status spells (With appropriate level modifiers for accuracy), and monster items become a summon spell for that monster. The GM is allowed to alter these rules as they see fit, especially if they are already using consumable items with similar effects.<br /> [i]OPTIONAL: Using this tech with items created with the Card ability can also perform similar actions. With cards, a choice of casting an attack tech or summoning the carded monster may be performed.[/i]</p> <p>[b]Jewel[/b]<br /> [i]Tech Level: Variable[/i]<br /> [i]Power Level: Weak[/i]<br /> This power draws an Ore from one monster on the field. To do so, you must make a magic attack roll at -40. For every level beyond the first, the modifier is increased by +10. Once a Gem has successfully been drawn from a target, they disappear from the battle and no experience is gained from them (except in the case of Boss monsters, in which you cannot draw from them again). If combined with Area Effect, the modifier receives an additional -25 penalty. It is up to the GM to make gems that may be drawn and what effects they have.</p> <p>[b]MP Absorb[/b]<br /> [i]Tech Level: 5[/i]<br /> [i]Power Level: Special[/i]<br /> Until the end of the caster's next turn, they gain any MP spent by an opponent who's attack targets them. This ability costs 1 MP and may not have any secondaries attached to it.<br /> [i]OPTIONAL: At the Master's option, MP Steal may be upgraded to MP Absorb.[/i]</p> <p>[b]Refine[/b]<br /> [i]Tech Level: Variable[/i]<br /> [i]Power Level: Strong[/i]<br /> This tech increases the numerical value of items used in combat by the target, or increases the range of the items. At tech level 2 it increases the value by 25%, 50% at level 4, and 100% at level 6. When used with items without a numerical effect, it causes the item to affect all appropriate targets. This tech may be combined with Area Effect or Self-Only.</p> <p>[B]Numerology[/B]<br /> [I]Tech Level: 1[/I]<br /> [I]Power Level: Variable[/I]<br /> Numerology starts use in battle as a level one Power Attack or Attack Magic (chosen when the tech is created) with inaccurate, but during successive, successful uses, increases in power along the Power Attack level chart. The player must make an accuracy or magic accuracy check (also chosen at creation) at -30, and a failure reverts the damage output back to level 1. Numerology's power level is related to the damage die it uses &#8212; d10s make it a Strong effect, d8s are Medium, and d6s are Weak. Numerology may be combined with Area Effect with a minus -10 penalty to the accuracy check, but always deals half-damage.</p> <p>[b]Reset[/b]<br /> [i]Tech Level: 6[/i]<br /> [i]Power Level: Strong[/i]<br /> This tech gives its target max HP and MP and removes all status conditions, breaks and boosts, and any other effects (including those granted by items or inherent nature). If combined with Area Effect, this tech does this to all combatants (enemy and ally). This tech can be used on KO'd allies to return them to life.</p> <p>+-+-+-+-+-+<br /> |EQUIPMENT|<br /> +-+-+-+-+-+</p> <div class="content-separator" style="display: none:"></div> <p>WEAPONS</p> <div class="content-separator" style="display: none:"></div> <p>[b]Optional Rules[/b]<br /> The following are optional rules a GM may choose to implement.<br /> [i]1.)[/i] No Point Limit. The weapons are not limited to a pool of points that must split between all the weapons. The player may not have more than half the weapon's level in applied abilities.<br /> [i]2.)[/i] No Weapon Limit. The weapon list is not limited to 9 base weapons. The player may create as many weapons as they wish. They may still only have one Artifact weapon.<br /> [i]3.)[/i] Weapon Point Costs. Instead of using a pool for points, the player must pay an additional 100 Gil for each point of ability they apply to the weapon, Elemental Affinity costs an extra 50 Gil. They are still limited to the individual weapon's normal point cap.<br /> [i]4.)[/i] Leveling Weapon Effects. You don't get points to spend on a weapon. Instead, you choose three effects. You get these effect at levels 4, 7 and 10. Your effects are still limited to the point cost restriction of half the weapon's level. Every level of weapon after the effect was added also has that effect. You cannot have effects that pay points back.</p> <div class="content-separator" style="display: none:"></div> <p>WEAPON CONSTRUCTION SYSTEM</p> <div class="content-separator" style="display: none:"></div> <p>[b]Counter[/b]<br /> [i]Point Cost: 2[/i]<br /> The user of this weapon is capable of countering an opponent's attacks. There is a 20% chance of an enemies physical attack being countered by a normal attack.</p> <p>[b]Cursed[/b]<br /> [i]Point Cost: Special[/i]<br /> A weapon with this ability is cursed to auto-cast a harmful status effect on the user at the start of battle. Temporary effects automatically last for their maximum duration. These effects pay back 1 point to the weapon's abilities per tech level of the status effect.</p> <p>[b]Elemental[/b]<br /> [i]Point Cost: Special[/i]<br /> This weapon has multiple elemental affinities. The first affinity is always free, additional elements cost 1 point each. [b]This relaces the Elemental effect from the base game.[/b]</p> <p>[b]Reach[/b]<br /> [i]Point Cost: Special[/i]<br /> A sister ability of Long Range, Reach weapons don't lose the penalty for attacking flying creatures, but they do halve the Long Range penalty. This ability takes 1 point off the total number of points the weapon set has and doesn't count towards individual weapon limits. This is a useful ability for Spears and Whips.</p> <p>[B]Spell Effect[/b]<br /> [i]Point Cost: 2[/i]<br /> [b]This Effect modifies an existing rule.[/b]<br /> This effect functions the same as the core rules, however it scales with the weapon's power and level. For Strength, use your magic dice &#8212; d10 is Strong, d8 is Medium, and d6 is Weak. For level, the spell is half your Weapon's level. All other effects are the same.</p> <p>[b]Variable Elemental[/b]<br /> [i]Point Cost: Special[/i]<br /> This weapon has multiple elements, however only one is active at any time. The chosen element is activated at the start of battle and it takes an action to change to another element. For 1 point, this ability grants 3 elements, for 3 points it grants all 8.</p> <div class="content-separator" style="display: none:"></div> <p>ARMOR AND GUARDS</p> <div class="content-separator" style="display: none:"></div> <p>[b]Optional Rules[/b]<br /> The following are optional rules a GM may choose to implement.<br /> [i]1.)[/i] No Point Limit. The armors and guards are not limited to a pool of points that must split between each of them. The player may not have more than half the weapon's level in applied abilities.<br /> [i]2.)[/i] No Armor/Guard Limit. The list is not limited to 9 base items each. The player may create as many armors or guards as they wish. They may still only have one Artifact Armor and one Artifact Guard.<br /> [i]3.)[/i] Armor Point Costs. Instead of using a pool for points, the player must pay an additional 100 Gil for each point of ability they apply to the armor. They are still limited to the individual armor's normal point cap.<br /> [i]4.)[/i] New Progression System. Instead of the listed progression values for standard armor, they are instead modified as follows:<br /> [list]<br /> [*]Enhance/Light armor has at Lv3 - +10 MP, Lv4 - +35 HP, +14 MP, Lv6 - +26 MP, Lv7 - +32 MP, Lv10 - +70 MP.<br /> [*]Balance/Medium armor has at Lv3 - +5 MP, Lv4 - +70 HP, +7 MP, Lv6 - +13 MP, Lv7 - +16 MP.<br /> [*]Defense/Heavy armor has at Lv1 - +40 HP, Lv2 - +60 HP, Lv3 - +100 HP, Lv4 - +140 HP, Lv5 - +200 HP, Lv6 - +260 HP, Lv7 - +320 HP, Lv8 - +400 HP, Lv9 - +500 HP, Lv10 - 700 HP.<br /> [/list]</p> <div class="content-separator" style="display: none:"></div> <p>ARMOR CONSTRUCTION SYSTEM</p> <div class="content-separator" style="display: none:"></div> <p>[b]Auto-X[/b]<br /> [i]Point Cost: Special[/i]<br /> Armor with this ability casts a beneficial status effects on the user at the start of the battle. Level 3 effects cost 2 points, level 4 effects cost 3, and level 5 effects cost 4 points. It is possible for an armor to have multiple Auto-X abilities.</p> <p>[b]Cursed[/b]<br /> [i]Point Cost: Special[/i]<br /> Armor with this ability is cursed to auto-cast a harmful status effect on the user at the start of battle. Temporary effects automatically last for their maximum duration. These effects pay back 1 point to the armor's abilities per tech level of the status effect.</p> <p>[b]Initiative[/b]<br /> [i]Point Cost: 2[/i]<br /> Intiative adds half its level to the user's starting speed. This ability may only be placed on guards.</p> <p>[b]Secret Pocket[/b]<br /> [i]Point Cost: 2[/i]<br /> Users of this armor get double the normal amount of Gil dropped after a battle.</p> <p>[b]Stat Booster[/b]<br /> [i]Point Cost: Special[/i]<br /> This effect functions the same as the base rules, however, an armor or guard may have half the bonus for 1 point. This effect can also function in reverse, reducing the character's chosen stat by the appropriate number to pay back points to that piece of armor.</p> <div class="content-separator" style="display: none:"></div> <p>RELICS</p> <div class="content-separator" style="display: none:"></div> <p>[b]Optional Rules[/b]<br /> The following are optional rules a GM may choose to implement.<br /> [i]1.)[/i] No point limit. The player's only limit in relic creation is that they cannot exceed the relic's natural point cap.<br /> [i]2.)[/i] No relic limit. The player may have as many relics on their list as they can create. They may only have 2 artifact relics however.<br /> [i]3.)[/i] No point cap. Relics may be created above the normal point cap. Relics built this way, however, cost and additional 1,000 Gil per point exceeding the normal cap.<br /> [i]4.)[/i] Dual-Equip. The character may equip two relics and have both of them active at the same time. Relics with similar effects do not stack, the greater effect is considered the only one in such cases. (Two Strength boosts, for instance, only grant the greatest one's bonus.)<br /> [i]5.)[/i] No Option Limit. The base rules restrict the character's options to one from each category (except Status Immunities). With this optional rule, the character may combine multiple options from the same category (creating multiple Elemental Protection effects, Combat Bonuses, or cheaper Stat Boosts). The restriction here is that the multiple options cannot have the same effect (You cannot take two +15 Stat Boosts for a +30 in Strength, for example.)<br /> [i]6.)[/i] Sharing Relics. A character may buy and use a relic from their allies' relic lists. They cannot use that character's Artifact relics however.</p> <div class="content-separator" style="display: none:"></div> <p>RELIC CONSTRUCTION SYSTEM</p> <div class="content-separator" style="display: none:"></div> <p>[b]Auto-X[/b]<br /> [i]Point Cost: Special[/i]<br /> Auto-X automatically casts a helpful status effect on the user at the start of battle for the maximum duration. Level 3 Status effects cost 2 point, Level 4 cost 3 points, and level 5 costs 4 points.</p> <p>[b]Cursed[/b]<br /> [i]Point Cost: Special[/i]<br /> Cursed relics auto-cast a harmful status effect on the user at the start of battle. If the effect is temporary, the effect lasts for the maximum possible duration. Cursed effects pay back the status effect's level according to the Tech Creation charts. This cannot reduce the price of a relic below a 500 Gil minimum.</p> <p>[b]Half MP[/b]<br /> [i]Point Cost: 16[/i]<br /> This effect halves the cost of all the user's abilities (Techs and Blue Magic).</p> <p>[b]Luck[/b]<br /> [i]Point Cost: Special[/i]<br /> This effect doubles the player's chances of succeeding in an action. (Status effects have half the penalty, and double the level modifier, etc). Luck costs 8 points. Luck may be applied to a single effect for 4 points. Single Effects are Physical Attacks, Magical Accuracy, or Theivery.</p> <p>[b]Secondary Skill[/b]<br /> [i]Point Cost: Special[/i]<br /> This adds a Secondary skill to the user's normal ones. If the player already has the specified Secondary skill, the effects are added. (Jump deals 4x the damage, and Lucky allows a character to make 2 rerolls in one day, for example.) This effect may have both a Command and a Support attached to it. To replace a Command skill costs 4 points while a Support skills costs 2. If you want to add a skill without replacing them, it costs double the replace cost.</p> <p>[b]Universal Secondary[/b]<br /> [i]Point Cost: Special[/i]<br /> A Universal Secondary effect adds a secondary effect to all the users techs (Or blue magic) on top of their normal ones for no cost (This may bring a tech's level modifier above +2). A Universal Secondary may be ANY secondary listed in the Tech Creation rules. Secondary effects are still subject to a particular primary or unique effect's restrictions. -2 Levels pays back 6 points to the relic point pool, -1 pays back 3, +1 costs 4, and +2 costs 6. Charge Power and Sacrifice cost 1 point, and Elemental costs 2 points.</p> <p>+-+-+-+-+-+-+-+-+-+<br /> |SECONDARY SKILLS |<br /> +-+-+-+-+-+-+-+-+-+</p> <div class="content-separator" style="display: none:"></div> <p>COMMAND SKILLS</p> <div class="content-separator" style="display: none:"></div> <p><strong>Call</strong><br /> The character summons a random, powerful creature to aid them in battle. When using this ability, the character rolls 1d8 and consults the following chart.</p> <table class="wiki-content-table"> <tr> <th>Die Result</th> <th>Effect</th> </tr> <tr> <td>1 - Chocobo</td> <td>Increase party's Speed by 50%.</td> </tr> <tr> <td>2 - Ifrit</td> <td>Deal (+2d*10)+(MAP*1.5) Fire damage to one enemy, 35% chance of Blinding target.</td> </tr> <tr> <td>3 - Shiva</td> <td>Deal (+2d*10)+(MAP*1.5) Ice damage to one enemy, 35% chance of putting target to Sleep.</td> </tr> <tr> <td>4 - Ramuh</td> <td>Deal (+2d*10)+(MAP*1.5) Lightning damage to one enemy, 25% chance of Sealing target.</td> </tr> <tr> <td>5 - Carbuncle</td> <td>Cast Barrier and MBarrier on party for 1d4+1 rounds.</td> </tr> <tr> <td>6 - Phoenix</td> <td>Revives party at 10% and Heals 130 + Mag/2 HP.</td> </tr> <tr> <td>7 - Ragnarok</td> <td>Converts monster to its Drop Item (Random if multiple, normal item is no Drops exist. Does not work on Bosses).</td> </tr> <tr> <td>8 - Bahamut</td> <td>Deals ((+3d*10)+(MAP*2.5))*1.5 non elemental damage to all enemies.</td> </tr> </table> <p>[b]Card[/b]<br /> The character is capable of turning monsters on the battlefield into playing cards. The character makes a magic attack roll at -25. If he succeeds, the monster is removed from battle and becomes a card. Monsters defeated this way do not drop items, or give experience or Gil. It is up to the GM to determine the rules of cards.</p> <p>[b]Cheer[/b]<br /> The character rallies him allies, granting them the strength to defeat their enemies. All allies (including the user) gain a 10% boost to their Attack Power, as well, Strength-based damage against them is reduced by 10%. This doesn't stack with Stat Boosters.</p> <p>[B]Dance[/B]<br /> Dance is an unusual Command skill, in that the player doesn't actually choose when it activates. A player has a 20% chance of it activating on their turn before they declare an action. If the Command activates, the player gets a new tech list (separate from their normal Tech List, and with only half the TP to spend on it) to choose from. These techs cost the same as normal techs to cast.</p> <p>As an optional rule, the GM may allow the Player to use Blue Magics instead of techs for their dance list. The GM is encouraged to have a list of Blue Magic which may only be used by Dancers. Otherwise, the player chooses whether learned techs go into their regular list or their Dance list.</p> <p>[b]Focus[/b]<br /> The character gives their allies guidance, granting them the will to defeat their enemies. All allies (including the user) gain a 10% boost to their Magic Attack Power, as well, Magic-based damage against them is reduced by 10%. This doesn't stack with Stat Boosters.</p> <div class="content-separator" style="display: none:"></div> <p>SUPPORT SKILLS</p> <div class="content-separator" style="display: none:"></div> <p>[b]Counter[/b]<br /> This rule is the same as that from the Core Rules, with the following additions.</p> <p>5) Counter Cover (20% chance): You counter an opponent who's triggering attack targets an ally instead of you. The ally must be below 15% health for this effect to activate. You choose whether this will be a normal or magical attack when you choose this skill.</p> <p>6) Counter Critical (15% chance): This attack works like a Normal Attack counter, but it has double the threat range of a normal critical attack.</p> <p>[b]Elemental Affinity[/b]<br /> The character chooses one element. They have resistance to that element and weakness to the opposing element. Additionally, they deal 25% more damage with techs that use their element, but 50% less with techs that use the opposing element. [b](Replaces Natural Resistance from the core rules)[/b]</p> <p>[b]Gillionaire[/b]<br /> The character gains 50% more Gil at the end of battle and when stealing.</p> <p>[b]Quickness[/b]<br /> The character gains +2 Speed at first level, +1 per 50 agility. Additionally, Charge Power techs cost 1 tech level less. [b](Replaces Quickness from the core rules.)[/b]</p> <p>[b]Pharmacist[/b]<br /> Healing from the character grants 25% more HP/MP (from items or techs). If this would bring them above full HP, they gain temporary HP/MP that go away at the end of the battle. Additionally, abilities and items that remove abnormal status target all allies.</p> <p>[b]Swift Learner[/b]<br /> If the character uses Techs, they have 10% more tech points than a character of their level. If they use Blue Magic, they have an extra 10% chance of learning new Blue Magic. Additionally, the character has 25% more Max Tech Levels.</p> <p>[b]Tetra Master[/b]<br /> Any cards gained by the character from the Card command skill, the Card tech, or any other direct source is automatically 25% stronger (minimum of +1) than a normal card of it's type, up to the maximum of the games specific rules. (Depending on the rules system implemented, the GM may forbid this skill.)</p> <p>+-+-+-+-+<br /> |COMBAT |<br /> +-+-+-+-+</p> <div class="content-separator" style="display: none:"></div> <p>COMBAT POSITION (ROWS)</p> <div class="content-separator" style="display: none:"></div> <p>Players choose which row they want to be in outside of combat (they cannot change positions as the GM calls for Speed).</p> <p>Front Row: Physical attacks and techs deal 50% more damage, but the character takes 50% more damage from physical attacks.<br /> Middle Row: No change.<br /> Back Row: Physical attacks deal 50% less damage, and the character takes 50% less damage from physical attacks.</p> <p>Switching rows is an action and costs 8 speed. Long Range weapons (and techs that use them) deal normal damage no matter what row the character is in.</p> <div class="content-separator" style="display: none:"></div> <p>OVERKILL</p> <div class="content-separator" style="display: none:"></div> <p>If a player who kills a monster does enough damage to put it at half its HP in negative numbers, the party receives double experience from that monster.</p> <div class="content-separator" style="display: none:"></div> <p>NEGATIVE STATUS EFFECTS</p> <div class="content-separator" style="display: none:"></div> <p>[b]Sap[/b]<br /> [i]Duration: Permanent[/i]<br /> The character loses 5% of their HP each turn.<br /> [i]OPTIONAL: This may be difficult to implement outside of battle. A general rule should be that the character loses 25% of their current HP at the start of the next battle, unless it occurs soon after the first. Another option is to have the character lose 5% of their HP whenever they perform a strenuous physical activity (walking isn't strenuous, running is).[/i]</p> <div class="content-separator" style="display: none:"></div> <p>POSITIVE STATUS EFFECTS</p> <div class="content-separator" style="display: none:"></div> <p>[b]Blink[/b]<br /> The character's Evade is doubled for the duration of this effect.</p> <p>[b]Bubble[/b]<br /> The character's current and maximum hit points are doubled for the duration of this effect.</p> <p>[b]Float[/b]<br /> The character has all the benefits of Flight. Additionally, they are immune to Earth, but weak to Wind.</p> <p>[b]Orb[/b]<br /> Orb functions like Bubble, only instead of increasing hit points, it doubles the character's MP.</p> <p>[b]Refresh[/b]<br /> Refresh functions in much the same way Regen does, but instead of HP, it heals 10% of a characters MP.</p> <p>[b]Spellbind[/b]<br /> The length of the character's duration effects (namely temporary status effects) are doubled when the user casts them.</p> 
				 	]]>
				</content:encoded>							</item>
					<item>
				<guid>http://zodiac-ffrpg.wikidot.com/forum/t-350427</guid>
				<title>PvP: Player vs Player</title>
				<link>http://zodiac-ffrpg.wikidot.com/forum/t-350427/pvp:player-vs-player</link>
				<description>Sometimes, it&#039;s just gonna happen</description>
				<pubDate>Sun, 24 Apr 2011 21:33:38 +0000</pubDate>
				<wikidot:authorName>Malcanthet</wikidot:authorName>				<wikidot:authorUserId>858503</wikidot:authorUserId>				<content:encoded>
					<![CDATA[
						 <p>Normally you frown on this sort of thing. But sometimes, character discrepancies come up, or a PC gets controlled by the BBEG and you want a challenging fight. But herein lies the problem &#8212;! OH S*** THE PC HAS SUCH LOW HEALTH. And all the party members can explode you if you get initiative. Dumb and uninteresting.. right? I think so. Especially if the controlled PC is supposed to be a boss!</p> <p>For duels, there's an easy way to solve it. One on one duels (tense and dramatic) can simply have the PCs multiply their HP by 5. Otherwise, halving damage dealt to PCs in PC on PC conflict might be a way to mitigate the overwhelming HP to Damage ratio.</p> <p>Even average level 30 PCs have little more than 500 HP, but they're likely doing much more than that in a single hit(at least tech-wise). You don't want PCs accidentally ganking each other in a drop of a hat, especially out of combat (if you allow it) where they just rip off an attack at a party member to stop him from doing something (dumb or otherwise)&#8230; and KO them. Trying to figure out a concrete way of doing this should be looked over. Halving damage to begin with sounds like the best bet, again. (Even for characters under confusion, attacking party members I feel)</p> 
				 	]]>
				</content:encoded>							</item>
					<item>
				<guid>http://zodiac-ffrpg.wikidot.com/forum/t-350415</guid>
				<title>How many encounters per session? Monster strength?</title>
				<link>http://zodiac-ffrpg.wikidot.com/forum/t-350415/how-many-encounters-per-session-monster-strength</link>
				<description>How do you figure what is turn-based acceptable?</description>
				<pubDate>Sun, 24 Apr 2011 20:31:00 +0000</pubDate>
				<wikidot:authorName>Malcanthet</wikidot:authorName>				<wikidot:authorUserId>858503</wikidot:authorUserId>				<content:encoded>
					<![CDATA[
						 <p>Monsters and enemies in Final Fantasy games and other turned based games are often random, or unplanned. Role playing games on the other hand experience a far less plethora of them - however in the ZODIAC RPG, we are not limited to 20 levels or so like so many games in the past, nor are we awarded gobs of role playing experience or have systems that cater to such gaming styles. (such as White Wolf gaming)</p> <p>No, in the ZODIAC system, it's turn based emulation of the consoles, where you get battles, and lots of them! I can imagine in the early levels of the game, you can expect to fly through three , four or more combats a gaming session. In fact, starting at level 1 sounds even implausible, many Final Fantasies start the characters at level 10!</p> <p>So how many encounters do you expect to see a session? I see ten being a good number, especially if there's going to be a lot of fighting. After all, when you play a turn based RPG you wanna crunch baddies with your awesome techs and team tactics.</p> <p>Consider this - you can make one good combat of really hard enemies which can wipe your party very easily. It all falls to how careful the game master is, and if he wants to smash you with status effects that will incapacitate you instantly and entirely too accurately in some instances. (Many characters do not take extremely high Vitality and Spirit simultaneously, so suffering status effects from even weak status touch is easy to take). But then if you have few encounters in a game, you can go gung-ho and smash out a whole bunch of Techs, wasting MP willy nilly on every encounter (thusly making techs far stronger than they really should be) and then spamming Chakra out of combat (if your GM allows such a thing to be done in repetition) until everyone is fresh for the next battle.</p> <p>This is bad! It completely breaks the chain, or FEEL of how the game should probably be played. But I'll get into Chakra later, on another thread.</p> <p>ZODIAC, like all turn-based RPGS works off the concept of 'allocation of resources'. In this case, it is HP, MP, and items which restore such resources. Characters shouldn't be blowing through all of their MP for the 'one fight of the game session' .. they should be conserving their techniques (typically) and even relying on normal attacks for a bunch of combats, shrewdly using their resources until they need to open up with the proverbial 'big guns'.. or fight those irritatingly hard-to-hit monsters, or even the elemental absorbant, physically resistant enemies that can only take damage from one element! Herein lies the planning a good GM must cope with.</p> <p>'How many battles can I plan before the party wipes?' There are no save points in ZODIAC (unless you are really gunning for the console feel and describe little action bars, save points and the like where the party can restore themselves over a course of the game) so it takes more careful planning on the GMs part, and more thoughtfulness of one's own mortality on the player's part. Wiping the party doesn't mean you can restart at the last save..it can very often mean game over!</p> <p>Smart players will know when to run and recoup. Dumb ones will get wiped. &lt;&#8212; Not the best thinking, but in this case you're not going to get many rewards in ZODIAC if you don't. You need that XP to advance, and by nature of the system and genre of play, you want to 'push for that next level' as much as possible. Fortunately the GM can reign it in and make more story elements like a traditional RPG (phew! Damn my PCs have been grinding on random mobs and are now level 50, when I needed them only level 30! Heh, this won't happen.) so that each combat is a challenge.</p> <p>Ideas for this is to set a number of random encounters in a given area, so they won't just attempt to run around and get into fights. (that would break story believability anyhow)</p> <p>Example: Orcish Enclave &#8212; 3 Areas. Entrance chambers (up to 8 random encounters), Catacombs (3 traps, 14 random encounters in various rooms and passageways), Orc warleader chamber (No random encounters, 3 encounter streak &#8212; Lieutenant and 2 troops, General and 3 troops, Warleader and bodyguards)</p> <p>These monsters can be easily leveled for the party, and will allow them to go through as fast or slow as they can. Some traps and chests on the map would do well for such a classic 'slay the monsters' encounter. Measuring the amount of XP each encounter will get is a good idea, you don't want your party TOO strong by the end of the mission.. and you don't want them completely out of items.. (or do you? That could make the final encounter that much harder! All it takes is some planning..)</p> <p>Just some food for thought.</p> 
				 	]]>
				</content:encoded>							</item>
					<item>
				<guid>http://zodiac-ffrpg.wikidot.com/forum/t-350413</guid>
				<title>General Chat</title>
				<link>http://zodiac-ffrpg.wikidot.com/forum/t-350413/general-chat</link>
				<description>A place to say hello and introduce yourself</description>
				<pubDate>Sun, 24 Apr 2011 19:45:22 +0000</pubDate>
				<wikidot:authorName>Malcanthet</wikidot:authorName>				<wikidot:authorUserId>858503</wikidot:authorUserId>				<content:encoded>
					<![CDATA[
						 <p>Hello, the Name's Malcanthet - I joined up in Boogey's game recently as the character Blank, fresh into the ZODIAC way of life.</p> <p>I don't see any forum or listing here to meet up with other players or to chat up others, so I'll put my stuff here first.. since the wikidot forums are pretty empty!</p> <p>My AIM is HChimera, so give me a message anytime if you wanna chat about the game. Eventually I want to end up running my own game of this, and will have a number of suggestions to provide to the game as a hole, as I definitely enjoy game development, play testing and balancing.</p> <p>This system has so much potential! It seems to have a lot of kinks worked out of it, and only needs some fine tuning and play testing to muck around with. So please don't be shy. Lets get to playing!</p> 
				 	]]>
				</content:encoded>							</item>
				</channel>
</rss>