<?xml version="1.0" encoding="UTF-8" ?>
<rss version="2.0" xmlns:content="http://purl.org/rss/1.0/modules/content/" xmlns:wikidot="http://www.wikidot.com/rss-namespace">

	<channel>
		<title>Monsters (new threads)</title>
		<link>http://zodiac-ffrpg.wikidot.com/forum/c-300926/monsters</link>
		<description>Threads in the forum category &quot;Monsters&quot; - From the fast, to the furious, to the down right nasty. Monsters go into this thread.</description>
				<copyright></copyright>
		<lastBuildDate>Thu, 18 Feb 2021 21:34:42 +0000</lastBuildDate>
		
					<item>
				<guid>http://zodiac-ffrpg.wikidot.com/forum/t-675304</guid>
				<title>Signature Enemies</title>
				<link>http://zodiac-ffrpg.wikidot.com/forum/t-675304/signature-enemies</link>
				<description>This is where you can post your signature monster ideas.</description>
				<pubDate>Fri, 26 Jul 2013 16:56:28 +0000</pubDate>
				<wikidot:authorName>Blue Mage</wikidot:authorName>				<wikidot:authorUserId>1683017</wikidot:authorUserId>				<content:encoded>
					<![CDATA[
						 <p>I'll be creating some monsters soon, like Bomb and Flan</p> 
				 	]]>
				</content:encoded>							</item>
					<item>
				<guid>http://zodiac-ffrpg.wikidot.com/forum/t-444482</guid>
				<title>Beastie Book Lite</title>
				<link>http://zodiac-ffrpg.wikidot.com/forum/t-444482/beastie-book-lite</link>
				<description>Coming around...but you can help too!</description>
				<pubDate>Tue, 21 Feb 2012 17:53:30 +0000</pubDate>
				<wikidot:authorName>DFroGGotten1</wikidot:authorName>				<wikidot:authorUserId>498563</wikidot:authorUserId>				<content:encoded>
					<![CDATA[
						 <p>BEASTIE BOOK (The Compilation of ZODIAC Final Fantasy Monster) is still being worked on, And shall provide the lazy GM to find a monster that fits his needs.</p> <p>Until then, You can help my by creating some Finall Fantasy Monsters yourself and Posting them into this threadf, with or without a pic.</p> <p>all credit will be due to those who create monsters for this project</p> <p>Beastie Book Lite will contasin about 65 monsters, and it'll include not only stats, but also a little informastion like habitat, tactics and other fun interesting goodies.</p> <p>here's a sample of what's gonna be inside Beastier Book Lite</p> <p>Green Dragon<br /> Level 49 Dragon<br /> XP &#8212;1715<br /> GP &#8212; 735</p> <p>HP &#8212; 2220<br /> MP &#8212; 62<br /> AP &#8212; 90<br /> MAP &#8212; 100<br /> SPD &#8212; 17<br /> CRIT &#8212; 95<br /> ACC &#8212; 14<br /> MACC &#8212; 15<br /> EVA &#8212; 34<br /> RES &#8212; 40<br /> STR D &#8212; 1d8<br /> MAG D &#8212; 1d8<br /> Max Tech Levels - 11</p> <p>Exception Stats &#8212; +10 STR, +20 SPR<br /> Greater Lightning Absorbency<br /> Lightning Blitz - 3M3 lightning damage to all, only four uses</p> <p>MONSTER INFORMATION</p> <p>Average Party Challenge Level &#8212; 40 to 50</p> <p>Appearance &#8212; Green scales with orange and yellow stripes and has purple horns and spines down its back. Underbelly is mostly orange-yellow with purple bands. Has wings with orange-yellow membrane, which are just for display only (They are too small for Flight). Eyes give off a yellow glow, but no sign of a pupil.</p> <p>Habitat &#8212; Underground, Mountains, and certain Ruins</p> <p>Intelligence &#8212; High (lower standard)</p> <p>Reaction &#8212; Hostile. Greater Hostility when hungry or defending it's nest/offspring</p> <p>Size &#8212; 22 feet at the shoulder, and roughly 46 feet long.</p> <p>Senses &#8212; Excellent Olfactory, Above Average Vision, Average Auditory, Average tactile</p> <p>Behavior &#8212; Green Dragons are mostly loners by nature. They are nocturnal hunters, waiting within a cave as silent as it can be. Once a suitable 'meal' comes around, It suddenly burst forward, biting into it. If more then one prey is present, It'll use its brownish yellow claws to press the prey against the wall, which kills them most of the time. Only the most die hard individual can withstand the crushing force of a Green Dragon's pressed claws.<br /> When Green Wyrmlings are old enough, their mother will teach them how to hunt within the caves know as their lair. the Mother Green Dragon raise it's young until they reach the stage in their life as young adults (Between Adolescent and Adulthood). Afterwards, they are on their own. They seek out a suitible lair and wait for any meal to come by. If no meal comes by, They hunt in any locale watering hole, lurking in the water before appearing and using thier Lightning Blitz, which renders most beast into a state of daze, or dead on the spot. It'll then collect enough of it's meal to feast on for the next few days and journeys back to it's lair.</p> <p>Rarity &#8212; 35% to Encounter within Habitats, 15% elsewhere, Mostly travel alone, except when with offspring.</p> <p>Battle Tactics &#8212; Green Dragons one of a few Dragons that can absorb Lightning damage. At its first turn, Green Dragons use Lightning Blitz. Then they'll use Normal attacks for 3 turns before unleashing another Lightning Blitz. If its at 25% Max HP or below, and it has more uses of Lightning Blitz left, It'll start spamming them until all uses are expended.</p> <p>I'll report back once BBlite is doner</p> 
				 	]]>
				</content:encoded>							</item>
					<item>
				<guid>http://zodiac-ffrpg.wikidot.com/forum/t-402597</guid>
				<title>The Ultimate Troll</title>
				<link>http://zodiac-ffrpg.wikidot.com/forum/t-402597/the-ultimate-troll</link>
				<description>An enemy that is designed to frustrate and annoy players of almost any level.</description>
				<pubDate>Thu, 20 Oct 2011 09:31:27 +0000</pubDate>
				<wikidot:authorName>Aidanika</wikidot:authorName>				<wikidot:authorUserId>502322</wikidot:authorUserId>				<content:encoded>
					<![CDATA[
						 <p>Troll (in all meanings of the word)</p> <p>Level 35 Boss<br /> Str 32<br /> Vit: 90<br /> Mag 65<br /> Spr 3<br /> Agi 20</p> <p>HP: 11000 MP: 38 AP: 64 SD: 1d10 Accy: 9 MAccy: 18 Evasion: 29 Resist: 34 Speed: 14 Crit: 97</p> <p>Regeneration (Recover 1100 HP per round), Fire Weakness, Resistance to all other elements, Trolling (Berserk, Area Effect, Sacrifice), Insane Troll Logic (Quadra Slam, MP attack, Sacrifice)</p> <p>The Troll is a large humanoid with a hideous grin plastered on its face. It has an impossibly dense skull (although some possess surprisingly thin skin) and regenerates damage. Its gangly arms are among the weakest of other Giant-class monsters, but its impossible tenacity and mind-bending japery has reduced the calmest warriors to babbling and empty shells of their former selves.</p> <p>Adventurers of almost any caliber have a universal reaction of &quot;Oh gawd. It's another troll.&quot;</p> <p>Very often, when the troll gets tired of fighting, he gives a mighty cry of &quot;Later, n00bs! TROLOLOLOLOL&#8230;..&quot; and runs off.</p> 
				 	]]>
				</content:encoded>							</item>
					<item>
				<guid>http://zodiac-ffrpg.wikidot.com/forum/t-370155</guid>
				<title>Animated Weapons</title>
				<link>http://zodiac-ffrpg.wikidot.com/forum/t-370155/animated-weapons</link>
				<description>Cause they do exist.</description>
				<pubDate>Mon, 04 Jul 2011 18:14:05 +0000</pubDate>
				<wikidot:authorName>RileaSW</wikidot:authorName>				<wikidot:authorUserId>570672</wikidot:authorUserId>				<content:encoded>
					<![CDATA[
						 <p>The Flame Sabre is an animated longsword, wreathed in fire.<br /> The following rules also apply to Ice Brands and Bolt Swords, simply change out the elemental properties (Fire becomes Ice or Lightning, and Ice becomes Fire or Water).</p> <p><strong>Name:</strong> Flame Sabre<br /> <strong>Level:</strong> 10<br /> <strong>Exp/Gil:</strong> 350/150<br /> <strong>Types:</strong> Construct/Fire/Flying<br /> <strong>Status Immunities:</strong> Blind</p> <p><strong>Drop Item:</strong> Flame Sabre - Lv 1. 5/1 Longsword, Fire Affinity.<br /> <strong>Steal Item:</strong> Fire Gem - 1M2 Fire damage. 50 Gil value.</p> <p><strong>Str</strong> 30 <strong>Mag</strong> 1 <strong>Vit</strong> 27 <strong>Spr</strong> 2 <strong>Agi</strong> 15<br /> <strong>HP</strong> 670 <strong>MP</strong> 6 <strong>AP</strong> 60 <strong>MAP</strong> 2<br /> <strong>Str D</strong> 1d10 <strong>Mag D</strong> 1d6 <strong>Acc</strong> 8 <strong>M Acc</strong> 5<br /> <strong>Eva</strong> 28 <strong>Res</strong> 27 <strong>Crit</strong> 97 <strong>Spd</strong> 12</p> <p><strong>Abilities:</strong><br /> Fire Strike (1 MP) - 1P3, Inaccurate, Fire Affinity.<br /> Flying - Short range attacks take -30 penalty against Flame Sabres.<br /> Weakness - Ice attacks deal double damage aginst Flame Sabres.</p> <p><strong>Rolls:</strong><br /> Speed - 1d8 + 12<br /> Normal Attack - 1d100 + 8 to hit. (1d10 * 5) + 60 damage.<br /> Fire Strike - 1d100 + 8 to hit. (2d12 * 5) + 60 fire damage.</p> 
				 	]]>
				</content:encoded>							</item>
					<item>
				<guid>http://zodiac-ffrpg.wikidot.com/forum/t-350414</guid>
				<title>Megaman Zero Enemies</title>
				<link>http://zodiac-ffrpg.wikidot.com/forum/t-350414/megaman-zero-enemies</link>
				<description>Pantheons, bots, bosses</description>
				<pubDate>Sun, 24 Apr 2011 20:00:45 +0000</pubDate>
				<wikidot:authorName>Malcanthet</wikidot:authorName>				<wikidot:authorUserId>858503</wikidot:authorUserId>				<content:encoded>
					<![CDATA[
						 <p>I'd figure I'd plop down some work I'd been doing since I got into the system. It's more of a flexing of my knowledge of the system, and these creations can be converted into your various technological beasties, I'm sure. Mostly here I have detailed the Pantheon series of Reploids, more or less ripped straight from the games.</p> <p>PANTHEONS<br /> Pantheons are Reploids modeled after Megaman X, yet they possess no face. Instead they have a single cyclopic red eye, giving way that they are inhuman and devoid of emotion. Many variants of the Pantheon type exist in play, but all have the base appearance of a blue humanoid robot. Pantheons tend to come in large groups, and always have plentiful allies to call to the forefront.</p> <p>Pantheon Zombie (Level 20)<br /> Broken down or re-booted Pantheons that have long since lost their purpose. They are the robot undead - able to infect their victims with a couple of mean maladies. They drip fluids and spark with malevolence. Ironically these reploids show the most personality of all the Pantheons &#8212; evil. They seek to tear apart foes and turn them into more of their own.. whether wholly organic or not. Pantheon Zombies tend to come in groups of four to six. Zombies are typically found in junk or scrap heaps.. or battlefields where they could have risen once again.</p> <p>STR 80 HP 830 Resist 25 Rewards: 700 XP, 300 GP<br /> MAG 5 MP 12 Evade 25 Revivify, Antidote<br /> VIT 30 AP 160 Accuracy 6<br /> SPR 5 MAP 10 MAcc. 6<br /> AGI 5 SPD 12 Critical 98</p> <p>Basic Attack - 1d8*5+160<br /> Undead, Weakness to Fire and Lightning<br /> Immune to Ice, Lesser Status Touch (Zombie, Poison)</p> <p>Pantheon Hunter (Level 20)<br /> Your basic Pantheon unit. Blue robot, equipped with a Buster or rifle in its hands. These Reploids are always plentiful, and often call for more of their ilk (Whether Guardians or Hunters)</p> <p>STR 50 HP 730 Resist 30 Rewards: 700 XP, 300 GP<br /> MAG 10 MP 15 Evade 31 Potion<br /> VIT 25 AP 100 Accuracy 11<br /> SPR 10 MAP 40 MAcc. 7<br /> AGI 30 SPD 14 Critical 96</p> <p>Basic Attack(Buster) - 1d8*5+100<br /> Weakness Lightning, Can hit flying opponents without difficulty<br /> Call for Help (Pantheon Hunter, or similar Pantheon)</p> <p>Pantheon Guardian (Level 20)<br /> Your basic Pantheon, but without even a gun. They instead are equipped with shock blades attacked where a buster would be. They are somewhat lethargic, perhaps due to some defect in their programming. They tend to summon more Guardians more often than Hunters.</p> <p>STR 65 HP 630 Resist 27 Rewards: 700 XP, 300 GP<br /> MAG 10 MP 12 Evade 30 Potion<br /> VIT 20 AP 130 Accuracy 10<br /> SPR 5 MAP 20 MAcc. 7<br /> AGI 25 SPD 13 Critical 97</p> <p>Basic Attack(Electric Club) - 1d10*5+130<br /> Weakness Lightning, Lightning Elemental Attacks<br /> Call for Help (Pantheon Guardian, or similar Pantheon)</p> <p>Pantheon Bomber (Level 25)<br /> Sneaky little buggers, these Pantheons like to hide and ambush parties with their bombs whenever possible. They tend to number one or two in a combat, and always in the back lines behind sturdier Guardians, Zombies or Hunters. They will often try to run away if they take more than fifty percent of their health, but fortunately their health isn't very high.</p> <p>STR 50 HP 580 Resist 28 Rewards: 875 XP, 375 GP<br /> MAG 20 MP 15 Evade 34 Fire Bomb X1 (+2D, X1.5AP Fire Phys AOE)<br /> VIT 15 AP 100 Accuracy 14<br /> SPR 20 MAP 40 MAcc. 9<br /> AGI 45 SPD 15 Critical 95</p> <p>Basic Attack(Punch) - 1d8*5+100<br /> Weakness Lightning<br /> (Force of Will) Fire Bomb Attack - AoE Fire, 3d8*5+150 vs all (Every other round)<br /> Inaccurate (cannot crit)</p> <p>Pantheon Fliers (Level 30)<br /> Some of the more elite Pantheons are purple or green in color, sporting impressive winged jetpacks of great maneuverability and buster rifles which pack quite the punch. Fliers come in packs of two, and harry opponents until their inevitable destruction.</p> <p>STR 85 HP 930 Resist 29 Rewards: 1050 XP, 450 GP<br /> MAG 5 MP 15 Evade 68 High Potion, Unstable Pack (single use item, gives user Float/Flight for 1d4+1 ticks. 5 minutes in game time)<br /> VIT 30 AP 170 Accuracy 14<br /> SPR 10 MAP 10 MAcc. 6<br /> AGI 45 SPD 16 Critical 95</p> <p>Basic Attack(Buster) - 1d8*5+170<br /> Weakness Lightning, Flier, Ranged, Agile</p> 
				 	]]>
				</content:encoded>							</item>
				</channel>
</rss>