<?xml version="1.0" encoding="UTF-8" ?>
<rss version="2.0" xmlns:content="http://purl.org/rss/1.0/modules/content/" xmlns:wikidot="http://www.wikidot.com/rss-namespace">

	<channel>
		<title>Campaigns/Adventures (new threads)</title>
		<link>http://zodiac-ffrpg.wikidot.com/forum/c-300928/campaigns-adventures</link>
		<description>Threads in the forum category &quot;Campaigns/Adventures&quot; - Whether it&#039;s one adventurem, or a massive campaign. You may place it here for others to play.</description>
				<copyright></copyright>
		<lastBuildDate>Thu, 18 Feb 2021 21:35:02 +0000</lastBuildDate>
		
					<item>
				<guid>http://zodiac-ffrpg.wikidot.com/forum/t-400479</guid>
				<title>Massive FF3/6 Campaign</title>
				<link>http://zodiac-ffrpg.wikidot.com/forum/t-400479/massive-ff3-6-campaign</link>
				<description></description>
				<pubDate>Thu, 13 Oct 2011 15:49:32 +0000</pubDate>
				<wikidot:authorName>Eric Thompson</wikidot:authorName>				<wikidot:authorUserId>1217000</wikidot:authorUserId>				<content:encoded>
					<![CDATA[
						 <p>I came across Zodiac a couple days ago while looking for Role playing games. I found this one to be well thought out/built. Then it hit me, &quot;Can we make a large scale Role playing experience for more then a couple people?&quot; So i started to think of FF3/6. Where you had the ability to have many different parties due to the number of playable characters. Then i thought, &quot;where would this be able to be made possible other then forums?&quot; And of course i thought of an irc chat channel where we could set up sub channels for each town/dungeon, that way we could get LOTS of players playing but all in the same world and being able to interact with each other and play a story similar to the Final Fantasy 3/6 story. But im sure with communcation and proper planning and additional help i believe we can get something like this for a lot of players to join in.</p> <p>What do you think?</p> <p>Edit: Even better. We could use a virtual table top system, something like OpenRPG. Allowing us to make and transfer character sheets to DMs. Rolling dice capabilities all built in. Etc etc.</p> 
				 	]]>
				</content:encoded>							</item>
				</channel>
</rss>