<?xml version="1.0" encoding="UTF-8" ?>
<rss version="2.0" xmlns:content="http://purl.org/rss/1.0/modules/content/" xmlns:wikidot="http://www.wikidot.com/rss-namespace">

	<channel>
		<title>Core Rules (new threads)</title>
		<link>http://zodiac-ffrpg.wikidot.com/forum/c-300922/core-rules</link>
		<description>Threads in the forum category &quot;Core Rules&quot; - Discussion on Core Rules of ZODIAC (main rulebook)</description>
				<copyright></copyright>
		<lastBuildDate>Thu, 18 Feb 2021 21:33:46 +0000</lastBuildDate>
		
					<item>
				<guid>http://zodiac-ffrpg.wikidot.com/forum/t-2211118</guid>
				<title>Too much emphasis on Magic stat?</title>
				<link>http://zodiac-ffrpg.wikidot.com/forum/t-2211118/too-much-emphasis-on-magic-stat</link>
				<description></description>
				<pubDate>Sat, 08 Apr 2017 01:14:30 +0000</pubDate>
				<wikidot:authorName>KaikelX</wikidot:authorName>				<wikidot:authorUserId>1320787</wikidot:authorUserId>				<content:encoded>
					<![CDATA[
						 <p>So my group and I have been trying out a bit of Zodiac, and we've found that the strongest characters are the ones that exclusively focus on Magic plus Spirit. Tech levels being dependent solely on Magic means that other character builds (focus on agility, or strength based characters) just can't keep up in both ability variety and strength. It's also a bit puzzling, as it forces characters that might not normally have any need of magic, (warriors and rogues who want to remain physically focused for example, or other characters that might not flavor themselves as magical) to invest in improving their magical skills. And there's only so many variations on enemies that are resistant/immune to magic, venom, poison, dsentence, stone, fatal blow, near-fatal, etc, that spam seal, before it basically comes down to sending dedicated anti-magic builds that exist to give the other characters something to do.</p> <p>We've been thinking about adjusting the system so that tech points are based off any one of the five base stats chosen at the start of the game. This allows characters to choose a &quot;focus&quot; and be rewarded for investing in that focus, without being punished for not picking magic. Would this be a reasonable house rule?</p> 
				 	]]>
				</content:encoded>							</item>
					<item>
				<guid>http://zodiac-ffrpg.wikidot.com/forum/t-2139618</guid>
				<title>4e</title>
				<link>http://zodiac-ffrpg.wikidot.com/forum/t-2139618/4e</link>
				<description>Progress update?</description>
				<pubDate>Fri, 24 Feb 2017 22:08:15 +0000</pubDate>
				<wikidot:authorName>Hydro Globus</wikidot:authorName>				<wikidot:authorUserId>2618421</wikidot:authorUserId>				<content:encoded>
					<![CDATA[
						 <p>Hey, anyone who reads this! (Hopefully Agent Boogeyman)</p> <p>So, your note regarding 4th Edition has been out for a while, with no word beyond that. Could we (I don't believe I'm the only one who still regularly checks) get an update regarding your progress, or if the overhaul project is shelved for now, or anything? :) I remember I got really excited when I first saw the post.</p> <p>BR,<br /> Hydro Globus,<br /> the (second) Spoony Bard</p> 
				 	]]>
				</content:encoded>							</item>
					<item>
				<guid>http://zodiac-ffrpg.wikidot.com/forum/t-1771400</guid>
				<title>Guard and Tech Set Questions</title>
				<link>http://zodiac-ffrpg.wikidot.com/forum/t-1771400/guard-and-tech-set-questions</link>
				<description>needing some info please.</description>
				<pubDate>Fri, 29 Jul 2016 01:15:54 +0000</pubDate>
				<wikidot:authorName>Fabio Melo</wikidot:authorName>				<wikidot:authorUserId>2800269</wikidot:authorUserId>				<content:encoded>
					<![CDATA[
						 <p>1.so on every weapons page there is a Distribution number. Spears for example have Distribution: 5P/1M. what is this?<br /> 2. If i were to use the range into a map mode. would assuming Short range is 1 square away, medium for 2 and long range for 3 squares away be correct?<br /> 3. im currently trying to add everything on the site into a convenient word file. (So far so good) However, the site is missing a few things:<br /> <span style="text-decoration: underline;">Guard:</span><br /> Hats<br /> Shields<br /> <span style="text-decoration: underline;">Tech Set:</span><br /> Arts of War (Knight)<br /> Battle Skill (Fighter)<br /> If I could get info for these it would be awesome as i am trying to host a game for a few friends</p> 
				 	]]>
				</content:encoded>							</item>
					<item>
				<guid>http://zodiac-ffrpg.wikidot.com/forum/t-1643894</guid>
				<title>Revive mid combat initiative question</title>
				<link>http://zodiac-ffrpg.wikidot.com/forum/t-1643894/revive-mid-combat-initiative-question</link>
				<description></description>
				<pubDate>Sun, 13 Mar 2016 19:29:58 +0000</pubDate>
				<wikidot:authorName>KaikelX</wikidot:authorName>				<wikidot:authorUserId>1320787</wikidot:authorUserId>				<content:encoded>
					<![CDATA[
						 <p>So it looks like this site has been inactive for a while now, but I'm hoping I can get a response some time in the future. I've been programming several utilities to help run my own ZODIAC campaign (so far I have stat calculators for players/monsters), and have been working on an initiative tool to automate combat tracking. The first issue I ran into was how to calculate slow/haste, and I've done that (and added my own little balancing attempt) by remembering the old speed value, calculating the difference between the new and old speed values, then adding that back into the running &quot;initiative&quot; pool that actions are drawn from.</p> <p>For example, say haste grants a player with 10 speed another 2 points of speed, while their running total is 16 (rolled a 6 at the start of combat). They would subtract 8 for casting haste and add 2 to their speed total. Since 12 speed -10 (the old value) speed is 2, they also add 2 points to their running total. They have 10sp to work with in combat as of now.</p> <p>My real question is, how does revive or raise effects work when determining who gets to go when? Should they act on their current initiative? (This could lead to a situation where Kari the Black Mage dies with 16sp remaining. Rubie the White Mage decides to use her last 8sp (and is the last player/monster able to move for the round) to revive Kari, meaning that Kari would get to act twice in a row immediately)</p> <p>Or should raise make a character stuck at 0 initiative, so they have to wait next round to act? This would discourage raising at the beginning of rounds, since a character might be raised just to die all over again.</p> <p>The solution I'm thinking of right now is that the player revives at the caster's speed. So either the player revives at the old speed value (so the healer subtracts their speed points, meaning that the revived character goes before the healer can act again, guaranteed) or at the new speed value (so both players would act in the same instant). I'll probably default to the latter option, but any input I could get would be welcome.</p> 
				 	]]>
				</content:encoded>							</item>
					<item>
				<guid>http://zodiac-ffrpg.wikidot.com/forum/t-1176092</guid>
				<title>Capture?</title>
				<link>http://zodiac-ffrpg.wikidot.com/forum/t-1176092/capture</link>
				<description></description>
				<pubDate>Mon, 20 Apr 2015 22:04:23 +0000</pubDate>
				<wikidot:authorName>Sokkehoved</wikidot:authorName>				<wikidot:authorUserId>2130623</wikidot:authorUserId>				<content:encoded>
					<![CDATA[
						 <p>Hey everyone</p> <p>I was just wondering about the Capture Command Skill, It says that you can capture and train a monster, the training part how might you be able to implement that?</p> 
				 	]]>
				</content:encoded>							</item>
					<item>
				<guid>http://zodiac-ffrpg.wikidot.com/forum/t-1159214</guid>
				<title>Runic</title>
				<link>http://zodiac-ffrpg.wikidot.com/forum/t-1159214/runic</link>
				<description></description>
				<pubDate>Sat, 28 Mar 2015 16:50:03 +0000</pubDate>
				<wikidot:authorName>Aleph Ozone</wikidot:authorName>				<wikidot:authorUserId>1986833</wikidot:authorUserId>				<content:encoded>
					<![CDATA[
						 <p>I've a question regarding the Command Skill Runic: why does it recover HP? why doesn't it work like in the actual games, where it just recovers the MP of the one who used it by the MP spent to cast the spell it absorbed??</p> 
				 	]]>
				</content:encoded>							</item>
					<item>
				<guid>http://zodiac-ffrpg.wikidot.com/forum/t-1071449</guid>
				<title>The Counter support skill</title>
				<link>http://zodiac-ffrpg.wikidot.com/forum/t-1071449/the-counter-support-skill</link>
				<description>a problem I saw in it</description>
				<pubDate>Sun, 28 Dec 2014 21:02:34 +0000</pubDate>
				<wikidot:authorName>Aleph Ozone</wikidot:authorName>				<wikidot:authorUserId>1986833</wikidot:authorUserId>				<content:encoded>
					<![CDATA[
						 <p>Counter</p> <p>You have a chance to counter an enemy's attack with one of your own. At creation, you must choose whether you want to counter attacks made with weapons or special attacks. Weapon attacks include all attacks made with weapons, including unarmed attacks, Weapon Techs, and weapon-related Command Skills such as Jump or Deathblow. Special attacks include various other Command Skills and Techs, such as Slots, Stat Breaks, and Magic Attack Techs. Special attacks may also include other forms of attack as the master sees fit - for example, a rod that fires bolts of energy may be considered a special attack, rather than a weapon attack. You must also choose one of the following methods to counter with:</p> <p>Normal attack (30% chance): You make a normal attack roll, dealing damage as normal if you hit.<br /> Command Skill (30% chance): Choose ANY Command Skill. It may be the Command Skill your character normally knows, or it may be a completely different one; the only restriction is that Chakra and Health are not allowed as Counter Skills. When the counter is activated, the Command Skill takes effect as it normally would.<br /> Tech (20% chance): You counter with a Tech, paying the MP cost as normal. You must either choose a specific Tech that you always counter with, or you may counter with any Tech you choose - this decision is up to the Master.<br /> Mirror Tech (20% chance): The attack you counter with is exactly the same as the one used by the attacker, but uses your Strength or Magic to determine its effects. You must pay any MP cost associated with the power. At the Master's option, a Mirror Tech may carry a different elemental affinity than the original attack, or it may automatically be of the opposing element. Mirror Techs cannot counter normal attacks.<br /> Using a Counter skill requires no expenditure of Speed Points. You do not have to counterattack if you do not wish to do so. Note that counterattacks cannot be countered in return.</p> <p><em>Ok, so&#8230; Why is it that using a Tech as a counter has a worse chance than using a Command Skill? I mean, considering you can counter with ANY Command Skill, not just the one you actually have, there's no reason to choose the Tech Counter when you can take the Command Counter and choose to counter with X-Magic. Not only will you be able to deal more damage, the chances of triggering the counter are better.</em></p> 
				 	]]>
				</content:encoded>							</item>
					<item>
				<guid>http://zodiac-ffrpg.wikidot.com/forum/t-800499</guid>
				<title>Summoning Aeon too powerful???</title>
				<link>http://zodiac-ffrpg.wikidot.com/forum/t-800499/summoning-aeon-too-powerful</link>
				<description></description>
				<pubDate>Sun, 09 Mar 2014 15:48:51 +0000</pubDate>
				<wikidot:authorName>Picaboo</wikidot:authorName>				<wikidot:authorUserId>1849369</wikidot:authorUserId>				<content:encoded>
					<![CDATA[
						 <p>Just found this little gem of a game and tried it for a couple of mock battles with friends. I reallllly enjoyed the free form character creaton (especially the tech creation system). However, we all found that the summoning rules were FAR too powerful.</p> <p>for example: a LVL 1 swordmaster pays 12 MP and gets to do a Power attack with Area and +25% boosted damage&#8230;nice.<br /> The summoner pays 12 MP and gets to summon shiva which will provide him with a meat HP shield, 3x his stats and 60 TP of abilities with her own MP Pool. That is just OVERKILL. Shiva casts Diamond Dust with Attack Magic, Area and Boost (just like the sowrdmaster). In the following round, Shiva cost only 4 MP and can cast Diamond Dust again for only 4 MP (at 3x Stats) while the swordmaster gets to spend a whole new 12 MP to get same effect.</p> <p>I don't know if weère missing something here.</p> <p>My suggestion:<br /> 1) Make the summoner pay MP+2 cost every round (for the HP and MP shield the summon grants)<br /> 2) Make her base stats 1x stat + modifier with usual cap (to prevent being it overpowered)<br /> 3) Each summon receive a number of Tech levels equal to the TEch level of the summon to be divided (to prevent a Tech level 1 summon costing 8 TP to grant 60 TP of abilities)</p> 
				 	]]>
				</content:encoded>							</item>
					<item>
				<guid>http://zodiac-ffrpg.wikidot.com/forum/t-765497</guid>
				<title>Uses for Morph</title>
				<link>http://zodiac-ffrpg.wikidot.com/forum/t-765497/uses-for-morph</link>
				<description>Or exploiting it.</description>
				<pubDate>Tue, 21 Jan 2014 04:41:53 +0000</pubDate>
				<wikidot:authorName>Messianic Dragoon</wikidot:authorName>				<wikidot:authorUserId>1816094</wikidot:authorUserId>				<content:encoded>
					<![CDATA[
						 <p>Hey everyone, I've been a fan of the game for a couple of years now, and I returned to the site to see if there's still a community left while Froggotten writes up those new rulebooks.</p> <p>I was just wondering if anyone out there had any particularly interesting ways of using Morph. I gave my Blue Mage a sort of &quot;last resort&quot; morph, which opened him up to a powerful physical attack tech, a sacrifice HP AOE magic tech, and an MP Steal tech. This kind of seemed like cheating to me, since Blue Mages don't use techs and the fact that he would rarely morph allowed me to give him a small number of super powerful attacks. Then again, it's kind of an emulation of FF IX trances and FF VIII limit breaks, which gave the characters job-specific powerups. If anyone else has any opinion on the potential cheapness of morph, or has any example of how they used it, I would love to hear it.</p> 
				 	]]>
				</content:encoded>							</item>
					<item>
				<guid>http://zodiac-ffrpg.wikidot.com/forum/t-713645</guid>
				<title>Three Techs at Character Creation?</title>
				<link>http://zodiac-ffrpg.wikidot.com/forum/t-713645/three-techs-at-character-creation</link>
				<description>What&#039;s the point of this rule?</description>
				<pubDate>Wed, 23 Oct 2013 17:20:47 +0000</pubDate>
				<wikidot:authorName>shatterspike1</wikidot:authorName>				<wikidot:authorUserId>522619</wikidot:authorUserId>				<content:encoded>
					<![CDATA[
						 <p>I've read through the new edition of the ZODIAC RPG, and I really like it. This particular rule bugs me though; I only get three techs at character creation, and they all have to be level 1? By the rules, I can buy any tech I want if I have the tech points for it after character creation, and I can easily have more tech points than I can spend if I'm only limited to three techs for a 1st-level character, so what's the point of this rule? I could understand if there was a tech level by xp level guideline, but as written, it doesn't actually do anything as far as I can tell.</p> 
				 	]]>
				</content:encoded>							</item>
					<item>
				<guid>http://zodiac-ffrpg.wikidot.com/forum/t-662962</guid>
				<title>Damage Multiplier weirdness?</title>
				<link>http://zodiac-ffrpg.wikidot.com/forum/t-662962/damage-multiplier-weirdness</link>
				<description>is it x5 or x10?</description>
				<pubDate>Tue, 18 Jun 2013 16:06:02 +0000</pubDate>
				<wikidot:authorName>Nines</wikidot:authorName>				<wikidot:authorUserId>1556007</wikidot:authorUserId>				<content:encoded>
					<![CDATA[
						 <p>Now, I've always used the formula given in the Combat chapter of the core book:</p> <p>&quot;(Weapon Damage Roll * 10) + Total Attack Power&quot;</p> <p>The example given under Power Attack also has our buddy Diff multiplying his roll by 10.</p> <p>But, reading more carefully over other parts of the rules, I find in several other places in the rules it actually states that rolls using Strength- and Magic Dice are multiplied by 5, not 10..</p> <p>From 'Monster Creation': &quot;All physical and magical damage is calculated in the same way as for players. (Die Roll * 5) + Attack Power.&quot;</p> <p>From 'Glossary': &quot;ALL die rolls based on Strength Dice are multiplied by 5; if your Strength Die roll was an 8, you deal 40 points of damage.&quot;</p> <p>This is just a little thing that's been bugging me. Has no-one else noticed this?</p> 
				 	]]>
				</content:encoded>							</item>
					<item>
				<guid>http://zodiac-ffrpg.wikidot.com/forum/t-656996</guid>
				<title>Dark Keyblader</title>
				<link>http://zodiac-ffrpg.wikidot.com/forum/t-656996/dark-keyblader</link>
				<description>Dark Class 1 of 6</description>
				<pubDate>Wed, 29 May 2013 19:52:49 +0000</pubDate>
				<wikidot:authorName>Regal Pinion</wikidot:authorName>				<wikidot:authorUserId>1119553</wikidot:authorUserId>				<content:encoded>
					<![CDATA[
						 <p>Dark Keybladers (class build)</p> <p>There are some secrets that must be kept hidden from the denizens of the universe. Only a few know these secrets and it is their job to keep it that way.</p> <p>Unlike normal Keybladers, who are chosen to prevent the destruction of existence, Dark Keybladers are chosen to prevent the excess creation of it.</p> <p>There are keyholes that must never be touched and if someone tampers with it, unneeded creation and splintered timelines occur, and that is only a lucky scenario.</p> <p>Dark Keybladers are not necessarily evil. Their name derives from their task: Keep things out of light.</p> <p>They are known to be agile and graceful, and they often prefer a swift clean job to be done with little effort in it. Hence their love of lowering their Critical.<br /></p> <table class="wiki-content-table"> <tr> <td>Strength</td> <td>8</td> </tr> <tr> <td>Magic</td> <td>8</td> </tr> <tr> <td>Vitality</td> <td>6</td> </tr> <tr> <td>Spirit</td> <td>5</td> </tr> <tr> <td>Agility</td> <td>13</td> </tr> </table> <table class="wiki-content-table"> <tr> <td>Command Skill</td> <td>Deathblow</td> </tr> <tr> <td>Support Skill</td> <td>Concentrate</td> </tr> </table> <table class="wiki-content-table"> <tr> <td>Weapon Set</td> <td>Dark Keyblades</td> </tr> <tr> <td>Armor Set</td> <td>Markings</td> </tr> <tr> <td>Guard Set</td> <td>Soul Dolls</td> </tr> <tr> <td>Relic Set</td> <td>Key Rings</td> </tr> <tr> <td>Tech Set</td> <td>Lokkenky</td> </tr> <tr> <td>Chaoticism Set<sup class="footnoteref"><a id="footnoteref-182820-1" href="javascript:;" class="footnoteref" >1</a></sup></td> <td>Open the Box</td> </tr> </table> <p>Since I can't post links for the other sets, I'm afraid you'll just have to go there via forums.</p> <div class="footnotes-footer"> <div class="title">Footnotes</div> <div class="footnote-footer" id="footnote-182820-1"><a href="javascript:;" >1</a>. Chaoticisms are an optional house rule I use. Think of them as Final Fantasy IX Trance Mode but Darker</div> </div> 
				 	]]>
				</content:encoded>							</item>
					<item>
				<guid>http://zodiac-ffrpg.wikidot.com/forum/t-634418</guid>
				<title>Dark Classes</title>
				<link>http://zodiac-ffrpg.wikidot.com/forum/t-634418/dark-classes</link>
				<description>The darker counter part of classes.</description>
				<pubDate>Mon, 18 Mar 2013 01:32:34 +0000</pubDate>
				<wikidot:authorName>Regal Pinion</wikidot:authorName>				<wikidot:authorUserId>1119553</wikidot:authorUserId>				<content:encoded>
					<![CDATA[
						 <p>I have been working on this personal project for a campaign, lately where I take well known Final Fantasy classes and do an alteration on them.<br /> My goal is to make six of them.<br /> The only classes I won't make is Dark Knight and Dark Ninja.<br /> I've only finished one class: Dark Keyblader<br /> My next ones are:<br /> Dark Blue Mage<br /> Dark Samurai<br /> Dark Geomancer<br /> Dark Dragoon</p> <p>The last class I wanted someone else to choose for me. Throw out a bunch of suggestions and I'll go with the one that intrigues me.</p> <p>Thank you. :)</p> <p>I post the Dark Keyblader class ASAP.</p> 
				 	]]>
				</content:encoded>							</item>
					<item>
				<guid>http://zodiac-ffrpg.wikidot.com/forum/t-581215</guid>
				<title>Character Sheets?</title>
				<link>http://zodiac-ffrpg.wikidot.com/forum/t-581215/character-sheets</link>
				<description></description>
				<pubDate>Fri, 02 Nov 2012 17:22:11 +0000</pubDate>
				<wikidot:authorName>Roxurworld</wikidot:authorName>				<wikidot:authorUserId>1480342</wikidot:authorUserId>				<content:encoded>
					<![CDATA[
						 <p>I'm looking to do a solo campaign for a buddy of mine ,where he controls up to 4 people just like in the old fashioned games. Typically though, that would require character sheets, and the only one I can find is on scribd and I have to pay to download it, which I do not want to do. I used to have the same sheet on my laptop, but that laptop is busted so I no longer have access to it. Is there a way to get a character sheet for free, like every other table top? Thanks.</p> 
				 	]]>
				</content:encoded>							</item>
					<item>
				<guid>http://zodiac-ffrpg.wikidot.com/forum/t-577374</guid>
				<title>Clarification on accuracy rolls(if anyone is out there)</title>
				<link>http://zodiac-ffrpg.wikidot.com/forum/t-577374/clarification-on-accuracy-rolls-if-anyone-is-out-there</link>
				<description>Normal attacks vs. Techs</description>
				<pubDate>Thu, 25 Oct 2012 02:46:47 +0000</pubDate>
				<wikidot:authorName>paroikos</wikidot:authorName>				<wikidot:authorUserId>1200758</wikidot:authorUserId>				<content:encoded>
					<![CDATA[
						 <p>Obviously you have to make an accuracy roll vs. the enemy's evade stat to hit with a normal attack. There isn't a lot stated about techs regarding this in the Core Rules doc, all I can find is that in the Inaccurate secondary effect it says that Magic Attacks and Power Attacks do not require attack rolls to hit. My main question is, what requires an accuracy roll and what doesn't, and do you still make a check to check for a critical on techs that don't require accuracy rolls?</p> 
				 	]]>
				</content:encoded>							</item>
					<item>
				<guid>http://zodiac-ffrpg.wikidot.com/forum/t-454101</guid>
				<title>regen</title>
				<link>http://zodiac-ffrpg.wikidot.com/forum/t-454101/regen</link>
				<description></description>
				<pubDate>Sat, 17 Mar 2012 00:02:53 +0000</pubDate>
				<wikidot:authorName>Tac Prime</wikidot:authorName>				<wikidot:authorUserId>1324038</wikidot:authorUserId>				<content:encoded>
					<![CDATA[
						 <p>why is regen level 4?</p> 
				 	]]>
				</content:encoded>							</item>
					<item>
				<guid>http://zodiac-ffrpg.wikidot.com/forum/t-442029</guid>
				<title>Charge and Healing</title>
				<link>http://zodiac-ffrpg.wikidot.com/forum/t-442029/charge-and-healing</link>
				<description>A couple of general thoughts on potentially-underpowered abilities</description>
				<pubDate>Fri, 10 Feb 2012 06:43:26 +0000</pubDate>
				<wikidot:authorName>Laertes Ursus</wikidot:authorName>				<wikidot:authorUserId>512665</wikidot:authorUserId>				<content:encoded>
					<![CDATA[
						 <p>Call me silly, but isn't Charge a bit on the slow side? I mean, it's a good basic system, but I like something I can see the math of, and additionally something that's actually worthwhile to use. At higher levels, Charge techs just aren't fast enough to be of use. Now, I understand they're essentially free techs, but it's still not something that I think is a viable option over a TL 3. Why don't we simplify it?</p> <p>&quot;Instead of consuming MP, the user of the Tech must focus his energy for a certain amount of time before unleashing the Tech. Normally a Tech requires 8 Speed Points to use, just like any other action, but a Charge Power requires a higher expenditure of Speed Points. If a character does not have sufficient Speed Points, he may wait, taking no actions and expending no Speed Points, until he has enough points to execute the Tech. If combined with Secondary Effects, the amount of SP required increases or decreases in the same way as MP cost normally would. A Charge Power consumes additional SP equal to its effective Tech Level times a multiplier based on the strength of the Tech. Weak Techs have a multiplier of 1, Medium Techs have a multiplier of 1.5, and Strong Techs have a Multiplier of 2. Using this system, a Medium Level 3 Tech and a Weak level 5 Tech would each cost 13 SP.&quot;</p> <p>As for Healing, my suggestion would be a straight-up doubling of all base values. Once you get to a level where you can actually buy a level 6 Tech, 250+MAG*2(Probably around 450-600 total) is not a lot of HP, and that's the absolute strongest heal available. Alternatively, if you're worried about a heal/MP imbalance, create it as an extra option for double healing and beneficial effect timers at +2 effective TL.</p> 
				 	]]>
				</content:encoded>							</item>
					<item>
				<guid>http://zodiac-ffrpg.wikidot.com/forum/t-392255</guid>
				<title>Clone Command Skill</title>
				<link>http://zodiac-ffrpg.wikidot.com/forum/t-392255/clone-command-skill</link>
				<description>Works on players?</description>
				<pubDate>Sun, 18 Sep 2011 19:51:13 +0000</pubDate>
				<wikidot:authorName>paroikos</wikidot:authorName>				<wikidot:authorUserId>1200758</wikidot:authorUserId>				<content:encoded>
					<![CDATA[
						 <p>Can the Clone command skill be used on yourself or another player? Of course it would still require a role, but I don't know if this would be considered unbalancing&#8230;</p> 
				 	]]>
				</content:encoded>							</item>
					<item>
				<guid>http://zodiac-ffrpg.wikidot.com/forum/t-367021</guid>
				<title>Main forum down?</title>
				<link>http://zodiac-ffrpg.wikidot.com/forum/t-367021/main-forum-down</link>
				<description>What the hell happened?</description>
				<pubDate>Thu, 16 Jun 2011 19:00:50 +0000</pubDate>
				<wikidot:authorName>Doresh</wikidot:authorName>				<wikidot:authorUserId>654492</wikidot:authorUserId>				<content:encoded>
					<![CDATA[
						 <p>Dunno if anyone noticed we have a forum here, but anyways: what happened to the old forum? Did it finally kick the bucket or what? ProBoard tells something about 25 a) of their Terms of Service, which reads:</p> <p>&quot;25. TERMINATION<br /> a) By ProBoards</p> <p>WITHOUT LIMITING ANY OTHER PROVISION OF THIS AGREEMENT, PROBOARDS RESERVES THE RIGHT TO, IN PROBOARDS' SOLE DISCRETION AND WITHOUT NOTICE OR LIABILITY, DENY USE OF THE WEBSITE AND/OR SERVICES TO ANY PERSON FOR ANY REASON OR FOR NO REASON AT ALL, INCLUDING WITHOUT LIMITATION FOR ANY BREACH OR SUSPECTED BREACH OF ANY REPRESENTATION, WARRANTY OR COVENANT CONTAINED IN THIS AGREEMENT, OR OF ANY APPLICABLE LAW OR REGULATION.&quot;</p> <p>Sooo the board is down because they felt like it Oo ?</p> 
				 	]]>
				</content:encoded>							</item>
					<item>
				<guid>http://zodiac-ffrpg.wikidot.com/forum/t-350660</guid>
				<title>Quadra Slam</title>
				<link>http://zodiac-ffrpg.wikidot.com/forum/t-350660/quadra-slam</link>
				<description>It kinda is wimpy</description>
				<pubDate>Mon, 25 Apr 2011 23:36:30 +0000</pubDate>
				<wikidot:authorName>Malcanthet</wikidot:authorName>				<wikidot:authorUserId>858503</wikidot:authorUserId>				<content:encoded>
					<![CDATA[
						 <p>Quadra Slam! That epic attack you see Cyan do and are like HOLYEFFDIHGUAINGAA SO AWESOME. It can crit, it hits four random targets, awesome. If you have the genji glove and two katanas, he does it 8 times. Rockin'! The only thing that was better was Quadra Slice, but that took longer and all.</p> <p>Now, in ZODIAC it is&#8230;kind of a 'meh' ability. It needs something. It needs something bad. Normal attack damage I can appreciate, but halved? This is a serious ouch, since normal attacks do really crappy damage in the present system (before mods) and it makes this attack paltry, even if you are using it to try and status effect a boss four times in a row.</p> <p>Here's my suggestion. Allow quadra slam the ability to critical hit! Not too big of a damage hike, but it makes it have a little more oomph. It doesn't even have to be the regular ability of it, it would just be at a higher tech level (and thusly cost more TP). But I like making it crit-capable.. critical% can be 'whored' to be pretty intense (I have a character level 35 who is currently at a 30% crit rate &#8212; 70 or better on the die) but it still likely wont make too much of a game break if it comes into play. Thoughts? Suggestions?</p> 
				 	]]>
				</content:encoded>							</item>
				</channel>
</rss>