<?xml version="1.0" encoding="UTF-8" ?>
<rss version="2.0" xmlns:content="http://purl.org/rss/1.0/modules/content/" xmlns:wikidot="http://www.wikidot.com/rss-namespace">

	<channel>
		<title>General Discussion (new threads)</title>
		<link>http://zodiac-ffrpg.wikidot.com/forum/c-539515/general-discussion</link>
		<description>Threads in the forum category &quot;General Discussion&quot; - introductions and other non-related stuff</description>
				<copyright></copyright>
		<lastBuildDate>Thu, 18 Feb 2021 21:33:35 +0000</lastBuildDate>
		
					<item>
				<guid>http://zodiac-ffrpg.wikidot.com/forum/t-7152965</guid>
				<title>ZODIAC FFRPG Wiki Update and Discord Server!</title>
				<link>http://zodiac-ffrpg.wikidot.com/forum/t-7152965/zodiac-ffrpg-wiki-update-and-discord-server</link>
				<description></description>
				<pubDate>Sat, 25 Aug 2018 21:39:33 +0000</pubDate>
				<wikidot:authorName>Agent Boogeyman</wikidot:authorName>				<wikidot:authorUserId>502823</wikidot:authorUserId>				<content:encoded>
					<![CDATA[
						 <p>It's been way too long since I wrote anything here. The work on 4E was put on hiatus for a while while I dealt with graduation from college and working a full time job, and I realize I hadn't kept anyone in the loop for a while. However, I still would want to talk with people, and have set up a Discord server to do just that! Here is the link:</p> <p><a href="https://discord.gg/AKTgkXu">https://discord.gg/AKTgkXu</a></p> <p>If anyone is still active here and wants to chat, just pop on in. It likely will not being going down any time soon.</p> 
				 	]]>
				</content:encoded>							</item>
					<item>
				<guid>http://zodiac-ffrpg.wikidot.com/forum/t-867818</guid>
				<title>A little something for Zodiac...</title>
				<link>http://zodiac-ffrpg.wikidot.com/forum/t-867818/a-little-something-for-zodiac</link>
				<description>A Final Fantasy Rap Song!</description>
				<pubDate>Sat, 31 May 2014 10:27:41 +0000</pubDate>
				<wikidot:authorName>Regal Pinion</wikidot:authorName>				<wikidot:authorUserId>1119553</wikidot:authorUserId>				<content:encoded>
					<![CDATA[
						 <p>A song I wrote and recorded about some of the Final Fantasy games we know and love.<br /> Let's just hope I'm no spoony bard.</p> <p><a href="https://www.youtube.com/watch?v=5i00lJl2PbA">https://www.youtube.com/watch?v=5i00lJl2PbA</a></p> <p>I hope you all enjoy it. :)</p> 
				 	]]>
				</content:encoded>							</item>
					<item>
				<guid>http://zodiac-ffrpg.wikidot.com/forum/t-710070</guid>
				<title>Final Fantasy: Infinity</title>
				<link>http://zodiac-ffrpg.wikidot.com/forum/t-710070/final-fantasy:infinity</link>
				<description>Someone asks you to create a character for the next installment of a Final Fantasy game. They want something new, but they want you to create it out of something old... GO!</description>
				<pubDate>Wed, 16 Oct 2013 21:38:44 +0000</pubDate>
				<wikidot:authorName>Regal Pinion</wikidot:authorName>				<wikidot:authorUserId>1119553</wikidot:authorUserId>				<content:encoded>
					<![CDATA[
						 <p>The powers of boredom, had decided to bestow upon me this idea:</p> <p>You take a job class from the Final Fantasy series and change it up to make it unique&#8230; at the time I also wanted to see what it would look like if they made it in a present-day setting.</p> <p>I myself, took on the dancer class. Perhaps I'll post it in this thread later.</p> <p>So here is the challenge:<br /> Design a character around a job class, but revamp it.</p> <p>One example (albeit vaguely done) could be as simple as asking your self, &quot;how can I make my Black Mage, stand out from the others?&quot;<br /> Is it the gameplay of it?<br /> Is it the character's equipment?<br /> Even if it's her style of casting.</p> <p>Feel free to utilize a real console system (e.g. X-Box 360, PSP, etc.) to alter it.</p> <p>Here are some classes if you need help:</p> <table class="wiki-content-table"> <tr> <td style="text-align: center;">Black Mage</td> <td style="text-align: center;">Red Mage</td> <td style="text-align: center;">Knight</td> <td style="text-align: center;">Cyborg</td> </tr> <tr> <td style="text-align: center;">White Mage</td> <td style="text-align: center;">Machinist</td> <td style="text-align: center;">Monk</td> <td style="text-align: center;">Dark Knight</td> </tr> <tr> <td style="text-align: center;">Green Mage</td> <td style="text-align: center;">Thief</td> <td style="text-align: center;">Hunter</td> <td style="text-align: center;">Paladin</td> </tr> <tr> <td style="text-align: center;">Time Mage</td> <td style="text-align: center;">Gambler</td> <td style="text-align: center;">Dragoon</td> <td style="text-align: center;">Dancer</td> </tr> <tr> <td style="text-align: center;">Blue Mage</td> <td style="text-align: center;">Alchemist</td> <td style="text-align: center;">Berserker</td> <td style="text-align: center;">Bard</td> </tr> <tr> <td style="text-align: center;">Summoner</td> <td style="text-align: center;">Mascot</td> <td style="text-align: center;">Samurai</td> <td style="text-align: center;">Cannoneer</td> </tr> <tr> <td style="text-align: center;">Scholar</td> <td style="text-align: center;">Orator</td> <td style="text-align: center;">Ninja</td> <td style="text-align: center;">Mime</td> </tr> <tr> <td style="text-align: center;">Arithmetic</td> <td style="text-align: center;">Artist</td> <td style="text-align: center;">Gunner</td> <td style="text-align: center;">Geomancer</td> </tr> <tr> <td style="text-align: center;">Necromancer</td> <td style="text-align: center;">Onion Knight</td> <td style="text-align: center;">Mystic Knight</td> <td style="text-align: center;">Feral Child</td> </tr> </table> <p>Let's see what we make!</p> 
				 	]]>
				</content:encoded>							</item>
					<item>
				<guid>http://zodiac-ffrpg.wikidot.com/forum/t-626053</guid>
				<title>ZODIAC archive</title>
				<link>http://zodiac-ffrpg.wikidot.com/forum/t-626053/zodiac-archive</link>
				<description>I had a very successful campaign as a kid playing with my cousins and am looking for the original ANGELFIRE rules (I&#039;m presuming first or second edition) in PDF or HTML form.</description>
				<pubDate>Tue, 19 Feb 2013 02:36:16 +0000</pubDate>
				<wikidot:authorName>Paul Scott Mulhollan</wikidot:authorName>				<wikidot:authorUserId>1557922</wikidot:authorUserId>				<content:encoded>
					<![CDATA[
						 <p>Has anyone had any luck finding/retaining such a document? I remember printing the whole thing out- inspirational art and all. It came out to be like a million pages and my aunt was pissed at me but I really enjoyed playing. I also printed out what may have been the second or third edition (most likely the second). The art was stripped out and the rules were completely rewritten with a more modular point system. I'm after what came before. No mellows harshed if it's lost or unavailable to players. I would just like it for purely nostalgic purposes.</p> <p>Thanks in advance for any answers/leads you can contribute. ZODIAC was a great RPG when I played and will always be fondly remembered part of my past. Thanks to contributors and players alike for keeping it alive through the years! :)</p> 
				 	]]>
				</content:encoded>							</item>
					<item>
				<guid>http://zodiac-ffrpg.wikidot.com/forum/t-580357</guid>
				<title>RE: Yahoo Zodiac RPG Group</title>
				<link>http://zodiac-ffrpg.wikidot.com/forum/t-580357/re:yahoo-zodiac-rpg-group</link>
				<description>Trying to find the Zodiac RPG Yahoo Group.</description>
				<pubDate>Thu, 01 Nov 2012 13:40:36 +0000</pubDate>
				<wikidot:authorName>rjbprime</wikidot:authorName>				<wikidot:authorUserId>1478201</wikidot:authorUserId>				<content:encoded>
					<![CDATA[
						 <p>Hi all,</p> <p>I've spent several hours trying to find the above mentioned group, as I am looking for premade monsters, to throw at my players. I have tried several search terms on Google, yet none have turned up the requested group. Is there somewhere, other than the above mentioned Yahoo group, where I can find premade monsters? I can give whoever helps a virtual cookie for their troubles.</p> <p>RJBPrime</p> 
				 	]]>
				</content:encoded>							</item>
					<item>
				<guid>http://zodiac-ffrpg.wikidot.com/forum/t-471228</guid>
				<title>Returnergames is down</title>
				<link>http://zodiac-ffrpg.wikidot.com/forum/t-471228/returnergames-is-down</link>
				<description></description>
				<pubDate>Sun, 27 May 2012 09:10:37 +0000</pubDate>
				<wikidot:authorName>Doresh</wikidot:authorName>				<wikidot:authorUserId>654492</wikidot:authorUserId>				<content:encoded>
					<![CDATA[
						 <p>Returnergames.com seems to be down for over a month now.</p> <p>&#8230;</p> <p>Weird to see the underdog still standing, isn't it ^^ ?</p> 
				 	]]>
				</content:encoded>							</item>
					<item>
				<guid>http://zodiac-ffrpg.wikidot.com/forum/t-444949</guid>
				<title>Introduce yourself, fellow ZODIAC gamer</title>
				<link>http://zodiac-ffrpg.wikidot.com/forum/t-444949/introduce-yourself-fellow-zodiac-gamer</link>
				<description>a place to say hi, meet others, and generally chat about game or non-game topics.</description>
				<pubDate>Thu, 23 Feb 2012 18:57:09 +0000</pubDate>
				<wikidot:authorName>DFroGGotten1</wikidot:authorName>				<wikidot:authorUserId>498563</wikidot:authorUserId>				<content:encoded>
					<![CDATA[
						 <p>This will be the General discussion thread&#8230; so let's start.<br /> I'm Froggotten, the (new) owner of ZODIAC Final Fantasy RPG. Though I didn't create it, I'm taking care of it. Also, I help with the updating and creation of new rules, optional mechanic and such.</p> <p>I also created the Aeon Summoning System, which will soon be added into the Core Rule.</p> <p>To those who are new members, I welcome you!</p> 
				 	]]>
				</content:encoded>							</item>
				</channel>
</rss>