<?xml version="1.0" encoding="UTF-8" ?>
<rss version="2.0" xmlns:content="http://purl.org/rss/1.0/modules/content/" xmlns:wikidot="http://www.wikidot.com/rss-namespace">

	<channel>
		<title>ZODIAC Final Fantasy RPG - new forum posts</title>
		<link>http://zodiac-ffrpg.wikidot.com/forum/start</link>
		<description>Posts in forums of the site &quot;ZODIAC Final Fantasy RPG&quot;</description>
				<copyright></copyright>
		<lastBuildDate>Thu, 18 Feb 2021 21:31:52 +0000</lastBuildDate>
		
					<item>
				<guid>http://zodiac-ffrpg.wikidot.com/forum/t-7152965#post-3927063</guid>
				<title>ZODIAC FFRPG Wiki Update and Discord Server!</title>
				<link>http://zodiac-ffrpg.wikidot.com/forum/t-7152965/zodiac-ffrpg-wiki-update-and-discord-server#post-3927063</link>
				<description></description>
				<pubDate>Sat, 25 Aug 2018 21:39:33 +0000</pubDate>
				<wikidot:authorName>Agent Boogeyman</wikidot:authorName>				<wikidot:authorUserId>502823</wikidot:authorUserId>				<content:encoded>
					<![CDATA[
						 <p>It's been way too long since I wrote anything here. The work on 4E was put on hiatus for a while while I dealt with graduation from college and working a full time job, and I realize I hadn't kept anyone in the loop for a while. However, I still would want to talk with people, and have set up a Discord server to do just that! Here is the link:</p> <p><a href="https://discord.gg/AKTgkXu">https://discord.gg/AKTgkXu</a></p> <p>If anyone is still active here and wants to chat, just pop on in. It likely will not being going down any time soon.</p> <br/>Forum category: <a href="http://zodiac-ffrpg.wikidot.com/forum/c-539515">ZODIAC Discussion / General Discussion</a><br/>Forum thread: <a href="http://zodiac-ffrpg.wikidot.com/forum/t-7152965/zodiac-ffrpg-wiki-update-and-discord-server">ZODIAC FFRPG Wiki Update and Discord Server!</a>
				 	]]>
				</content:encoded>							</item>
					<item>
				<guid>http://zodiac-ffrpg.wikidot.com/forum/t-2211118#post-2786560</guid>
				<title>Too much emphasis on Magic stat?</title>
				<link>http://zodiac-ffrpg.wikidot.com/forum/t-2211118/too-much-emphasis-on-magic-stat#post-2786560</link>
				<description></description>
				<pubDate>Sat, 08 Apr 2017 01:14:30 +0000</pubDate>
				<wikidot:authorName>KaikelX</wikidot:authorName>				<wikidot:authorUserId>1320787</wikidot:authorUserId>				<content:encoded>
					<![CDATA[
						 <p>So my group and I have been trying out a bit of Zodiac, and we've found that the strongest characters are the ones that exclusively focus on Magic plus Spirit. Tech levels being dependent solely on Magic means that other character builds (focus on agility, or strength based characters) just can't keep up in both ability variety and strength. It's also a bit puzzling, as it forces characters that might not normally have any need of magic, (warriors and rogues who want to remain physically focused for example, or other characters that might not flavor themselves as magical) to invest in improving their magical skills. And there's only so many variations on enemies that are resistant/immune to magic, venom, poison, dsentence, stone, fatal blow, near-fatal, etc, that spam seal, before it basically comes down to sending dedicated anti-magic builds that exist to give the other characters something to do.</p> <p>We've been thinking about adjusting the system so that tech points are based off any one of the five base stats chosen at the start of the game. This allows characters to choose a &quot;focus&quot; and be rewarded for investing in that focus, without being punished for not picking magic. Would this be a reasonable house rule?</p> <br/>Forum category: <a href="http://zodiac-ffrpg.wikidot.com/forum/c-300922">ZODIAC Discussion / Core Rules</a><br/>Forum thread: <a href="http://zodiac-ffrpg.wikidot.com/forum/t-2211118/too-much-emphasis-on-magic-stat">Too much emphasis on Magic stat?</a>
				 	]]>
				</content:encoded>							</item>
					<item>
				<guid>http://zodiac-ffrpg.wikidot.com/forum/t-2139618#post-2754773</guid>
				<title>4e</title>
				<link>http://zodiac-ffrpg.wikidot.com/forum/t-2139618/4e#post-2754773</link>
				<description></description>
				<pubDate>Fri, 24 Feb 2017 22:08:15 +0000</pubDate>
				<wikidot:authorName>Hydro Globus</wikidot:authorName>				<wikidot:authorUserId>2618421</wikidot:authorUserId>				<content:encoded>
					<![CDATA[
						 <p>Hey, anyone who reads this! (Hopefully Agent Boogeyman)</p> <p>So, your note regarding 4th Edition has been out for a while, with no word beyond that. Could we (I don't believe I'm the only one who still regularly checks) get an update regarding your progress, or if the overhaul project is shelved for now, or anything? :) I remember I got really excited when I first saw the post.</p> <p>BR,<br /> Hydro Globus,<br /> the (second) Spoony Bard</p> <br/>Forum category: <a href="http://zodiac-ffrpg.wikidot.com/forum/c-300922">ZODIAC Discussion / Core Rules</a><br/>Forum thread: <a href="http://zodiac-ffrpg.wikidot.com/forum/t-2139618/4e">4e</a>
				 	]]>
				</content:encoded>							</item>
					<item>
				<guid>http://zodiac-ffrpg.wikidot.com/forum/t-1771400#post-2545336</guid>
				<title>Guard and Tech Set Questions</title>
				<link>http://zodiac-ffrpg.wikidot.com/forum/t-1771400/guard-and-tech-set-questions#post-2545336</link>
				<description></description>
				<pubDate>Fri, 29 Jul 2016 01:15:54 +0000</pubDate>
				<wikidot:authorName>Fabio Melo</wikidot:authorName>				<wikidot:authorUserId>2800269</wikidot:authorUserId>				<content:encoded>
					<![CDATA[
						 <p>1.so on every weapons page there is a Distribution number. Spears for example have Distribution: 5P/1M. what is this?<br /> 2. If i were to use the range into a map mode. would assuming Short range is 1 square away, medium for 2 and long range for 3 squares away be correct?<br /> 3. im currently trying to add everything on the site into a convenient word file. (So far so good) However, the site is missing a few things:<br /> <span style="text-decoration: underline;">Guard:</span><br /> Hats<br /> Shields<br /> <span style="text-decoration: underline;">Tech Set:</span><br /> Arts of War (Knight)<br /> Battle Skill (Fighter)<br /> If I could get info for these it would be awesome as i am trying to host a game for a few friends</p> <br/>Forum category: <a href="http://zodiac-ffrpg.wikidot.com/forum/c-300922">ZODIAC Discussion / Core Rules</a><br/>Forum thread: <a href="http://zodiac-ffrpg.wikidot.com/forum/t-1771400/guard-and-tech-set-questions">Guard and Tech Set Questions</a>
				 	]]>
				</content:encoded>							</item>
					<item>
				<guid>http://zodiac-ffrpg.wikidot.com/forum/t-1643894#post-2530970</guid>
				<title>Re: Revive mid combat initiative question</title>
				<link>http://zodiac-ffrpg.wikidot.com/forum/t-1643894/revive-mid-combat-initiative-question#post-2530970</link>
				<description></description>
				<pubDate>Fri, 01 Jul 2016 11:50:23 +0000</pubDate>
				<wikidot:authorName>Hydro Globus</wikidot:authorName>				<wikidot:authorUserId>2618421</wikidot:authorUserId>				<content:encoded>
					<![CDATA[
						 <p>Sorry for not checking the thread. Anyway, it is on p60, at the description of the unconscious status.</p> <br/>Forum category: <a href="http://zodiac-ffrpg.wikidot.com/forum/c-300922">ZODIAC Discussion / Core Rules</a><br/>Forum thread: <a href="http://zodiac-ffrpg.wikidot.com/forum/t-1643894/revive-mid-combat-initiative-question">Revive mid combat initiative question</a>
				 	]]>
				</content:encoded>							</item>
					<item>
				<guid>http://zodiac-ffrpg.wikidot.com/forum/t-1643894#post-2496034</guid>
				<title>Re: Revive mid combat initiative question</title>
				<link>http://zodiac-ffrpg.wikidot.com/forum/t-1643894/revive-mid-combat-initiative-question#post-2496034</link>
				<description></description>
				<pubDate>Fri, 22 Apr 2016 15:53:20 +0000</pubDate>
				<wikidot:authorName>DFroGGotten1</wikidot:authorName>				<wikidot:authorUserId>498563</wikidot:authorUserId>				<content:encoded>
					<![CDATA[
						 <p>I believe it's in the Combat section of the book.</p> <br/>Forum category: <a href="http://zodiac-ffrpg.wikidot.com/forum/c-300922">ZODIAC Discussion / Core Rules</a><br/>Forum thread: <a href="http://zodiac-ffrpg.wikidot.com/forum/t-1643894/revive-mid-combat-initiative-question">Revive mid combat initiative question</a>
				 	]]>
				</content:encoded>							</item>
					<item>
				<guid>http://zodiac-ffrpg.wikidot.com/forum/t-1643894#post-2473457</guid>
				<title>Re: Revive mid combat initiative question</title>
				<link>http://zodiac-ffrpg.wikidot.com/forum/t-1643894/revive-mid-combat-initiative-question#post-2473457</link>
				<description></description>
				<pubDate>Wed, 16 Mar 2016 05:46:22 +0000</pubDate>
				<wikidot:authorName>KaikelX</wikidot:authorName>				<wikidot:authorUserId>1320787</wikidot:authorUserId>				<content:encoded>
					<![CDATA[
						 <p>Could you tell me where? I can't seem to find where it says that.</p> <br/>Forum category: <a href="http://zodiac-ffrpg.wikidot.com/forum/c-300922">ZODIAC Discussion / Core Rules</a><br/>Forum thread: <a href="http://zodiac-ffrpg.wikidot.com/forum/t-1643894/revive-mid-combat-initiative-question">Revive mid combat initiative question</a>
				 	]]>
				</content:encoded>							</item>
					<item>
				<guid>http://zodiac-ffrpg.wikidot.com/forum/t-1643894#post-2473113</guid>
				<title>Re: Revive mid combat initiative question</title>
				<link>http://zodiac-ffrpg.wikidot.com/forum/t-1643894/revive-mid-combat-initiative-question#post-2473113</link>
				<description></description>
				<pubDate>Tue, 15 Mar 2016 16:48:39 +0000</pubDate>
				<wikidot:authorName>Hydro Globus</wikidot:authorName>				<wikidot:authorUserId>2618421</wikidot:authorUserId>				<content:encoded>
					<![CDATA[
						 <p>Doesn't it say in the book that an unconscious character is always down to 0sp?</p> <br/>Forum category: <a href="http://zodiac-ffrpg.wikidot.com/forum/c-300922">ZODIAC Discussion / Core Rules</a><br/>Forum thread: <a href="http://zodiac-ffrpg.wikidot.com/forum/t-1643894/revive-mid-combat-initiative-question">Revive mid combat initiative question</a>
				 	]]>
				</content:encoded>							</item>
					<item>
				<guid>http://zodiac-ffrpg.wikidot.com/forum/t-1643894#post-2472174</guid>
				<title>Revive mid combat initiative question</title>
				<link>http://zodiac-ffrpg.wikidot.com/forum/t-1643894/revive-mid-combat-initiative-question#post-2472174</link>
				<description></description>
				<pubDate>Sun, 13 Mar 2016 19:29:58 +0000</pubDate>
				<wikidot:authorName>KaikelX</wikidot:authorName>				<wikidot:authorUserId>1320787</wikidot:authorUserId>				<content:encoded>
					<![CDATA[
						 <p>So it looks like this site has been inactive for a while now, but I'm hoping I can get a response some time in the future. I've been programming several utilities to help run my own ZODIAC campaign (so far I have stat calculators for players/monsters), and have been working on an initiative tool to automate combat tracking. The first issue I ran into was how to calculate slow/haste, and I've done that (and added my own little balancing attempt) by remembering the old speed value, calculating the difference between the new and old speed values, then adding that back into the running &quot;initiative&quot; pool that actions are drawn from.</p> <p>For example, say haste grants a player with 10 speed another 2 points of speed, while their running total is 16 (rolled a 6 at the start of combat). They would subtract 8 for casting haste and add 2 to their speed total. Since 12 speed -10 (the old value) speed is 2, they also add 2 points to their running total. They have 10sp to work with in combat as of now.</p> <p>My real question is, how does revive or raise effects work when determining who gets to go when? Should they act on their current initiative? (This could lead to a situation where Kari the Black Mage dies with 16sp remaining. Rubie the White Mage decides to use her last 8sp (and is the last player/monster able to move for the round) to revive Kari, meaning that Kari would get to act twice in a row immediately)</p> <p>Or should raise make a character stuck at 0 initiative, so they have to wait next round to act? This would discourage raising at the beginning of rounds, since a character might be raised just to die all over again.</p> <p>The solution I'm thinking of right now is that the player revives at the caster's speed. So either the player revives at the old speed value (so the healer subtracts their speed points, meaning that the revived character goes before the healer can act again, guaranteed) or at the new speed value (so both players would act in the same instant). I'll probably default to the latter option, but any input I could get would be welcome.</p> <br/>Forum category: <a href="http://zodiac-ffrpg.wikidot.com/forum/c-300922">ZODIAC Discussion / Core Rules</a><br/>Forum thread: <a href="http://zodiac-ffrpg.wikidot.com/forum/t-1643894/revive-mid-combat-initiative-question">Revive mid combat initiative question</a>
				 	]]>
				</content:encoded>							</item>
					<item>
				<guid>http://zodiac-ffrpg.wikidot.com/forum/t-1176092#post-2278058</guid>
				<title>Re: Capture?</title>
				<link>http://zodiac-ffrpg.wikidot.com/forum/t-1176092/capture#post-2278058</link>
				<description></description>
				<pubDate>Fri, 24 Apr 2015 22:54:50 +0000</pubDate>
				<wikidot:authorName>DFroGGotten1</wikidot:authorName>				<wikidot:authorUserId>498563</wikidot:authorUserId>				<content:encoded>
					<![CDATA[
						 <p>It depends on the campaign and the Master, really. This is a simple system, So I would propose training like so:<br /> Roll 1d10. On a result of 3 to 8, Add 1 to an additional stat just for the monster, maybe called 'Tame'.<br /> On a 2, Subtract 1.<br /> On a 1, Subtract 3<br /> On a 9, Add 2.<br /> On a 10, Add 3.<br /> The Tame stat has a base value of 30. For every day of training, Roll to train up Tame. Higher values mean better chance of a command.<br /> When you release the monster to attack, roll 1d100. If the roll is below Tame's stat value, The action takes place and the creature can return to the owner (Master's Decretion.) Otherwise, The creature attacks and escapes.</p> <br/>Forum category: <a href="http://zodiac-ffrpg.wikidot.com/forum/c-300922">ZODIAC Discussion / Core Rules</a><br/>Forum thread: <a href="http://zodiac-ffrpg.wikidot.com/forum/t-1176092/capture">Capture?</a>
				 	]]>
				</content:encoded>							</item>
					<item>
				<guid>http://zodiac-ffrpg.wikidot.com/forum/t-1176092#post-2274534</guid>
				<title>Capture?</title>
				<link>http://zodiac-ffrpg.wikidot.com/forum/t-1176092/capture#post-2274534</link>
				<description></description>
				<pubDate>Mon, 20 Apr 2015 22:04:23 +0000</pubDate>
				<wikidot:authorName>Sokkehoved</wikidot:authorName>				<wikidot:authorUserId>2130623</wikidot:authorUserId>				<content:encoded>
					<![CDATA[
						 <p>Hey everyone</p> <p>I was just wondering about the Capture Command Skill, It says that you can capture and train a monster, the training part how might you be able to implement that?</p> <br/>Forum category: <a href="http://zodiac-ffrpg.wikidot.com/forum/c-300922">ZODIAC Discussion / Core Rules</a><br/>Forum thread: <a href="http://zodiac-ffrpg.wikidot.com/forum/t-1176092/capture">Capture?</a>
				 	]]>
				</content:encoded>							</item>
					<item>
				<guid>http://zodiac-ffrpg.wikidot.com/forum/t-1159214#post-2271067</guid>
				<title>Re: Runic</title>
				<link>http://zodiac-ffrpg.wikidot.com/forum/t-1159214/runic#post-2271067</link>
				<description></description>
				<pubDate>Wed, 15 Apr 2015 15:00:45 +0000</pubDate>
				<wikidot:authorName>DFroGGotten1</wikidot:authorName>				<wikidot:authorUserId>498563</wikidot:authorUserId>				<content:encoded>
					<![CDATA[
						 <p>It recovers both HP and MP, and as monster's goes up in level, so does damage. Monsters can do more damage than PCs can sometimes under the right conditions. As such, which would be better, absorbing 2 MP from a weak attack magic because of it's cost, or absorbing 48 HP and 9 MP from the same spell with the monster with 100 MAG under a +50 Magic Boost? Even without a Magic Boost, Minimum damage would be 21 HP and 4 MP absorbed.<br /> Balance, my friend, and usefulness is the answer.</p> <br/>Forum category: <a href="http://zodiac-ffrpg.wikidot.com/forum/c-300922">ZODIAC Discussion / Core Rules</a><br/>Forum thread: <a href="http://zodiac-ffrpg.wikidot.com/forum/t-1159214/runic">Runic</a>
				 	]]>
				</content:encoded>							</item>
					<item>
				<guid>http://zodiac-ffrpg.wikidot.com/forum/t-1159214#post-2259330</guid>
				<title>Runic</title>
				<link>http://zodiac-ffrpg.wikidot.com/forum/t-1159214/runic#post-2259330</link>
				<description></description>
				<pubDate>Sat, 28 Mar 2015 16:50:03 +0000</pubDate>
				<wikidot:authorName>Aleph Ozone</wikidot:authorName>				<wikidot:authorUserId>1986833</wikidot:authorUserId>				<content:encoded>
					<![CDATA[
						 <p>I've a question regarding the Command Skill Runic: why does it recover HP? why doesn't it work like in the actual games, where it just recovers the MP of the one who used it by the MP spent to cast the spell it absorbed??</p> <br/>Forum category: <a href="http://zodiac-ffrpg.wikidot.com/forum/c-300922">ZODIAC Discussion / Core Rules</a><br/>Forum thread: <a href="http://zodiac-ffrpg.wikidot.com/forum/t-1159214/runic">Runic</a>
				 	]]>
				</content:encoded>							</item>
					<item>
				<guid>http://zodiac-ffrpg.wikidot.com/forum/t-444949#post-2227083</guid>
				<title>Re: Introduce yourself, fellow ZODIAC gamer</title>
				<link>http://zodiac-ffrpg.wikidot.com/forum/t-444949/introduce-yourself-fellow-zodiac-gamer#post-2227083</link>
				<description></description>
				<pubDate>Sat, 07 Feb 2015 07:24:35 +0000</pubDate>
				<wikidot:authorName>DFroGGotten1</wikidot:authorName>				<wikidot:authorUserId>498563</wikidot:authorUserId>				<content:encoded>
					<![CDATA[
						 <p>Yes, please feed the database. It needs monsters, among other things.</p> <br/>Forum category: <a href="http://zodiac-ffrpg.wikidot.com/forum/c-539515">ZODIAC Discussion / General Discussion</a><br/>Forum thread: <a href="http://zodiac-ffrpg.wikidot.com/forum/t-444949/introduce-yourself-fellow-zodiac-gamer">Introduce yourself, fellow ZODIAC gamer</a>
				 	]]>
				</content:encoded>							</item>
					<item>
				<guid>http://zodiac-ffrpg.wikidot.com/forum/t-350436#post-2224158</guid>
				<title>Re: Relics</title>
				<link>http://zodiac-ffrpg.wikidot.com/forum/t-350436/relics#post-2224158</link>
				<description></description>
				<pubDate>Tue, 03 Feb 2015 23:09:54 +0000</pubDate>
				<wikidot:authorName>DFroGGotten1</wikidot:authorName>				<wikidot:authorUserId>498563</wikidot:authorUserId>				<content:encoded>
					<![CDATA[
						 <p>I'm in the process of creating a Master's Guide, called 'The Master's Codex'. But keep in mind I'm also working on BEASTIE BOOK and a module for beginners. If anyone would like to offer any help, It'll be most appreciated.</p> <br/>Forum category: <a href="http://zodiac-ffrpg.wikidot.com/forum/c-300922">ZODIAC Discussion / Core Rules</a><br/>Forum thread: <a href="http://zodiac-ffrpg.wikidot.com/forum/t-350436/relics">Relics</a>
				 	]]>
				</content:encoded>							</item>
					<item>
				<guid>http://zodiac-ffrpg.wikidot.com/forum/t-444949#post-2219335</guid>
				<title>Re: Introduce yourself, fellow ZODIAC gamer</title>
				<link>http://zodiac-ffrpg.wikidot.com/forum/t-444949/introduce-yourself-fellow-zodiac-gamer#post-2219335</link>
				<description></description>
				<pubDate>Thu, 29 Jan 2015 06:22:51 +0000</pubDate>
				<wikidot:authorName>ThunderGodCidofolas</wikidot:authorName>				<wikidot:authorUserId>2053384</wikidot:authorUserId>				<content:encoded>
					<![CDATA[
						 <p>Yeah, one of the keys to wrapping your head around ZODIAC is to not take things too literally. Re-Skinning and Re-Themeing is the name of the game, here.</p> <br/>Forum category: <a href="http://zodiac-ffrpg.wikidot.com/forum/c-539515">ZODIAC Discussion / General Discussion</a><br/>Forum thread: <a href="http://zodiac-ffrpg.wikidot.com/forum/t-444949/introduce-yourself-fellow-zodiac-gamer">Introduce yourself, fellow ZODIAC gamer</a>
				 	]]>
				</content:encoded>							</item>
					<item>
				<guid>http://zodiac-ffrpg.wikidot.com/forum/t-350436#post-2219330</guid>
				<title>Re: Relics</title>
				<link>http://zodiac-ffrpg.wikidot.com/forum/t-350436/relics#post-2219330</link>
				<description></description>
				<pubDate>Thu, 29 Jan 2015 06:18:24 +0000</pubDate>
				<wikidot:authorName>ThunderGodCidofolas</wikidot:authorName>				<wikidot:authorUserId>2053384</wikidot:authorUserId>				<content:encoded>
					<![CDATA[
						 <p>I'm not sure how your group is doing things if people are only ever making two relics, and not even using both of them. The GM decides which relics are available at what times, and there's a provision to make two explicitly End-Game tier relics that are&#8230;well, for the end game. Your best relic should never be available right away. Hell, you shouldn't even be buying relics at all at the outset, considering you only get 200 G for initial equipment, where the cheapest possible relic costs 500. The first eight basically fall into the patter you outlined with Sub Relics (minus allowing characters to equip other command skills, which really is going to vary from campaign to campaign), while the two artifacts aren't going to show up for quite some time.<br /> You're right that there could be more options added to Relics, though.</p> <p>This also makes me wonder if ZODIAC couldn't benefit from a sort of 'DM's Guide' equivalent, outlining expected milestones for when characters should expect to find equipment tiers and that sort of thing. I don't know if 'S' would have passed along any internal documents about that to the new ownership, though.</p> <br/>Forum category: <a href="http://zodiac-ffrpg.wikidot.com/forum/c-300922">ZODIAC Discussion / Core Rules</a><br/>Forum thread: <a href="http://zodiac-ffrpg.wikidot.com/forum/t-350436/relics">Relics</a>
				 	]]>
				</content:encoded>							</item>
					<item>
				<guid>http://zodiac-ffrpg.wikidot.com/forum/t-800499#post-2218408</guid>
				<title>Re: Summoning Aeon too powerful???</title>
				<link>http://zodiac-ffrpg.wikidot.com/forum/t-800499/summoning-aeon-too-powerful#post-2218408</link>
				<description></description>
				<pubDate>Wed, 28 Jan 2015 05:40:53 +0000</pubDate>
				<wikidot:authorName>ThunderGodCidofolas</wikidot:authorName>				<wikidot:authorUserId>2053384</wikidot:authorUserId>				<content:encoded>
					<![CDATA[
						 <p>Two points, if anyone's still reading this thread:</p> <p>A) Aeon summoning is probably an optional rule for a reason.</p> <p>B) Rules as written, you can fake it just as easily by using Morph's Multi-Form version, with stricter limitations (Constant MP drain, Can't repeatedly double or more your HP at will).</p> <br/>Forum category: <a href="http://zodiac-ffrpg.wikidot.com/forum/c-300922">ZODIAC Discussion / Core Rules</a><br/>Forum thread: <a href="http://zodiac-ffrpg.wikidot.com/forum/t-800499/summoning-aeon-too-powerful">Summoning Aeon too powerful???</a>
				 	]]>
				</content:encoded>							</item>
					<item>
				<guid>http://zodiac-ffrpg.wikidot.com/forum/t-1071449#post-2201878</guid>
				<title>Re: The Counter support skill</title>
				<link>http://zodiac-ffrpg.wikidot.com/forum/t-1071449/the-counter-support-skill#post-2201878</link>
				<description></description>
				<pubDate>Fri, 09 Jan 2015 18:59:23 +0000</pubDate>
				<wikidot:authorName>Aleph Ozone</wikidot:authorName>				<wikidot:authorUserId>1986833</wikidot:authorUserId>				<content:encoded>
					<![CDATA[
						 <p>Yeah, I see your point&#8230; I really only suggested Counter and Concentrate for Command Skills due to them being more powerful than most other support skills.</p> <br/>Forum category: <a href="http://zodiac-ffrpg.wikidot.com/forum/c-300922">ZODIAC Discussion / Core Rules</a><br/>Forum thread: <a href="http://zodiac-ffrpg.wikidot.com/forum/t-1071449/the-counter-support-skill">The Counter support skill</a>
				 	]]>
				</content:encoded>							</item>
					<item>
				<guid>http://zodiac-ffrpg.wikidot.com/forum/t-1071449#post-2199087</guid>
				<title>Re: The Counter support skill</title>
				<link>http://zodiac-ffrpg.wikidot.com/forum/t-1071449/the-counter-support-skill#post-2199087</link>
				<description></description>
				<pubDate>Wed, 07 Jan 2015 18:42:17 +0000</pubDate>
				<wikidot:authorName>Doresh</wikidot:authorName>				<wikidot:authorUserId>654492</wikidot:authorUserId>				<content:encoded>
					<![CDATA[
						 <p>Normal Attacks do have a couple problems, especially how you can replace it with a low-level Power Attack (or higher level with Short-Range and Inacurrate to be closer to a Normal Attack) that will serve you much better. Maybe a boost for Concentrate for those looking for an alternative?</p> <p>Making Peep a Support Skill and sounds lovely. Sure, it steps away from the FFIV version it is based on, but several later games have &quot;perma-Peep&quot; abilities and equipment. And making it cost zero both in MP and actions really gives it a noticable edge over Scan.</p> <p>Not so sure about Counter being a Command Skill, as you can't actively use it (though you could make a variation that lets you enter a counter stance, forgoing your action in favor of guaranteed Counters). Not so sure about Concentrate though. the other attack Command Skills always seem to have something to balance their increased usefulness, but Concentrate only adds stuff.</p> <br/>Forum category: <a href="http://zodiac-ffrpg.wikidot.com/forum/c-300922">ZODIAC Discussion / Core Rules</a><br/>Forum thread: <a href="http://zodiac-ffrpg.wikidot.com/forum/t-1071449/the-counter-support-skill">The Counter support skill</a>
				 	]]>
				</content:encoded>							</item>
					<item>
				<guid>http://zodiac-ffrpg.wikidot.com/forum/t-1071449#post-2192122</guid>
				<title>Re: The Counter support skill</title>
				<link>http://zodiac-ffrpg.wikidot.com/forum/t-1071449/the-counter-support-skill#post-2192122</link>
				<description></description>
				<pubDate>Wed, 31 Dec 2014 00:04:01 +0000</pubDate>
				<wikidot:authorName>Aleph Ozone</wikidot:authorName>				<wikidot:authorUserId>1986833</wikidot:authorUserId>				<content:encoded>
					<![CDATA[
						 <p>An insteresting point with regards to Concentrate, but I don't think an option should be limited to only be good with a certain combo, unless making it good outside the combo would make the combo itself overpowered.</p> <p>Speaking of Concentrate, I once considered (and that's something I still want to do) making a character focused entirely on critical hits, based on Saix from Kingdom Hearts (in Days, Saix is mediocre to average in most stats, but he has maxed critical damage and critical chance). The problem is that in Zodiac, normal attacks are mediocre. Even with Concentrate, by the time you have a decent chance of critical, a balanced character would have plenty of techs to cause much more damage than your critical attacks can. Not to mention regular attacks can't hit multiple enemies at the same time, or cause status effects&#8230; so a build focused on normal attacks is just not viable.</p> <p>Yeah, I understand the whole emulation thing&#8230; but in the end this is still a tabletop rpg system, and I think making things balanced should come before emulating the games.</p> <p>EDIT: I personally think Peep should be a Support Skill, while Counter and Concentrate should be Command Skills. There's others that should be changed like that&#8230;</p> <br/>Forum category: <a href="http://zodiac-ffrpg.wikidot.com/forum/c-300922">ZODIAC Discussion / Core Rules</a><br/>Forum thread: <a href="http://zodiac-ffrpg.wikidot.com/forum/t-1071449/the-counter-support-skill">The Counter support skill</a>
				 	]]>
				</content:encoded>							</item>
					<item>
				<guid>http://zodiac-ffrpg.wikidot.com/forum/t-1071449#post-2192085</guid>
				<title>Re: The Counter support skill</title>
				<link>http://zodiac-ffrpg.wikidot.com/forum/t-1071449/the-counter-support-skill#post-2192085</link>
				<description></description>
				<pubDate>Tue, 30 Dec 2014 22:32:29 +0000</pubDate>
				<wikidot:authorName>Doresh</wikidot:authorName>				<wikidot:authorUserId>654492</wikidot:authorUserId>				<content:encoded>
					<![CDATA[
						 <p>Seeing how there is also no drawback in picking the Tech Counter that allows you to use any tech, and that Peep can be replaced entirely by a 1 MP Tech, it seems some Secondary Skill choices are more flavor and specific-FF-entry-emulation than anything.</p> <p>And I would say the Normal Attack Counter could be effective if you could drop your Command Skill and pick Concentrate instead.</p> <br/>Forum category: <a href="http://zodiac-ffrpg.wikidot.com/forum/c-300922">ZODIAC Discussion / Core Rules</a><br/>Forum thread: <a href="http://zodiac-ffrpg.wikidot.com/forum/t-1071449/the-counter-support-skill">The Counter support skill</a>
				 	]]>
				</content:encoded>							</item>
					<item>
				<guid>http://zodiac-ffrpg.wikidot.com/forum/t-1071449#post-2191293</guid>
				<title>Re: The Counter support skill</title>
				<link>http://zodiac-ffrpg.wikidot.com/forum/t-1071449/the-counter-support-skill#post-2191293</link>
				<description></description>
				<pubDate>Mon, 29 Dec 2014 17:51:59 +0000</pubDate>
				<wikidot:authorName>Aleph Ozone</wikidot:authorName>				<wikidot:authorUserId>1986833</wikidot:authorUserId>				<content:encoded>
					<![CDATA[
						 <p>I would say the &quot;burning mp faster&quot; thing isn't much of a problem, but this is just the way I play. I can understand why someone would want to use a Tech Counter instead of an X-Magic Counter&#8230;</p> <p>But I don't think it's fair for Tech Counters to have a worse chance of happening. Sure, they save mp, but they will never be as strong as X-Magic (1 attack tech vs. 2; 1 healing tech vs. a healing tech and a positive status effect). What I'm trying to say is, you could argue an X-Magic Counter having a better chance of success balances the fact they burn through more mp, but the mp burning is already balanced by being more powerful than normal techs, so the better chance of success makes it unfair for people who want to use normal techs instead of X-Magic&#8230;</p> <p>What you said about charge techs&#8230; that's an interesting point, I hadn't considered that. Now that is something I'd consider it being worth of giving Tech Counters a smaller chance of success, but it's not worth it if it means regular techs get the short end of the stick. I'd personally suggest Tech Counters having a 30% chance of success, unless it's a charge tech in which case it'd be only 20% chance of successs&#8230;</p> <p>A problem arises though: Normal Attack Counters become pointless, since they're not as strong as techs and would have the same chance of success&#8230; honestly, consdering how underwhelming normal attacks seem in ZODIAC (a problem that people here seem to be trying to fix) I'd give Normal Attack Counters a 50% chance of success, maybe more, maybe 45% or 40% if 50% is too overpowered, although I don't think it is&#8230; gotta test all this.</p> <br/>Forum category: <a href="http://zodiac-ffrpg.wikidot.com/forum/c-300922">ZODIAC Discussion / Core Rules</a><br/>Forum thread: <a href="http://zodiac-ffrpg.wikidot.com/forum/t-1071449/the-counter-support-skill">The Counter support skill</a>
				 	]]>
				</content:encoded>							</item>
					<item>
				<guid>http://zodiac-ffrpg.wikidot.com/forum/t-1071449#post-2190833</guid>
				<title>Re: The Counter support skill</title>
				<link>http://zodiac-ffrpg.wikidot.com/forum/t-1071449/the-counter-support-skill#post-2190833</link>
				<description></description>
				<pubDate>Sun, 28 Dec 2014 22:05:05 +0000</pubDate>
				<wikidot:authorName>Doresh</wikidot:authorName>				<wikidot:authorUserId>654492</wikidot:authorUserId>				<content:encoded>
					<![CDATA[
						 <p>Interesting observation. Going the X-Magic route does have a higher chance of triggering, but I would say this requires you to use two techs every time, with the increased MP. That burns through your MP fast.</p> <p>Tech Counters happen less often, but at least you don't have to Alpha Strike every time.</p> <p>Going by the rules, Tech Counters essentially let you use Charge Power Techs for free (sometimes, at least), whereas X-Magic only works on vanilla Techs with MP cost AFAIK.</p> <br/>Forum category: <a href="http://zodiac-ffrpg.wikidot.com/forum/c-300922">ZODIAC Discussion / Core Rules</a><br/>Forum thread: <a href="http://zodiac-ffrpg.wikidot.com/forum/t-1071449/the-counter-support-skill">The Counter support skill</a>
				 	]]>
				</content:encoded>							</item>
					<item>
				<guid>http://zodiac-ffrpg.wikidot.com/forum/t-1071449#post-2190809</guid>
				<title>The Counter support skill</title>
				<link>http://zodiac-ffrpg.wikidot.com/forum/t-1071449/the-counter-support-skill#post-2190809</link>
				<description></description>
				<pubDate>Sun, 28 Dec 2014 21:02:34 +0000</pubDate>
				<wikidot:authorName>Aleph Ozone</wikidot:authorName>				<wikidot:authorUserId>1986833</wikidot:authorUserId>				<content:encoded>
					<![CDATA[
						 <p>Counter</p> <p>You have a chance to counter an enemy's attack with one of your own. At creation, you must choose whether you want to counter attacks made with weapons or special attacks. Weapon attacks include all attacks made with weapons, including unarmed attacks, Weapon Techs, and weapon-related Command Skills such as Jump or Deathblow. Special attacks include various other Command Skills and Techs, such as Slots, Stat Breaks, and Magic Attack Techs. Special attacks may also include other forms of attack as the master sees fit - for example, a rod that fires bolts of energy may be considered a special attack, rather than a weapon attack. You must also choose one of the following methods to counter with:</p> <p>Normal attack (30% chance): You make a normal attack roll, dealing damage as normal if you hit.<br /> Command Skill (30% chance): Choose ANY Command Skill. It may be the Command Skill your character normally knows, or it may be a completely different one; the only restriction is that Chakra and Health are not allowed as Counter Skills. When the counter is activated, the Command Skill takes effect as it normally would.<br /> Tech (20% chance): You counter with a Tech, paying the MP cost as normal. You must either choose a specific Tech that you always counter with, or you may counter with any Tech you choose - this decision is up to the Master.<br /> Mirror Tech (20% chance): The attack you counter with is exactly the same as the one used by the attacker, but uses your Strength or Magic to determine its effects. You must pay any MP cost associated with the power. At the Master's option, a Mirror Tech may carry a different elemental affinity than the original attack, or it may automatically be of the opposing element. Mirror Techs cannot counter normal attacks.<br /> Using a Counter skill requires no expenditure of Speed Points. You do not have to counterattack if you do not wish to do so. Note that counterattacks cannot be countered in return.</p> <p><em>Ok, so&#8230; Why is it that using a Tech as a counter has a worse chance than using a Command Skill? I mean, considering you can counter with ANY Command Skill, not just the one you actually have, there's no reason to choose the Tech Counter when you can take the Command Counter and choose to counter with X-Magic. Not only will you be able to deal more damage, the chances of triggering the counter are better.</em></p> <br/>Forum category: <a href="http://zodiac-ffrpg.wikidot.com/forum/c-300922">ZODIAC Discussion / Core Rules</a><br/>Forum thread: <a href="http://zodiac-ffrpg.wikidot.com/forum/t-1071449/the-counter-support-skill">The Counter support skill</a>
				 	]]>
				</content:encoded>							</item>
					<item>
				<guid>http://zodiac-ffrpg.wikidot.com/forum/t-1049217#post-2188257</guid>
				<title>Re: Onion Knighting</title>
				<link>http://zodiac-ffrpg.wikidot.com/forum/t-1049217/onion-knighting#post-2188257</link>
				<description></description>
				<pubDate>Wed, 24 Dec 2014 23:31:50 +0000</pubDate>
				<wikidot:authorName>Aleph Ozone</wikidot:authorName>				<wikidot:authorUserId>1986833</wikidot:authorUserId>				<content:encoded>
					<![CDATA[
						 <p>Lol, making this part of Double Command&#8230; now that's something I want to try!</p> <br/>Forum category: <a href="http://zodiac-ffrpg.wikidot.com/forum/c-300923">ZODIAC Discussion / Optional Rules</a><br/>Forum thread: <a href="http://zodiac-ffrpg.wikidot.com/forum/t-1049217/onion-knighting">Onion Knighting</a>
				 	]]>
				</content:encoded>							</item>
					<item>
				<guid>http://zodiac-ffrpg.wikidot.com/forum/t-1062376#post-2187413</guid>
				<title>Re: New support skill - Double Command</title>
				<link>http://zodiac-ffrpg.wikidot.com/forum/t-1062376/new-support-skill-double-command#post-2187413</link>
				<description></description>
				<pubDate>Tue, 23 Dec 2014 19:08:04 +0000</pubDate>
				<wikidot:authorName>Regal Pinion</wikidot:authorName>				<wikidot:authorUserId>1119553</wikidot:authorUserId>				<content:encoded>
					<![CDATA[
						 <p>Now I'm just thinking of overpowered command combos:<br /> Morph and Chakra<br /> X-Magic and Runic<br /> Manipulate and Clone</p> <p>The list goes on&#8230; What have I done!?</p> <br/>Forum category: <a href="http://zodiac-ffrpg.wikidot.com/forum/c-300923">ZODIAC Discussion / Optional Rules</a><br/>Forum thread: <a href="http://zodiac-ffrpg.wikidot.com/forum/t-1062376/new-support-skill-double-command">New support skill - Double Command</a>
				 	]]>
				</content:encoded>							</item>
					<item>
				<guid>http://zodiac-ffrpg.wikidot.com/forum/t-1049217#post-2187399</guid>
				<title>Re: Onion Knighting</title>
				<link>http://zodiac-ffrpg.wikidot.com/forum/t-1049217/onion-knighting#post-2187399</link>
				<description></description>
				<pubDate>Tue, 23 Dec 2014 19:01:04 +0000</pubDate>
				<wikidot:authorName>Regal Pinion</wikidot:authorName>				<wikidot:authorUserId>1119553</wikidot:authorUserId>				<content:encoded>
					<![CDATA[
						 <p>Quirky story: I read this reply, then the reply to the &quot;Double Command&quot; and thought, &quot;Combine them. <em>BOOM!</em> Balanced.&quot;<br /> I see your point. I guess this really is Hard Mode. XD</p> <p>However, in terms of playtesting, it's something yet to be done on my end as well.</p> <br/>Forum category: <a href="http://zodiac-ffrpg.wikidot.com/forum/c-300923">ZODIAC Discussion / Optional Rules</a><br/>Forum thread: <a href="http://zodiac-ffrpg.wikidot.com/forum/t-1049217/onion-knighting">Onion Knighting</a>
				 	]]>
				</content:encoded>							</item>
					<item>
				<guid>http://zodiac-ffrpg.wikidot.com/forum/t-1049217#post-2187357</guid>
				<title>Re: Onion Knighting</title>
				<link>http://zodiac-ffrpg.wikidot.com/forum/t-1049217/onion-knighting#post-2187357</link>
				<description></description>
				<pubDate>Tue, 23 Dec 2014 17:37:29 +0000</pubDate>
				<wikidot:authorName>Aleph Ozone</wikidot:authorName>				<wikidot:authorUserId>1986833</wikidot:authorUserId>				<content:encoded>
					<![CDATA[
						 <p>Starting with a weaker character to have a stronger character eventually&#8230; I'd definetely like to try this, this is my type of character.</p> <p>Hmm&#8230; time for some math&#8230; if players start at level 5 (as common in rpg games), common players will have 54 points total, while Onion Knights will have 45. By level 10 this becomes 68 and 60.<br /> 15: 82 and 75<br /> 20: 96 and 90<br /> 25: 110 and 105<br /> 30: 124 and 120<br /> 35: 128 and 125<br /> 40: 142 and 140<br /> 45: 156 and 155<br /> 50: 170 and 170</p> <p>So they completely even out at level 50. The initial difference is only of 10 points (9 if starting at level 5) and then it decreases by 1 every 5 levels. Hmm, lemme continu the math a bit.<br /> 60: 199 and 201<br /> 70: 227 and 231<br /> 80: 255 and 262<br /> 90: 283 and 292<br /> 100: 311 and 322</p> <p>Hmm, I think the system is too underwhelming. Perhaps calculating the total instead of individual stats is creating some sort of illusion, but&#8230; while the difference between you and you allies is almost the same in the beggining and the end, proportionally I don't think it's worth it. You are significantly weaker in the beggining, but by the end your 11 extra points are next to meaningless&#8230; they're a &quot;winmore&quot;, like, there's nothing you'll be able to kill that you wouldn't be able to kill as a normal character, it'll just let you kill them faster.</p> <p>Well, that's what I think at least, but I haven't playtested yet it or anything, so of course i might be wrong&#8230;</p> <br/>Forum category: <a href="http://zodiac-ffrpg.wikidot.com/forum/c-300923">ZODIAC Discussion / Optional Rules</a><br/>Forum thread: <a href="http://zodiac-ffrpg.wikidot.com/forum/t-1049217/onion-knighting">Onion Knighting</a>
				 	]]>
				</content:encoded>							</item>
					<item>
				<guid>http://zodiac-ffrpg.wikidot.com/forum/t-1062376#post-2187324</guid>
				<title>Re: New support skill - Double Command</title>
				<link>http://zodiac-ffrpg.wikidot.com/forum/t-1062376/new-support-skill-double-command#post-2187324</link>
				<description></description>
				<pubDate>Tue, 23 Dec 2014 16:38:31 +0000</pubDate>
				<wikidot:authorName>Aleph Ozone</wikidot:authorName>				<wikidot:authorUserId>1986833</wikidot:authorUserId>				<content:encoded>
					<![CDATA[
						 <p>Hmmm&#8230; I think it's overpowered. Support Skills are supposed to be inferior to Command Skills, so sacrificing a Support for a Command&#8230; if it were the other way around, I'd totally agree, but I just think this way it's overpowered&#8230; of course, sometimes overpowered is cool. I like overpowered, actually. And this should allow a character to have Dice and Slots at the same time!</p> <br/>Forum category: <a href="http://zodiac-ffrpg.wikidot.com/forum/c-300923">ZODIAC Discussion / Optional Rules</a><br/>Forum thread: <a href="http://zodiac-ffrpg.wikidot.com/forum/t-1062376/new-support-skill-double-command">New support skill - Double Command</a>
				 	]]>
				</content:encoded>							</item>
					<item>
				<guid>http://zodiac-ffrpg.wikidot.com/forum/t-867818#post-2187082</guid>
				<title>Re: A little something for Zodiac...</title>
				<link>http://zodiac-ffrpg.wikidot.com/forum/t-867818/a-little-something-for-zodiac#post-2187082</link>
				<description></description>
				<pubDate>Tue, 23 Dec 2014 07:13:37 +0000</pubDate>
				<wikidot:authorName>Regal Pinion</wikidot:authorName>				<wikidot:authorUserId>1119553</wikidot:authorUserId>				<content:encoded>
					<![CDATA[
						 <p>So my new album, Shadow Plays, can be bought online at <a href="https://regalpinion.bandcamp.com/album/shadow-plays">https://regalpinion.bandcamp.com/album/shadow-plays</a> for $2.00</p> <p>BUT, the real reasoning behind this post is because one of the tracks is a song from the perspective of Kefka Palazzo called &quot;Kafkaesque&quot;.<br /> <a href="https://soundcloud.com/regal-pinion/kafkaesque">https://soundcloud.com/regal-pinion/kafkaesque</a><br /> I hope you all enjoy this.</p> <p>(Also for those who don't want to pay the full $2.00 but want to buy the album, the discount code is <em>crowcode</em> for fifty percent off. Lasts until 1/1/15.)</p> <p>Either way all y'all enjoy yourselves and end this year on an awesome note. :)</p> <br/>Forum category: <a href="http://zodiac-ffrpg.wikidot.com/forum/c-539515">ZODIAC Discussion / General Discussion</a><br/>Forum thread: <a href="http://zodiac-ffrpg.wikidot.com/forum/t-867818/a-little-something-for-zodiac">A little something for Zodiac...</a>
				 	]]>
				</content:encoded>							</item>
					<item>
				<guid>http://zodiac-ffrpg.wikidot.com/forum/t-1062376#post-2185714</guid>
				<title>Re: New support skill - Double Command</title>
				<link>http://zodiac-ffrpg.wikidot.com/forum/t-1062376/new-support-skill-double-command#post-2185714</link>
				<description></description>
				<pubDate>Sun, 21 Dec 2014 14:45:35 +0000</pubDate>
				<wikidot:authorName>Doresh</wikidot:authorName>				<wikidot:authorUserId>654492</wikidot:authorUserId>				<content:encoded>
					<![CDATA[
						 <p>Now that sounds neat. I wonder if the reverse also works :3</p> <p>And man, it's been a while since I've been here o_O</p> <br/>Forum category: <a href="http://zodiac-ffrpg.wikidot.com/forum/c-300923">ZODIAC Discussion / Optional Rules</a><br/>Forum thread: <a href="http://zodiac-ffrpg.wikidot.com/forum/t-1062376/new-support-skill-double-command">New support skill - Double Command</a>
				 	]]>
				</content:encoded>							</item>
					<item>
				<guid>http://zodiac-ffrpg.wikidot.com/forum/t-1062376#post-2175668</guid>
				<title>New support skill - Double Command</title>
				<link>http://zodiac-ffrpg.wikidot.com/forum/t-1062376/new-support-skill-double-command#post-2175668</link>
				<description></description>
				<pubDate>Tue, 09 Dec 2014 21:39:28 +0000</pubDate>
				<wikidot:authorName>Regal Pinion</wikidot:authorName>				<wikidot:authorUserId>1119553</wikidot:authorUserId>				<content:encoded>
					<![CDATA[
						 <p><strong>Double Command</strong> allows the character to have two command skills instead of one.</p> <p>Essentially it's sacrificing the chance to have a support skill for another command skill.</p> <p>That's it. Simple and effective.</p> <br/>Forum category: <a href="http://zodiac-ffrpg.wikidot.com/forum/c-300923">ZODIAC Discussion / Optional Rules</a><br/>Forum thread: <a href="http://zodiac-ffrpg.wikidot.com/forum/t-1062376/new-support-skill-double-command">New support skill - Double Command</a>
				 	]]>
				</content:encoded>							</item>
					<item>
				<guid>http://zodiac-ffrpg.wikidot.com/forum/t-444949#post-2155523</guid>
				<title>Re: Introduce yourself, fellow ZODIAC gamer</title>
				<link>http://zodiac-ffrpg.wikidot.com/forum/t-444949/introduce-yourself-fellow-zodiac-gamer#post-2155523</link>
				<description></description>
				<pubDate>Thu, 13 Nov 2014 09:22:24 +0000</pubDate>
				<wikidot:authorName>Sulthar</wikidot:authorName>				<wikidot:authorUserId>1954290</wikidot:authorUserId>				<content:encoded>
					<![CDATA[
						 <p>I play the system for 2 months now and all the questions were bin answered within 3-4 days. Personnally, I have a games session every week so that answer rate is far than enough for me :) If you have some suggestions/modifications to the system just post them&#8230; discussion will follow :) And feel free to create your own creatures, the data base will propably grow faster that way.</p> <br/>Forum category: <a href="http://zodiac-ffrpg.wikidot.com/forum/c-539515">ZODIAC Discussion / General Discussion</a><br/>Forum thread: <a href="http://zodiac-ffrpg.wikidot.com/forum/t-444949/introduce-yourself-fellow-zodiac-gamer">Introduce yourself, fellow ZODIAC gamer</a>
				 	]]>
				</content:encoded>							</item>
					<item>
				<guid>http://zodiac-ffrpg.wikidot.com/forum/t-444949#post-2152220</guid>
				<title>Re: Introduce yourself, fellow ZODIAC gamer</title>
				<link>http://zodiac-ffrpg.wikidot.com/forum/t-444949/introduce-yourself-fellow-zodiac-gamer#post-2152220</link>
				<description></description>
				<pubDate>Sun, 09 Nov 2014 12:03:04 +0000</pubDate>
				<wikidot:authorName>Aleph Ozone</wikidot:authorName>				<wikidot:authorUserId>1986833</wikidot:authorUserId>				<content:encoded>
					<![CDATA[
						 <p>Yeah, thanks, I understand now.</p> <p>And thanks, it's a relief (what you said about me not worrying).</p> <p>I can't wait to play this!</p> <br/>Forum category: <a href="http://zodiac-ffrpg.wikidot.com/forum/c-539515">ZODIAC Discussion / General Discussion</a><br/>Forum thread: <a href="http://zodiac-ffrpg.wikidot.com/forum/t-444949/introduce-yourself-fellow-zodiac-gamer">Introduce yourself, fellow ZODIAC gamer</a>
				 	]]>
				</content:encoded>							</item>
					<item>
				<guid>http://zodiac-ffrpg.wikidot.com/forum/t-444949#post-2150378</guid>
				<title>Re: Introduce yourself, fellow ZODIAC gamer</title>
				<link>http://zodiac-ffrpg.wikidot.com/forum/t-444949/introduce-yourself-fellow-zodiac-gamer#post-2150378</link>
				<description></description>
				<pubDate>Thu, 06 Nov 2014 20:31:49 +0000</pubDate>
				<wikidot:authorName>Regal Pinion</wikidot:authorName>				<wikidot:authorUserId>1119553</wikidot:authorUserId>				<content:encoded>
					<![CDATA[
						 <p>Don't think of the Strength Dice and AP as &quot;Pure physical&quot; think of them as a separate entity from whatever your techs/magics are.<br /> The best way to look at it is thinking of the Strength and Weapon AP as how competent a character is in combat when using the weapon.<br /> The reason being is that if one was to take it literally then they'd have a tough time explaining how greater strength improves damages shot by a gun or crossbow. There is also the fact that it makes the game more balanced, while making stats as simple as possible.</p> <p>Also, don't worry about the death of this site it tends to work in bursts, leaps, and bounds.</p> <p>On a final note, despite everything written above these rules are not set in stone. So play test it a bit, don't be afraid to experiment and perhaps share your results.</p> <p>Hope this helps. :)</p> <br/>Forum category: <a href="http://zodiac-ffrpg.wikidot.com/forum/c-539515">ZODIAC Discussion / General Discussion</a><br/>Forum thread: <a href="http://zodiac-ffrpg.wikidot.com/forum/t-444949/introduce-yourself-fellow-zodiac-gamer">Introduce yourself, fellow ZODIAC gamer</a>
				 	]]>
				</content:encoded>							</item>
					<item>
				<guid>http://zodiac-ffrpg.wikidot.com/forum/t-1049217#post-2149362</guid>
				<title>Onion Knighting</title>
				<link>http://zodiac-ffrpg.wikidot.com/forum/t-1049217/onion-knighting#post-2149362</link>
				<description></description>
				<pubDate>Wed, 05 Nov 2014 19:08:32 +0000</pubDate>
				<wikidot:authorName>Regal Pinion</wikidot:authorName>				<wikidot:authorUserId>1119553</wikidot:authorUserId>				<content:encoded>
					<![CDATA[
						 <p>I want to let you know this is not play tested, but I really want it to be.</p> <p>The idea behind Onion Knighting is essentially starting the game in &quot;Hard Mode&quot; but as levels progress they gain more points than usual.<br /> As such I named it after the class that's often most difficult to raise but ends with great stats.</p> <p>Alright let's do this</p> <p>When a player &quot;Onion Knights&quot; his character he chooses 15 instead of 25 points to allocate between his five stats.<br /> Upon leveling up he has 3 bonus points to apply to his stats just like normal leveling.<br /> Every fifth level they gain a bonus of +3 to all stats in lieu of +2<br /> At level 60 they gain an additional bonus point for leveling up, just like normal.<br /> At level 75 they gain yet another additional bonus point for leveling up.</p> <p>Too broken? Too hard? Let me know!</p> <br/>Forum category: <a href="http://zodiac-ffrpg.wikidot.com/forum/c-300923">ZODIAC Discussion / Optional Rules</a><br/>Forum thread: <a href="http://zodiac-ffrpg.wikidot.com/forum/t-1049217/onion-knighting">Onion Knighting</a>
				 	]]>
				</content:encoded>							</item>
					<item>
				<guid>http://zodiac-ffrpg.wikidot.com/forum/t-444949#post-2146518</guid>
				<title>Re: Introduce yourself, fellow ZODIAC gamer</title>
				<link>http://zodiac-ffrpg.wikidot.com/forum/t-444949/introduce-yourself-fellow-zodiac-gamer#post-2146518</link>
				<description></description>
				<pubDate>Sun, 02 Nov 2014 12:50:35 +0000</pubDate>
				<wikidot:authorName>Aleph Ozone</wikidot:authorName>				<wikidot:authorUserId>1986833</wikidot:authorUserId>				<content:encoded>
					<![CDATA[
						 <p>Uh&#8230; hi, uh. I'm bad with introductions. Hi all, I'm Aleph.</p> <p>I&#8230; think this is all amazing. This system is amazing. Although it has some bits where it needs to be fixed, it seems things are slowly progressing, so that's good!</p> <p>I really, really like this all, and I'd like to run a game with this system for my friends. I just wish this place wasn't so&#8230; quiet, I guess. It's not dead, nor abandoned, but it sure feels like it.</p> <p>I'm sorry, I apologise, I don't want to be rude. Anyway. I figured if I wanted this place to be more lively, I should start by giving it a bit of life myself. It'd be great to see even a single person answer to me. Although the site tells me that there was activity here 5 days ago&#8230; that's not too long ago&#8230; though not what I'd call an active site.</p> <p>I'm sorry again. Excuse my pessimism. This is just so awesome, and I'm just so afraid of what'd happen if this was abandoned.</p> <p>I'm currently making my own character, so I can test this system. Like many other ZODIAC fans, I'm a Kingdom Hearts fan, and the rp I was planning for my friends was exactly a Kingdom Hearts rp. I'm actually surprised there weren't Shadows in the &quot;Monsters&quot; page, but I guess I'll just make the necessary heartless myself. It'd just be better for me to make the enemies if it weren't for the fact I've never actually played in this system, as of yet.</p> <p>EDIT: I have a question. If my &quot;weapon&quot; is essentially magic - like Xenmas' laser swords - can I then attack with Magic Dice and MAP instead of Strenght Dice and AP?</p> <br/>Forum category: <a href="http://zodiac-ffrpg.wikidot.com/forum/c-539515">ZODIAC Discussion / General Discussion</a><br/>Forum thread: <a href="http://zodiac-ffrpg.wikidot.com/forum/t-444949/introduce-yourself-fellow-zodiac-gamer">Introduce yourself, fellow ZODIAC gamer</a>
				 	]]>
				</content:encoded>							</item>
					<item>
				<guid>http://zodiac-ffrpg.wikidot.com/forum/t-444949#post-2142083</guid>
				<title>Re: Introduce yourself, fellow ZODIAC gamer</title>
				<link>http://zodiac-ffrpg.wikidot.com/forum/t-444949/introduce-yourself-fellow-zodiac-gamer#post-2142083</link>
				<description></description>
				<pubDate>Mon, 27 Oct 2014 16:39:49 +0000</pubDate>
				<wikidot:authorName>Chronotaur</wikidot:authorName>				<wikidot:authorUserId>2002791</wikidot:authorUserId>				<content:encoded>
					<![CDATA[
						 <p>This banding system is truly amazing. I had not thought of it at all but with the way I began my current game it can (and will) be implemented easily!</p> <br/>Forum category: <a href="http://zodiac-ffrpg.wikidot.com/forum/c-539515">ZODIAC Discussion / General Discussion</a><br/>Forum thread: <a href="http://zodiac-ffrpg.wikidot.com/forum/t-444949/introduce-yourself-fellow-zodiac-gamer">Introduce yourself, fellow ZODIAC gamer</a>
				 	]]>
				</content:encoded>							</item>
					<item>
				<guid>http://zodiac-ffrpg.wikidot.com/forum/t-454101#post-2141499</guid>
				<title>Re: regen</title>
				<link>http://zodiac-ffrpg.wikidot.com/forum/t-454101/regen#post-2141499</link>
				<description></description>
				<pubDate>Sun, 26 Oct 2014 21:45:56 +0000</pubDate>
				<wikidot:authorName>Chronotaur</wikidot:authorName>				<wikidot:authorUserId>2002791</wikidot:authorUserId>				<content:encoded>
					<![CDATA[
						 <p>In my honest opinion I see where you're coming from, but I agree with Froggotten. The tech seems too expensive at early levels, but leveling is pretty quick and by the time you are level 20+ it becomes extremely powerful. Not to mention that Regen SHOULD technically be an advanced spell, rather than an early spell.</p> <br/>Forum category: <a href="http://zodiac-ffrpg.wikidot.com/forum/c-300922">ZODIAC Discussion / Core Rules</a><br/>Forum thread: <a href="http://zodiac-ffrpg.wikidot.com/forum/t-454101/regen">regen</a>
				 	]]>
				</content:encoded>							</item>
					<item>
				<guid>http://zodiac-ffrpg.wikidot.com/forum/t-444949#post-2133931</guid>
				<title>Re: Introduce yourself, fellow ZODIAC gamer</title>
				<link>http://zodiac-ffrpg.wikidot.com/forum/t-444949/introduce-yourself-fellow-zodiac-gamer#post-2133931</link>
				<description></description>
				<pubDate>Sat, 18 Oct 2014 00:45:20 +0000</pubDate>
				<wikidot:authorName>Sulthar</wikidot:authorName>				<wikidot:authorUserId>1954290</wikidot:authorUserId>				<content:encoded>
					<![CDATA[
						 <p>66 mp for a combined 3 person attack for only a tech 4 result? I mean does all of them do the tech 4 damage one after the other or its one single 'big' attack ? Because 66 mp for a tech that would cost 21 usually MUST have an advantage no?</p> <br/>Forum category: <a href="http://zodiac-ffrpg.wikidot.com/forum/c-539515">ZODIAC Discussion / General Discussion</a><br/>Forum thread: <a href="http://zodiac-ffrpg.wikidot.com/forum/t-444949/introduce-yourself-fellow-zodiac-gamer">Introduce yourself, fellow ZODIAC gamer</a>
				 	]]>
				</content:encoded>							</item>
					<item>
				<guid>http://zodiac-ffrpg.wikidot.com/forum/t-444949#post-2130571</guid>
				<title>Re: Introduce yourself, fellow ZODIAC gamer</title>
				<link>http://zodiac-ffrpg.wikidot.com/forum/t-444949/introduce-yourself-fellow-zodiac-gamer#post-2130571</link>
				<description></description>
				<pubDate>Mon, 13 Oct 2014 10:25:55 +0000</pubDate>
				<wikidot:authorName>DFroGGotten1</wikidot:authorName>				<wikidot:authorUserId>498563</wikidot:authorUserId>				<content:encoded>
					<![CDATA[
						 <p>Banding (C-C-C-C-COMBONATION ATTACK!)</p> <p>Banding was introduced into one Final Fantasy game&#8230; Final Fantasy IV: The After Years. But it was introduced far before that. It was introduced in Chrono Trigger as 'Dual Tech' and 'Triple Tech'. But either way means the same: An attack created by two or more combatants. I have developed these Banding rules for ZODIAC Final Fantasy RPG.</p> <p>First, the two or more PCs must decide which tech of each player's choice the Banding tech will derived from. Next, the Players must create a tech with a tech level equal to (Average Tech Level between all Techs involved + Banding Modifier). The banding Modifier depends on how many participants are involved with the Banding Tech, to a maximum of Five. See below:</p> <p>Two to Three Players: +1 Tech Level<br /> Four to Five Players: +2 Tech Levels</p> <p>Then, they need to figure out how much the banding Tech will cost to each participant. This cost is equal to (sum of all Techs MP + 5) / # of Partipants. Let's give an example with a three participant Banding Tech, using some alraedy created characters.</p> <p>Ktjn, Cid, and Blank want to create a banding tech out of the following Techs. Ktjn's 'Tower Card' (Level 3 Strong Attack Magic w/ Lightning Elemental: Cost 14 MP) + Cid's Wind Shot (Level 3 Medium Attack Magic w/ Wind Elemental + Lesser Sleep: Cost 19 MP) + Blank's Suprathermal Busterblast (Level 3 Strong Power Attack w/ Fire Elemental + Lesser Poison + Area Effect: Cost 29 MP). They decide that the Banding Tech should be an Strong Attack Magic with Banding, Area Effect, and Multiple Element (Fire, Wind, and Lightning). Blank's player wants to call it 'Tempermental Natural Disaster'. Ktjn's player and Cid's player agrees to the name. Now, They add the average of their Techs (3) to the Banding Modifier (+1) to get a Level 4 Tech. Then they figure the MP cost of the tech that is deducted from each of them to use this mega-tech. ((14 + 19 + 29 + 5)/3) = 22 Mp cost from each of them.</p> <p>Banding Techs may include 3 Secondaries and an Elemental (excluding Element Choice and Multi-Element)</p> <p>The banding Tech activates on the slowest person's turn, but each participant pays their 8 SP (unless slowed or hasted, in which they pay 2 more or 2 less), or, if the Banding Tech has Charge Power, they Pay 8+(SP Cost/# of Participants +1)</p> <p>If creating a Banding tech that uses magic attack rolls, add 5 points to the average of the characters's MACC. For each character beyond the two-character tech, add another 5 MACC.</p> <p>and That's all you need to create a Banding techs.</p> <br/>Forum category: <a href="http://zodiac-ffrpg.wikidot.com/forum/c-539515">ZODIAC Discussion / General Discussion</a><br/>Forum thread: <a href="http://zodiac-ffrpg.wikidot.com/forum/t-444949/introduce-yourself-fellow-zodiac-gamer">Introduce yourself, fellow ZODIAC gamer</a>
				 	]]>
				</content:encoded>							</item>
					<item>
				<guid>http://zodiac-ffrpg.wikidot.com/forum/t-444949#post-2124682</guid>
				<title>Re: Introduce yourself, fellow ZODIAC gamer</title>
				<link>http://zodiac-ffrpg.wikidot.com/forum/t-444949/introduce-yourself-fellow-zodiac-gamer#post-2124682</link>
				<description></description>
				<pubDate>Sun, 05 Oct 2014 01:03:54 +0000</pubDate>
				<wikidot:authorName>DFroGGotten1</wikidot:authorName>				<wikidot:authorUserId>498563</wikidot:authorUserId>				<content:encoded>
					<![CDATA[
						 <p>We have a system for 'Banding', which is similar to the Chrono Trigger concept. I developed it, but it's on another computer. I'll post up the rules here sometime tomorrow.</p> <br/>Forum category: <a href="http://zodiac-ffrpg.wikidot.com/forum/c-539515">ZODIAC Discussion / General Discussion</a><br/>Forum thread: <a href="http://zodiac-ffrpg.wikidot.com/forum/t-444949/introduce-yourself-fellow-zodiac-gamer">Introduce yourself, fellow ZODIAC gamer</a>
				 	]]>
				</content:encoded>							</item>
					<item>
				<guid>http://zodiac-ffrpg.wikidot.com/forum/t-444949#post-2123684</guid>
				<title>Re: Introduce yourself, fellow ZODIAC gamer</title>
				<link>http://zodiac-ffrpg.wikidot.com/forum/t-444949/introduce-yourself-fellow-zodiac-gamer#post-2123684</link>
				<description></description>
				<pubDate>Fri, 03 Oct 2014 08:50:48 +0000</pubDate>
				<wikidot:authorName>Sulthar</wikidot:authorName>				<wikidot:authorUserId>1954290</wikidot:authorUserId>				<content:encoded>
					<![CDATA[
						 <p>Basicly in the manga, SAO is a computer game that uses neutral headgear to directly immerge the player into the game. When the game started the mad genius that created the game removed any ways to logoff and held captive all the players. The only way to escape is to beat the game, naturally if you die in the game, you die in real life as well. So the game has 200 'levels' each levels, flat peice of land, has their own climate/monster/ressources and is help together but a middle link wich is protected by a boss encouter. Now just imagine what you can do as a game master to set your players off-guard! So players know about their stats, can give each other tips about them and might just combine their strenghts to get a blasting force! So as I GM I want to always improve their playing experience by improving the game system as well.</p> <p>Any of you though about merging techs? when 2 characters cast spells at same time to make them one super tech? I like in Chrono Cross! Anyways! Im here if you got ideas!</p> <br/>Forum category: <a href="http://zodiac-ffrpg.wikidot.com/forum/c-539515">ZODIAC Discussion / General Discussion</a><br/>Forum thread: <a href="http://zodiac-ffrpg.wikidot.com/forum/t-444949/introduce-yourself-fellow-zodiac-gamer">Introduce yourself, fellow ZODIAC gamer</a>
				 	]]>
				</content:encoded>							</item>
					<item>
				<guid>http://zodiac-ffrpg.wikidot.com/forum/t-454101#post-2122689</guid>
				<title>Re: regen</title>
				<link>http://zodiac-ffrpg.wikidot.com/forum/t-454101/regen#post-2122689</link>
				<description></description>
				<pubDate>Wed, 01 Oct 2014 22:10:41 +0000</pubDate>
				<wikidot:authorName>DFroGGotten1</wikidot:authorName>				<wikidot:authorUserId>498563</wikidot:authorUserId>				<content:encoded>
					<![CDATA[
						 <p>I'll ponder on that. Might have to ask the ZODIAC FFRPG veterans (they have been both Masters and Players for many campaigns) about their thought on it too.</p> <br/>Forum category: <a href="http://zodiac-ffrpg.wikidot.com/forum/c-300922">ZODIAC Discussion / Core Rules</a><br/>Forum thread: <a href="http://zodiac-ffrpg.wikidot.com/forum/t-454101/regen">regen</a>
				 	]]>
				</content:encoded>							</item>
					<item>
				<guid>http://zodiac-ffrpg.wikidot.com/forum/t-444949#post-2122106</guid>
				<title>Re: Introduce yourself, fellow ZODIAC gamer</title>
				<link>http://zodiac-ffrpg.wikidot.com/forum/t-444949/introduce-yourself-fellow-zodiac-gamer#post-2122106</link>
				<description></description>
				<pubDate>Wed, 01 Oct 2014 02:19:12 +0000</pubDate>
				<wikidot:authorName>DFroGGotten1</wikidot:authorName>				<wikidot:authorUserId>498563</wikidot:authorUserId>				<content:encoded>
					<![CDATA[
						 <p>first things first&#8230;<br /> Greetings and Salutations! Welcome to the ZODIAC Community!<br /> As for your request, I have never seen, nor read, SAO. But I can give you the Character sheets!<br /> Let me upload them right quick..</p> <p>EDIT: Here you go!<br /> <a href="http://zodiac-ffrpg.wikidot.com/local--files/forum:thread/ZFFRPG-CS_Basic">Basic Layout</a><br /> <a href="http://zodiac-ffrpg.wikidot.com/local--files/forum:thread/ZFFRPG-CS_TablesNTables">Tables within Tables</a><br /> <a href="http://zodiac-ffrpg.wikidot.com/local--files/forum:thread/ZFFRPG-CS_DNDish">DND-ish</a></p> <p>And for extra helpings&#8230;<br /> <a href="http://zodiac-ffrpg.wikidot.com/local--files/forum:thread/ZFFRPG-Master%20Aids">Master Aids</a></p> <br/>Forum category: <a href="http://zodiac-ffrpg.wikidot.com/forum/c-539515">ZODIAC Discussion / General Discussion</a><br/>Forum thread: <a href="http://zodiac-ffrpg.wikidot.com/forum/t-444949/introduce-yourself-fellow-zodiac-gamer">Introduce yourself, fellow ZODIAC gamer</a>
				 	]]>
				</content:encoded>							</item>
					<item>
				<guid>http://zodiac-ffrpg.wikidot.com/forum/t-454101#post-2112377</guid>
				<title>Re: regen</title>
				<link>http://zodiac-ffrpg.wikidot.com/forum/t-454101/regen#post-2112377</link>
				<description></description>
				<pubDate>Thu, 18 Sep 2014 08:30:47 +0000</pubDate>
				<wikidot:authorName>Sulthar</wikidot:authorName>				<wikidot:authorUserId>1954290</wikidot:authorUserId>				<content:encoded>
					<![CDATA[
						 <p>Why not just create a lv 2 of 5%? The rules are open, just play with em! At the end your game master has the final verdict on the powers :)</p> <br/>Forum category: <a href="http://zodiac-ffrpg.wikidot.com/forum/c-300922">ZODIAC Discussion / Core Rules</a><br/>Forum thread: <a href="http://zodiac-ffrpg.wikidot.com/forum/t-454101/regen">regen</a>
				 	]]>
				</content:encoded>							</item>
					<item>
				<guid>http://zodiac-ffrpg.wikidot.com/forum/t-444949#post-2112374</guid>
				<title>Re: Introduce yourself, fellow ZODIAC gamer</title>
				<link>http://zodiac-ffrpg.wikidot.com/forum/t-444949/introduce-yourself-fellow-zodiac-gamer#post-2112374</link>
				<description></description>
				<pubDate>Thu, 18 Sep 2014 08:20:04 +0000</pubDate>
				<wikidot:authorName>Sulthar</wikidot:authorName>				<wikidot:authorUserId>1954290</wikidot:authorUserId>				<content:encoded>
					<![CDATA[
						 <p>Hey! I'm Sulthar from Québec, Canada! I'm starting a tabletop game with some friends using this system. I am trying to fit the system into a <em>Sword Art Online</em> setting! If any of you know the manga feel free to comment! Im open to suggestions/tips ideas and I can give some ideas i got on my side! I can't have a hand on character sheets (links are dead) si I'm making my own for the moment.</p> <br/>Forum category: <a href="http://zodiac-ffrpg.wikidot.com/forum/c-539515">ZODIAC Discussion / General Discussion</a><br/>Forum thread: <a href="http://zodiac-ffrpg.wikidot.com/forum/t-444949/introduce-yourself-fellow-zodiac-gamer">Introduce yourself, fellow ZODIAC gamer</a>
				 	]]>
				</content:encoded>							</item>
					<item>
				<guid>http://zodiac-ffrpg.wikidot.com/forum/t-444949#post-2108024</guid>
				<title>Re: Introduce yourself, fellow ZODIAC gamer</title>
				<link>http://zodiac-ffrpg.wikidot.com/forum/t-444949/introduce-yourself-fellow-zodiac-gamer#post-2108024</link>
				<description></description>
				<pubDate>Fri, 12 Sep 2014 00:56:44 +0000</pubDate>
				<wikidot:authorName>DFroGGotten1</wikidot:authorName>				<wikidot:authorUserId>498563</wikidot:authorUserId>				<content:encoded>
					<![CDATA[
						 <p>Greetings and salutations from Lord Froggotten<br /> Forgive my absence, Life can be a cruel, hard, glass infested dirt road, and you have to walk barefoot&#8230; for mles.<br /> Moving on, I'm finally back and bringing forth material soon. BEASTIE BOOK -A Taste of Monstery Goodness (5-monster demo doc) will be gracing the download section soon, and the class builds, and other resources, will be expanded and appended on. Any suggestion, comments, or critique is gladly accepted. Hope for a better ZODIAC site in the meantime.</p> <br/>Forum category: <a href="http://zodiac-ffrpg.wikidot.com/forum/c-539515">ZODIAC Discussion / General Discussion</a><br/>Forum thread: <a href="http://zodiac-ffrpg.wikidot.com/forum/t-444949/introduce-yourself-fellow-zodiac-gamer">Introduce yourself, fellow ZODIAC gamer</a>
				 	]]>
				</content:encoded>							</item>
					<item>
				<guid>http://zodiac-ffrpg.wikidot.com/forum/t-444949#post-2095709</guid>
				<title>Re: Introduce yourself, fellow ZODIAC gamer</title>
				<link>http://zodiac-ffrpg.wikidot.com/forum/t-444949/introduce-yourself-fellow-zodiac-gamer#post-2095709</link>
				<description></description>
				<pubDate>Sun, 24 Aug 2014 07:05:50 +0000</pubDate>
				<wikidot:authorName>Regal Pinion</wikidot:authorName>				<wikidot:authorUserId>1119553</wikidot:authorUserId>				<content:encoded>
					<![CDATA[
						 <p>Hello, Mooglemaster.</p> <p>Pleasure to meet you.</p> <br/>Forum category: <a href="http://zodiac-ffrpg.wikidot.com/forum/c-539515">ZODIAC Discussion / General Discussion</a><br/>Forum thread: <a href="http://zodiac-ffrpg.wikidot.com/forum/t-444949/introduce-yourself-fellow-zodiac-gamer">Introduce yourself, fellow ZODIAC gamer</a>
				 	]]>
				</content:encoded>							</item>
					<item>
				<guid>http://zodiac-ffrpg.wikidot.com/forum/t-444949#post-2077873</guid>
				<title>Re: Introduce yourself, fellow ZODIAC gamer</title>
				<link>http://zodiac-ffrpg.wikidot.com/forum/t-444949/introduce-yourself-fellow-zodiac-gamer#post-2077873</link>
				<description></description>
				<pubDate>Wed, 30 Jul 2014 03:25:58 +0000</pubDate>
				<wikidot:authorName>MooglemasterVI</wikidot:authorName>				<wikidot:authorUserId>1360056</wikidot:authorUserId>				<content:encoded>
					<![CDATA[
						 <p>Hello much vacant Wikidot of Awesomeness known as Zodiac FFRPG. As Square-Enix (aka. Squeenix) continues to pump out crappy game after crappy game (That is what happens when you merge with rival company and fire the staff of the best JRPG Franchise of all time and replace it with people not connected to it in anyway), a resurgence needs to occur from those of us who still hold dear the true essence of what Final Fantasy once was need to rise up. Obviously Squeenix doesn't care anymore about us, they have a new generation of MMOrons who love their overly cinematic 120hr intro movies leading into a chance for openness(Yes FFXII I am talking about you) and poorly executed combat systems(FFX-2). Zodiac needs to re-emerge! Those of us who grew up on the Final Fantasy series(under Square Soft) have to have something to quell the desire of epic storyline and tactical combat (not to mention random encounters). Modern video game makers don't seem to care anymore, leaving us to go back to our other love PnP RPG's. What better way to get both than this magnificent game! I have been working on trying to build my own FF based PnP and ran across Zodiac. Do I agree with it 100% no, but that is what house rules are for. I wish I had gotten on board 7 years ago while it was still more active. I just hope there is someone still there who is paying attention. I look forward to building a campaign based on FFVI and will try to post any info I can on here for everyone to use as well.</p> <p>By the way I am Mooglemaster. Happy Gaming!</p> <br/>Forum category: <a href="http://zodiac-ffrpg.wikidot.com/forum/c-539515">ZODIAC Discussion / General Discussion</a><br/>Forum thread: <a href="http://zodiac-ffrpg.wikidot.com/forum/t-444949/introduce-yourself-fellow-zodiac-gamer">Introduce yourself, fellow ZODIAC gamer</a>
				 	]]>
				</content:encoded>							</item>
					<item>
				<guid>http://zodiac-ffrpg.wikidot.com/forum/t-867818#post-2042678</guid>
				<title>A little something for Zodiac...</title>
				<link>http://zodiac-ffrpg.wikidot.com/forum/t-867818/a-little-something-for-zodiac#post-2042678</link>
				<description></description>
				<pubDate>Sat, 31 May 2014 10:27:41 +0000</pubDate>
				<wikidot:authorName>Regal Pinion</wikidot:authorName>				<wikidot:authorUserId>1119553</wikidot:authorUserId>				<content:encoded>
					<![CDATA[
						 <p>A song I wrote and recorded about some of the Final Fantasy games we know and love.<br /> Let's just hope I'm no spoony bard.</p> <p><a href="https://www.youtube.com/watch?v=5i00lJl2PbA">https://www.youtube.com/watch?v=5i00lJl2PbA</a></p> <p>I hope you all enjoy it. :)</p> <br/>Forum category: <a href="http://zodiac-ffrpg.wikidot.com/forum/c-539515">ZODIAC Discussion / General Discussion</a><br/>Forum thread: <a href="http://zodiac-ffrpg.wikidot.com/forum/t-867818/a-little-something-for-zodiac">A little something for Zodiac...</a>
				 	]]>
				</content:encoded>							</item>
					<item>
				<guid>http://zodiac-ffrpg.wikidot.com/forum/t-471015#post-2031038</guid>
				<title>Re: Blue Magic!</title>
				<link>http://zodiac-ffrpg.wikidot.com/forum/t-471015/blue-magic#post-2031038</link>
				<description></description>
				<pubDate>Tue, 13 May 2014 06:14:58 +0000</pubDate>
				<wikidot:authorName>Regal Pinion</wikidot:authorName>				<wikidot:authorUserId>1119553</wikidot:authorUserId>				<content:encoded>
					<![CDATA[
						 <p>I like those three, JBPuffin. :)<br /> I've got a few more&#8230;</p> <p><strong>1,000 Needlesga</strong><br /> <em>MP: 37</em><br /> A more powerful version of 1,000 Needles. The caster now sends cactus needles in bursts.<br /> This can only be cast on the Blue Mage's very first turn in battle. At the end of each turn the caster has,<br /> one random enemy is dealt exactly 100 damage. This lasts for ten of the caster's turns.</p> <p><strong>Dark White</strong><br /> <em>MP: 19</em><br /> The Blue Mage unleashes a ball of indescribable energy. If the target is an ally of self, then target gains Regen for 1d4+1 ticks. If the target is an enemy it deals 4M2 Shadow damage.</p> <p><strong>Poseidon Strike</strong><br /> <em>MP: 41</em><br /> Channeling the power of the God of earthquakes and the sea, the Blue Mage unleashes a mass of wrath upon the enemies.<br /> Flip a coin. If heads this spell deals 6P3 water damage to a single enemy. If tails, this spell deals 5M3 earth damage to all enemies.</p> <p><strong>Hidden Sickle</strong><br /> <em>MP: 23</em><br /> The Blue Mage attacks with a hidden farmer's sickle.<br /> Target enemy is dealt 4P1 non-elemental damage. If the attack succeeds then the Blue Mage may make an additional attack roll at -40. If the attack is successful then she steals one of the target's items as per the Steal Minor Ability.</p> <br/>Forum category: <a href="http://zodiac-ffrpg.wikidot.com/forum/c-300925">ZODIAC Material / Techs and Tech Sets</a><br/>Forum thread: <a href="http://zodiac-ffrpg.wikidot.com/forum/t-471015/blue-magic">Blue Magic!</a>
				 	]]>
				</content:encoded>							</item>
					<item>
				<guid>http://zodiac-ffrpg.wikidot.com/forum/t-710070#post-2026298</guid>
				<title>Re: Final Fantasy: Infinity</title>
				<link>http://zodiac-ffrpg.wikidot.com/forum/t-710070/final-fantasy:infinity#post-2026298</link>
				<description></description>
				<pubDate>Tue, 06 May 2014 01:15:56 +0000</pubDate>
				<wikidot:authorName>JBPuffin</wikidot:authorName>				<wikidot:authorUserId>1299270</wikidot:authorUserId>				<content:encoded>
					<![CDATA[
						 <p>More ideas! This one might just drive some people crazy, though&#8230;</p> <p>Let's say that every character is not one, but TWO classes at once. The catch? The pair they use isn't set by default, but decided by the player when they get them! I imagine the game will be very FFTA-ish, but with FFT's fatal combat. Also, there would be combo abilities - you sort of put two &quot;Techs&quot; together, or combine a passive and active or 2 passives, and get some crazy things.</p> <p>The examples that come to mind are what I imagine would be a typical &quot;hybrid&quot; party, essentially mixing two very distinct classes together.</p> <p>White Mage/Fighter - Your typical paladin-style character; heals and kills, with some overlap whenever possible.<br /> Black Mage/Archer - Who doesn't love a blaster with a decent weapon?<br /> Gunner/Black Belt - This one's a bit&#8230;far out, but dude! Imagine someone like old-age Batman, or maybe Captain America&#8230;<br /> Thief/Blue Mage - Did someone call for a guy who literally steals spells from people? I did!</p> <p>You could twist these around however you wanted, and use whatever list of classes you decide would be best, but in the end it would be a crew of characters each with a hybrid spread and a LOT of interesting options to play with. This way, everyone's pretty unique and useful at the same time.</p> <br/>Forum category: <a href="http://zodiac-ffrpg.wikidot.com/forum/c-539515">ZODIAC Discussion / General Discussion</a><br/>Forum thread: <a href="http://zodiac-ffrpg.wikidot.com/forum/t-710070/final-fantasy:infinity">Final Fantasy: Infinity</a>
				 	]]>
				</content:encoded>							</item>
					<item>
				<guid>http://zodiac-ffrpg.wikidot.com/forum/t-710070#post-2014092</guid>
				<title>Re: Final Fantasy: Infinity</title>
				<link>http://zodiac-ffrpg.wikidot.com/forum/t-710070/final-fantasy:infinity#post-2014092</link>
				<description></description>
				<pubDate>Thu, 17 Apr 2014 12:20:56 +0000</pubDate>
				<wikidot:authorName>Regal Pinion</wikidot:authorName>				<wikidot:authorUserId>1119553</wikidot:authorUserId>				<content:encoded>
					<![CDATA[
						 <p>That's it, we need to design Final Fantasy 16.</p> <p>While we're at it, I'll add a few bits.</p> <p>Dancer: He is actually a thug who wields a bludgeoning weapon. If he so chooses he can spend MP on &quot;Crimson Dance&quot; (or what-have-you) and the player gets to select a series of moves for him to perform as he is performing it. Each move executed is MP spent. And he can cancel at anytime.<br /> (Example: His first move he strikes the enemy, and upon striking four button appear on the screen -A,B,X,Y- the player then can select another move, and continue on, or cancel it by waiting out the few seconds he has to hit a button).</p> <p>Bard: This character would be optional and downloadable/unlockable. They're sole purpose is to perform and rally their comrades rising stats and slowly healing. The gimmick for her is that if there is a song, from the game counsel's hard drive, being played while the game is running it alters the way the stats are given. The best way to describe this, is that her stat boosting becomes a visualizer for the song that is played.</p> <p>Of course this is just brainstorming.</p> <br/>Forum category: <a href="http://zodiac-ffrpg.wikidot.com/forum/c-539515">ZODIAC Discussion / General Discussion</a><br/>Forum thread: <a href="http://zodiac-ffrpg.wikidot.com/forum/t-710070/final-fantasy:infinity">Final Fantasy: Infinity</a>
				 	]]>
				</content:encoded>							</item>
					<item>
				<guid>http://zodiac-ffrpg.wikidot.com/forum/t-710070#post-2011985</guid>
				<title>Re: Final Fantasy: Infinity</title>
				<link>http://zodiac-ffrpg.wikidot.com/forum/t-710070/final-fantasy:infinity#post-2011985</link>
				<description></description>
				<pubDate>Mon, 14 Apr 2014 02:29:42 +0000</pubDate>
				<wikidot:authorName>JBPuffin</wikidot:authorName>				<wikidot:authorUserId>1299270</wikidot:authorUserId>				<content:encoded>
					<![CDATA[
						 <p><strong>Arithmetic/Calculator</strong>: Uses arcane formulas called &quot;Functions&quot; instead of normal spells. A few classics in include &quot;Exponential Decay&quot;, a spell that does damage over time, and &quot;Y=X&quot;, which trades certain aspects of two targets temporarily (weaknesses/resistances, stat boosts/drops, etc).</p> <br/>Forum category: <a href="http://zodiac-ffrpg.wikidot.com/forum/c-539515">ZODIAC Discussion / General Discussion</a><br/>Forum thread: <a href="http://zodiac-ffrpg.wikidot.com/forum/t-710070/final-fantasy:infinity">Final Fantasy: Infinity</a>
				 	]]>
				</content:encoded>							</item>
					<item>
				<guid>http://zodiac-ffrpg.wikidot.com/forum/t-710070#post-2006224</guid>
				<title>Re: Final Fantasy: Infinity</title>
				<link>http://zodiac-ffrpg.wikidot.com/forum/t-710070/final-fantasy:infinity#post-2006224</link>
				<description></description>
				<pubDate>Fri, 04 Apr 2014 18:58:41 +0000</pubDate>
				<wikidot:authorName>Doresh</wikidot:authorName>				<wikidot:authorUserId>654492</wikidot:authorUserId>				<content:encoded>
					<![CDATA[
						 <p>Sounds interesting. And I also think it might make more sense if the heroes don't switch their whole gear every city XD</p> <br/>Forum category: <a href="http://zodiac-ffrpg.wikidot.com/forum/c-539515">ZODIAC Discussion / General Discussion</a><br/>Forum thread: <a href="http://zodiac-ffrpg.wikidot.com/forum/t-710070/final-fantasy:infinity">Final Fantasy: Infinity</a>
				 	]]>
				</content:encoded>							</item>
					<item>
				<guid>http://zodiac-ffrpg.wikidot.com/forum/t-800499#post-2005266</guid>
				<title>Re: Summoning Aeon too powerful???</title>
				<link>http://zodiac-ffrpg.wikidot.com/forum/t-800499/summoning-aeon-too-powerful#post-2005266</link>
				<description></description>
				<pubDate>Thu, 03 Apr 2014 06:52:07 +0000</pubDate>
				<wikidot:authorName>Dark_Star2222</wikidot:authorName>				<wikidot:authorUserId>1865032</wikidot:authorUserId>				<content:encoded>
					<![CDATA[
						 <p>So, dunno if you're still visiting the site or not, but I just took a look at the Esperian Grimoire, and Aeons have a cap on their base stats. A rank 1 summon, for example, has a cap of 40 to their base stats. Secondly, the summoner isn't able to do anything besides healing their aeon with items, command it, or dismiss it. Furthermore, if an Aeon is defeated for whatever reason, it can't be summoned again until the summoner has had an extended rest (IE, sleeping at the inn, using a tent/cottage, etc.).</p> <p>Also, keep in mind that as the Game Master, you get to add additional restrictions based on what you think makes sense. You can also, of course, rule that summons are gained at plot points, not through the normal Tech Creation process. Sorta like how they're handled in FFX. You could even have gaining the Aeon require a battle, like how it's usually handled for the more powerful summons in most of the FF games.</p> <p>Basically, the rules as presented are perfectly fine as-is, and there's nothing stopping the GM from imposing further restrictions as they please, like any of the ones you suggested. Just, y'know, keep in mind that you don't want them to be TOO restrictive, otherwise your players will never actually want to use Summoning. ;p</p> <br/>Forum category: <a href="http://zodiac-ffrpg.wikidot.com/forum/c-300922">ZODIAC Discussion / Core Rules</a><br/>Forum thread: <a href="http://zodiac-ffrpg.wikidot.com/forum/t-800499/summoning-aeon-too-powerful">Summoning Aeon too powerful???</a>
				 	]]>
				</content:encoded>							</item>
					<item>
				<guid>http://zodiac-ffrpg.wikidot.com/forum/t-710070#post-2003844</guid>
				<title>Re: Final Fantasy: Infinity</title>
				<link>http://zodiac-ffrpg.wikidot.com/forum/t-710070/final-fantasy:infinity#post-2003844</link>
				<description></description>
				<pubDate>Wed, 02 Apr 2014 02:43:09 +0000</pubDate>
				<wikidot:authorName>Dark_Star2222</wikidot:authorName>				<wikidot:authorUserId>1865032</wikidot:authorUserId>				<content:encoded>
					<![CDATA[
						 <p>So, I put way more thought into this than I probably should've. First off, this game (Let's call it Final Fantasy 18) would feature a weapon system where each character only has one weapon, but it can be modified (improving its base stats) and Customized (giving it special features). Modifications are permanent upgrades, but Customizations can be added and removed as much as the player wants, with each Customization deducting a certain number of 'Customization Points' or CP from the total available to the weapon.</p> <p>And now, the 'characters'!<br /> <strong>Machinist</strong>: The main character, an inventive young man and aspiring engineer. His &quot;Techs&quot; are all various personal inventions of his, and most of them can only be used a certain number of times per battle. His weapon has the most CP out of any of the characters, at the cost of also having the lowest base stats (Though, with the right Customizations, this isn't that big of a deal), and his &quot;Mix&quot; ability allows him to combine two items to create a new and more potent item, which is immediately used.</p> <p><strong>Cyborg</strong>: A mysterious young woman found in a pod in the ruins of an ancient city, highly advanced civilization by Machinist. Most of her techs actually require HP rather than MP, though her special ability &quot;Recharge&quot; (renamed Chakra) can be used at any time to restore a percentage of her HP. Her weapon has the highest base stats of all the characters, but also the least CP, a mirror image of Machinist.</p> <p><strong>Red Mage</strong>: A handsome, gentlemanly traveler with a bit of a womanizing streak, he joins the party for reasons he keeps to himself, though he seems to have an interest in Cyborg that goes beyond aesthetic appreciation. Like any good Red Mage he combines offensive and supportive magic with physical prowess, and is the first party member to use 'traditional' techs in the manner that they all cost MP. He also possesses the ability Runic, making him ideal when facing spellcasting foes, as he can both protect the entire party and replenish his own MP stores at the same time.</p> <p><strong>Scholar</strong>: The last party member, she is a scholar (hehe) of the same ancient civilization that built the city Cyborg's pod was discovered in. She's a bit odd, having spent more time around books and ancient artifacts than actual people, but tries her best to help despite this. Like Red Mage she uses regular techs, but has a much wider variety available to her, at the cost of lower physical prowess. Her unique ability &quot;Libra&quot; (AKA Peep) allows her to ascertain the strengths and weaknesses of her target, a handy ability when facing powerful foes.</p> <br/>Forum category: <a href="http://zodiac-ffrpg.wikidot.com/forum/c-539515">ZODIAC Discussion / General Discussion</a><br/>Forum thread: <a href="http://zodiac-ffrpg.wikidot.com/forum/t-710070/final-fantasy:infinity">Final Fantasy: Infinity</a>
				 	]]>
				</content:encoded>							</item>
					<item>
				<guid>http://zodiac-ffrpg.wikidot.com/forum/t-444949#post-2003810</guid>
				<title>Re: Introduce yourself, fellow ZODIAC gamer</title>
				<link>http://zodiac-ffrpg.wikidot.com/forum/t-444949/introduce-yourself-fellow-zodiac-gamer#post-2003810</link>
				<description></description>
				<pubDate>Wed, 02 Apr 2014 02:11:22 +0000</pubDate>
				<wikidot:authorName>Dark_Star2222</wikidot:authorName>				<wikidot:authorUserId>1865032</wikidot:authorUserId>				<content:encoded>
					<![CDATA[
						 <p>So, a new user for the Zodiac system here, decided to check this place out to see if I could find any interesting stuff to help out some friends who are interested in using this system. I'm a longtime FF fan, having played basically every single numbered FF game (Yes, even X-2, XIII, XIII-2, and LR: XIII, and I loved all of them. Except for VIII. FFVIII was horrible. &gt;&lt; ), as well as FF Tactics, Tactics Advance, Tactics A2, and Mystic Quest. I'm also an avid player of FFXIV, with my main class being Pugilist, though I just got to level 50 as an Arcanist as well.</p> <p>Oh, also, WHY IS THIS PLACE SO EMPTY!? D:</p> <br/>Forum category: <a href="http://zodiac-ffrpg.wikidot.com/forum/c-539515">ZODIAC Discussion / General Discussion</a><br/>Forum thread: <a href="http://zodiac-ffrpg.wikidot.com/forum/t-444949/introduce-yourself-fellow-zodiac-gamer">Introduce yourself, fellow ZODIAC gamer</a>
				 	]]>
				</content:encoded>							</item>
				</channel>
</rss>