<?xml version="1.0" encoding="UTF-8" ?>
<rss version="2.0" xmlns:content="http://purl.org/rss/1.0/modules/content/" xmlns:wikidot="http://www.wikidot.com/rss-namespace">

	<channel>
		<title>New support skill - Double Command</title>
		<link>http://zodiac-ffrpg.wikidot.com/forum/t-1062376/new-support-skill-double-command</link>
		<description>Posts in the discussion thread &quot;New support skill - Double Command&quot;</description>
				<copyright></copyright>
		<lastBuildDate>Thu, 18 Feb 2021 21:36:04 +0000</lastBuildDate>
		
					<item>
				<guid>http://zodiac-ffrpg.wikidot.com/forum/t-1062376#post-2187413</guid>
				<title>Re: New support skill - Double Command</title>
				<link>http://zodiac-ffrpg.wikidot.com/forum/t-1062376/new-support-skill-double-command#post-2187413</link>
				<description></description>
				<pubDate>Tue, 23 Dec 2014 19:08:04 +0000</pubDate>
				<wikidot:authorName>Regal Pinion</wikidot:authorName>				<wikidot:authorUserId>1119553</wikidot:authorUserId>				<content:encoded>
					<![CDATA[
						 <p>Now I'm just thinking of overpowered command combos:<br /> Morph and Chakra<br /> X-Magic and Runic<br /> Manipulate and Clone</p> <p>The list goes on&#8230; What have I done!?</p> 
				 	]]>
				</content:encoded>							</item>
					<item>
				<guid>http://zodiac-ffrpg.wikidot.com/forum/t-1062376#post-2187324</guid>
				<title>Re: New support skill - Double Command</title>
				<link>http://zodiac-ffrpg.wikidot.com/forum/t-1062376/new-support-skill-double-command#post-2187324</link>
				<description></description>
				<pubDate>Tue, 23 Dec 2014 16:38:31 +0000</pubDate>
				<wikidot:authorName>Aleph Ozone</wikidot:authorName>				<wikidot:authorUserId>1986833</wikidot:authorUserId>				<content:encoded>
					<![CDATA[
						 <p>Hmmm&#8230; I think it's overpowered. Support Skills are supposed to be inferior to Command Skills, so sacrificing a Support for a Command&#8230; if it were the other way around, I'd totally agree, but I just think this way it's overpowered&#8230; of course, sometimes overpowered is cool. I like overpowered, actually. And this should allow a character to have Dice and Slots at the same time!</p> 
				 	]]>
				</content:encoded>							</item>
					<item>
				<guid>http://zodiac-ffrpg.wikidot.com/forum/t-1062376#post-2185714</guid>
				<title>Re: New support skill - Double Command</title>
				<link>http://zodiac-ffrpg.wikidot.com/forum/t-1062376/new-support-skill-double-command#post-2185714</link>
				<description></description>
				<pubDate>Sun, 21 Dec 2014 14:45:35 +0000</pubDate>
				<wikidot:authorName>Doresh</wikidot:authorName>				<wikidot:authorUserId>654492</wikidot:authorUserId>				<content:encoded>
					<![CDATA[
						 <p>Now that sounds neat. I wonder if the reverse also works :3</p> <p>And man, it's been a while since I've been here o_O</p> 
				 	]]>
				</content:encoded>							</item>
					<item>
				<guid>http://zodiac-ffrpg.wikidot.com/forum/t-1062376#post-2175668</guid>
				<title>New support skill - Double Command</title>
				<link>http://zodiac-ffrpg.wikidot.com/forum/t-1062376/new-support-skill-double-command#post-2175668</link>
				<description></description>
				<pubDate>Tue, 09 Dec 2014 21:39:28 +0000</pubDate>
				<wikidot:authorName>Regal Pinion</wikidot:authorName>				<wikidot:authorUserId>1119553</wikidot:authorUserId>				<content:encoded>
					<![CDATA[
						 <p><strong>Double Command</strong> allows the character to have two command skills instead of one.</p> <p>Essentially it's sacrificing the chance to have a support skill for another command skill.</p> <p>That's it. Simple and effective.</p> 
				 	]]>
				</content:encoded>							</item>
				</channel>
</rss>