<?xml version="1.0" encoding="UTF-8" ?>
<rss version="2.0" xmlns:content="http://purl.org/rss/1.0/modules/content/" xmlns:wikidot="http://www.wikidot.com/rss-namespace">

	<channel>
		<title>Onion Knighting</title>
		<link>http://zodiac-ffrpg.wikidot.com/forum/t-1049217/onion-knighting</link>
		<description>Posts in the discussion thread &quot;Onion Knighting&quot; - The option to start off with low stats to have a greater award as you level.</description>
				<copyright></copyright>
		<lastBuildDate>Thu, 18 Feb 2021 21:34:18 +0000</lastBuildDate>
		
					<item>
				<guid>http://zodiac-ffrpg.wikidot.com/forum/t-1049217#post-2188257</guid>
				<title>Re: Onion Knighting</title>
				<link>http://zodiac-ffrpg.wikidot.com/forum/t-1049217/onion-knighting#post-2188257</link>
				<description></description>
				<pubDate>Wed, 24 Dec 2014 23:31:50 +0000</pubDate>
				<wikidot:authorName>Aleph Ozone</wikidot:authorName>				<wikidot:authorUserId>1986833</wikidot:authorUserId>				<content:encoded>
					<![CDATA[
						 <p>Lol, making this part of Double Command&#8230; now that's something I want to try!</p> 
				 	]]>
				</content:encoded>							</item>
					<item>
				<guid>http://zodiac-ffrpg.wikidot.com/forum/t-1049217#post-2187399</guid>
				<title>Re: Onion Knighting</title>
				<link>http://zodiac-ffrpg.wikidot.com/forum/t-1049217/onion-knighting#post-2187399</link>
				<description></description>
				<pubDate>Tue, 23 Dec 2014 19:01:04 +0000</pubDate>
				<wikidot:authorName>Regal Pinion</wikidot:authorName>				<wikidot:authorUserId>1119553</wikidot:authorUserId>				<content:encoded>
					<![CDATA[
						 <p>Quirky story: I read this reply, then the reply to the &quot;Double Command&quot; and thought, &quot;Combine them. <em>BOOM!</em> Balanced.&quot;<br /> I see your point. I guess this really is Hard Mode. XD</p> <p>However, in terms of playtesting, it's something yet to be done on my end as well.</p> 
				 	]]>
				</content:encoded>							</item>
					<item>
				<guid>http://zodiac-ffrpg.wikidot.com/forum/t-1049217#post-2187357</guid>
				<title>Re: Onion Knighting</title>
				<link>http://zodiac-ffrpg.wikidot.com/forum/t-1049217/onion-knighting#post-2187357</link>
				<description></description>
				<pubDate>Tue, 23 Dec 2014 17:37:29 +0000</pubDate>
				<wikidot:authorName>Aleph Ozone</wikidot:authorName>				<wikidot:authorUserId>1986833</wikidot:authorUserId>				<content:encoded>
					<![CDATA[
						 <p>Starting with a weaker character to have a stronger character eventually&#8230; I'd definetely like to try this, this is my type of character.</p> <p>Hmm&#8230; time for some math&#8230; if players start at level 5 (as common in rpg games), common players will have 54 points total, while Onion Knights will have 45. By level 10 this becomes 68 and 60.<br /> 15: 82 and 75<br /> 20: 96 and 90<br /> 25: 110 and 105<br /> 30: 124 and 120<br /> 35: 128 and 125<br /> 40: 142 and 140<br /> 45: 156 and 155<br /> 50: 170 and 170</p> <p>So they completely even out at level 50. The initial difference is only of 10 points (9 if starting at level 5) and then it decreases by 1 every 5 levels. Hmm, lemme continu the math a bit.<br /> 60: 199 and 201<br /> 70: 227 and 231<br /> 80: 255 and 262<br /> 90: 283 and 292<br /> 100: 311 and 322</p> <p>Hmm, I think the system is too underwhelming. Perhaps calculating the total instead of individual stats is creating some sort of illusion, but&#8230; while the difference between you and you allies is almost the same in the beggining and the end, proportionally I don't think it's worth it. You are significantly weaker in the beggining, but by the end your 11 extra points are next to meaningless&#8230; they're a &quot;winmore&quot;, like, there's nothing you'll be able to kill that you wouldn't be able to kill as a normal character, it'll just let you kill them faster.</p> <p>Well, that's what I think at least, but I haven't playtested yet it or anything, so of course i might be wrong&#8230;</p> 
				 	]]>
				</content:encoded>							</item>
					<item>
				<guid>http://zodiac-ffrpg.wikidot.com/forum/t-1049217#post-2149362</guid>
				<title>Onion Knighting</title>
				<link>http://zodiac-ffrpg.wikidot.com/forum/t-1049217/onion-knighting#post-2149362</link>
				<description></description>
				<pubDate>Wed, 05 Nov 2014 19:08:32 +0000</pubDate>
				<wikidot:authorName>Regal Pinion</wikidot:authorName>				<wikidot:authorUserId>1119553</wikidot:authorUserId>				<content:encoded>
					<![CDATA[
						 <p>I want to let you know this is not play tested, but I really want it to be.</p> <p>The idea behind Onion Knighting is essentially starting the game in &quot;Hard Mode&quot; but as levels progress they gain more points than usual.<br /> As such I named it after the class that's often most difficult to raise but ends with great stats.</p> <p>Alright let's do this</p> <p>When a player &quot;Onion Knights&quot; his character he chooses 15 instead of 25 points to allocate between his five stats.<br /> Upon leveling up he has 3 bonus points to apply to his stats just like normal leveling.<br /> Every fifth level they gain a bonus of +3 to all stats in lieu of +2<br /> At level 60 they gain an additional bonus point for leveling up, just like normal.<br /> At level 75 they gain yet another additional bonus point for leveling up.</p> <p>Too broken? Too hard? Let me know!</p> 
				 	]]>
				</content:encoded>							</item>
				</channel>
</rss>