<?xml version="1.0" encoding="UTF-8" ?>
<rss version="2.0" xmlns:content="http://purl.org/rss/1.0/modules/content/" xmlns:wikidot="http://www.wikidot.com/rss-namespace">

	<channel>
		<title>Runic</title>
		<link>http://zodiac-ffrpg.wikidot.com/forum/t-1159214/runic</link>
		<description>Posts in the discussion thread &quot;Runic&quot;</description>
				<copyright></copyright>
		<lastBuildDate>Thu, 18 Feb 2021 21:35:21 +0000</lastBuildDate>
		
					<item>
				<guid>http://zodiac-ffrpg.wikidot.com/forum/t-1159214#post-2271067</guid>
				<title>Re: Runic</title>
				<link>http://zodiac-ffrpg.wikidot.com/forum/t-1159214/runic#post-2271067</link>
				<description></description>
				<pubDate>Wed, 15 Apr 2015 15:00:45 +0000</pubDate>
				<wikidot:authorName>DFroGGotten1</wikidot:authorName>				<wikidot:authorUserId>498563</wikidot:authorUserId>				<content:encoded>
					<![CDATA[
						 <p>It recovers both HP and MP, and as monster's goes up in level, so does damage. Monsters can do more damage than PCs can sometimes under the right conditions. As such, which would be better, absorbing 2 MP from a weak attack magic because of it's cost, or absorbing 48 HP and 9 MP from the same spell with the monster with 100 MAG under a +50 Magic Boost? Even without a Magic Boost, Minimum damage would be 21 HP and 4 MP absorbed.<br /> Balance, my friend, and usefulness is the answer.</p> 
				 	]]>
				</content:encoded>							</item>
					<item>
				<guid>http://zodiac-ffrpg.wikidot.com/forum/t-1159214#post-2259330</guid>
				<title>Runic</title>
				<link>http://zodiac-ffrpg.wikidot.com/forum/t-1159214/runic#post-2259330</link>
				<description></description>
				<pubDate>Sat, 28 Mar 2015 16:50:03 +0000</pubDate>
				<wikidot:authorName>Aleph Ozone</wikidot:authorName>				<wikidot:authorUserId>1986833</wikidot:authorUserId>				<content:encoded>
					<![CDATA[
						 <p>I've a question regarding the Command Skill Runic: why does it recover HP? why doesn't it work like in the actual games, where it just recovers the MP of the one who used it by the MP spent to cast the spell it absorbed??</p> 
				 	]]>
				</content:encoded>							</item>
				</channel>
</rss>