<?xml version="1.0" encoding="UTF-8" ?>
<rss version="2.0" xmlns:content="http://purl.org/rss/1.0/modules/content/" xmlns:wikidot="http://www.wikidot.com/rss-namespace">

	<channel>
		<title>Capture?</title>
		<link>http://zodiac-ffrpg.wikidot.com/forum/t-1176092/capture</link>
		<description>Posts in the discussion thread &quot;Capture?&quot;</description>
				<copyright></copyright>
		<lastBuildDate>Thu, 18 Feb 2021 21:35:20 +0000</lastBuildDate>
		
					<item>
				<guid>http://zodiac-ffrpg.wikidot.com/forum/t-1176092#post-2278058</guid>
				<title>Re: Capture?</title>
				<link>http://zodiac-ffrpg.wikidot.com/forum/t-1176092/capture#post-2278058</link>
				<description></description>
				<pubDate>Fri, 24 Apr 2015 22:54:50 +0000</pubDate>
				<wikidot:authorName>DFroGGotten1</wikidot:authorName>				<wikidot:authorUserId>498563</wikidot:authorUserId>				<content:encoded>
					<![CDATA[
						 <p>It depends on the campaign and the Master, really. This is a simple system, So I would propose training like so:<br /> Roll 1d10. On a result of 3 to 8, Add 1 to an additional stat just for the monster, maybe called 'Tame'.<br /> On a 2, Subtract 1.<br /> On a 1, Subtract 3<br /> On a 9, Add 2.<br /> On a 10, Add 3.<br /> The Tame stat has a base value of 30. For every day of training, Roll to train up Tame. Higher values mean better chance of a command.<br /> When you release the monster to attack, roll 1d100. If the roll is below Tame's stat value, The action takes place and the creature can return to the owner (Master's Decretion.) Otherwise, The creature attacks and escapes.</p> 
				 	]]>
				</content:encoded>							</item>
					<item>
				<guid>http://zodiac-ffrpg.wikidot.com/forum/t-1176092#post-2274534</guid>
				<title>Capture?</title>
				<link>http://zodiac-ffrpg.wikidot.com/forum/t-1176092/capture#post-2274534</link>
				<description></description>
				<pubDate>Mon, 20 Apr 2015 22:04:23 +0000</pubDate>
				<wikidot:authorName>Sokkehoved</wikidot:authorName>				<wikidot:authorUserId>2130623</wikidot:authorUserId>				<content:encoded>
					<![CDATA[
						 <p>Hey everyone</p> <p>I was just wondering about the Capture Command Skill, It says that you can capture and train a monster, the training part how might you be able to implement that?</p> 
				 	]]>
				</content:encoded>							</item>
				</channel>
</rss>