<?xml version="1.0" encoding="UTF-8" ?>
<rss version="2.0" xmlns:content="http://purl.org/rss/1.0/modules/content/" xmlns:wikidot="http://www.wikidot.com/rss-namespace">

	<channel>
		<title>Revive mid combat initiative question</title>
		<link>http://zodiac-ffrpg.wikidot.com/forum/t-1643894/revive-mid-combat-initiative-question</link>
		<description>Posts in the discussion thread &quot;Revive mid combat initiative question&quot;</description>
				<copyright></copyright>
		<lastBuildDate>Thu, 18 Feb 2021 21:35:19 +0000</lastBuildDate>
		
					<item>
				<guid>http://zodiac-ffrpg.wikidot.com/forum/t-1643894#post-2530970</guid>
				<title>Re: Revive mid combat initiative question</title>
				<link>http://zodiac-ffrpg.wikidot.com/forum/t-1643894/revive-mid-combat-initiative-question#post-2530970</link>
				<description></description>
				<pubDate>Fri, 01 Jul 2016 11:50:23 +0000</pubDate>
				<wikidot:authorName>Hydro Globus</wikidot:authorName>				<wikidot:authorUserId>2618421</wikidot:authorUserId>				<content:encoded>
					<![CDATA[
						 <p>Sorry for not checking the thread. Anyway, it is on p60, at the description of the unconscious status.</p> 
				 	]]>
				</content:encoded>							</item>
					<item>
				<guid>http://zodiac-ffrpg.wikidot.com/forum/t-1643894#post-2496034</guid>
				<title>Re: Revive mid combat initiative question</title>
				<link>http://zodiac-ffrpg.wikidot.com/forum/t-1643894/revive-mid-combat-initiative-question#post-2496034</link>
				<description></description>
				<pubDate>Fri, 22 Apr 2016 15:53:20 +0000</pubDate>
				<wikidot:authorName>DFroGGotten1</wikidot:authorName>				<wikidot:authorUserId>498563</wikidot:authorUserId>				<content:encoded>
					<![CDATA[
						 <p>I believe it's in the Combat section of the book.</p> 
				 	]]>
				</content:encoded>							</item>
					<item>
				<guid>http://zodiac-ffrpg.wikidot.com/forum/t-1643894#post-2473457</guid>
				<title>Re: Revive mid combat initiative question</title>
				<link>http://zodiac-ffrpg.wikidot.com/forum/t-1643894/revive-mid-combat-initiative-question#post-2473457</link>
				<description></description>
				<pubDate>Wed, 16 Mar 2016 05:46:22 +0000</pubDate>
				<wikidot:authorName>KaikelX</wikidot:authorName>				<wikidot:authorUserId>1320787</wikidot:authorUserId>				<content:encoded>
					<![CDATA[
						 <p>Could you tell me where? I can't seem to find where it says that.</p> 
				 	]]>
				</content:encoded>							</item>
					<item>
				<guid>http://zodiac-ffrpg.wikidot.com/forum/t-1643894#post-2473113</guid>
				<title>Re: Revive mid combat initiative question</title>
				<link>http://zodiac-ffrpg.wikidot.com/forum/t-1643894/revive-mid-combat-initiative-question#post-2473113</link>
				<description></description>
				<pubDate>Tue, 15 Mar 2016 16:48:39 +0000</pubDate>
				<wikidot:authorName>Hydro Globus</wikidot:authorName>				<wikidot:authorUserId>2618421</wikidot:authorUserId>				<content:encoded>
					<![CDATA[
						 <p>Doesn't it say in the book that an unconscious character is always down to 0sp?</p> 
				 	]]>
				</content:encoded>							</item>
					<item>
				<guid>http://zodiac-ffrpg.wikidot.com/forum/t-1643894#post-2472174</guid>
				<title>Revive mid combat initiative question</title>
				<link>http://zodiac-ffrpg.wikidot.com/forum/t-1643894/revive-mid-combat-initiative-question#post-2472174</link>
				<description></description>
				<pubDate>Sun, 13 Mar 2016 19:29:58 +0000</pubDate>
				<wikidot:authorName>KaikelX</wikidot:authorName>				<wikidot:authorUserId>1320787</wikidot:authorUserId>				<content:encoded>
					<![CDATA[
						 <p>So it looks like this site has been inactive for a while now, but I'm hoping I can get a response some time in the future. I've been programming several utilities to help run my own ZODIAC campaign (so far I have stat calculators for players/monsters), and have been working on an initiative tool to automate combat tracking. The first issue I ran into was how to calculate slow/haste, and I've done that (and added my own little balancing attempt) by remembering the old speed value, calculating the difference between the new and old speed values, then adding that back into the running &quot;initiative&quot; pool that actions are drawn from.</p> <p>For example, say haste grants a player with 10 speed another 2 points of speed, while their running total is 16 (rolled a 6 at the start of combat). They would subtract 8 for casting haste and add 2 to their speed total. Since 12 speed -10 (the old value) speed is 2, they also add 2 points to their running total. They have 10sp to work with in combat as of now.</p> <p>My real question is, how does revive or raise effects work when determining who gets to go when? Should they act on their current initiative? (This could lead to a situation where Kari the Black Mage dies with 16sp remaining. Rubie the White Mage decides to use her last 8sp (and is the last player/monster able to move for the round) to revive Kari, meaning that Kari would get to act twice in a row immediately)</p> <p>Or should raise make a character stuck at 0 initiative, so they have to wait next round to act? This would discourage raising at the beginning of rounds, since a character might be raised just to die all over again.</p> <p>The solution I'm thinking of right now is that the player revives at the caster's speed. So either the player revives at the old speed value (so the healer subtracts their speed points, meaning that the revived character goes before the healer can act again, guaranteed) or at the new speed value (so both players would act in the same instant). I'll probably default to the latter option, but any input I could get would be welcome.</p> 
				 	]]>
				</content:encoded>							</item>
				</channel>
</rss>