<?xml version="1.0" encoding="UTF-8" ?>
<rss version="2.0" xmlns:content="http://purl.org/rss/1.0/modules/content/" xmlns:wikidot="http://www.wikidot.com/rss-namespace">

	<channel>
		<title>Guard and Tech Set Questions</title>
		<link>http://zodiac-ffrpg.wikidot.com/forum/t-1771400/guard-and-tech-set-questions</link>
		<description>Posts in the discussion thread &quot;Guard and Tech Set Questions&quot; - needing some info please.</description>
				<copyright></copyright>
		<lastBuildDate>Thu, 18 Feb 2021 21:35:18 +0000</lastBuildDate>
		
					<item>
				<guid>http://zodiac-ffrpg.wikidot.com/forum/t-1771400#post-2545336</guid>
				<title>Guard and Tech Set Questions</title>
				<link>http://zodiac-ffrpg.wikidot.com/forum/t-1771400/guard-and-tech-set-questions#post-2545336</link>
				<description></description>
				<pubDate>Fri, 29 Jul 2016 01:15:54 +0000</pubDate>
				<wikidot:authorName>Fabio Melo</wikidot:authorName>				<wikidot:authorUserId>2800269</wikidot:authorUserId>				<content:encoded>
					<![CDATA[
						 <p>1.so on every weapons page there is a Distribution number. Spears for example have Distribution: 5P/1M. what is this?<br /> 2. If i were to use the range into a map mode. would assuming Short range is 1 square away, medium for 2 and long range for 3 squares away be correct?<br /> 3. im currently trying to add everything on the site into a convenient word file. (So far so good) However, the site is missing a few things:<br /> <span style="text-decoration: underline;">Guard:</span><br /> Hats<br /> Shields<br /> <span style="text-decoration: underline;">Tech Set:</span><br /> Arts of War (Knight)<br /> Battle Skill (Fighter)<br /> If I could get info for these it would be awesome as i am trying to host a game for a few friends</p> 
				 	]]>
				</content:encoded>							</item>
				</channel>
</rss>