<?xml version="1.0" encoding="UTF-8" ?>
<rss version="2.0" xmlns:content="http://purl.org/rss/1.0/modules/content/" xmlns:wikidot="http://www.wikidot.com/rss-namespace">

	<channel>
		<title>4e</title>
		<link>http://zodiac-ffrpg.wikidot.com/forum/t-2139618/4e</link>
		<description>Posts in the discussion thread &quot;4e&quot; - Progress update?</description>
				<copyright></copyright>
		<lastBuildDate>Thu, 18 Feb 2021 21:35:17 +0000</lastBuildDate>
		
					<item>
				<guid>http://zodiac-ffrpg.wikidot.com/forum/t-2139618#post-2754773</guid>
				<title>4e</title>
				<link>http://zodiac-ffrpg.wikidot.com/forum/t-2139618/4e#post-2754773</link>
				<description></description>
				<pubDate>Fri, 24 Feb 2017 22:08:15 +0000</pubDate>
				<wikidot:authorName>Hydro Globus</wikidot:authorName>				<wikidot:authorUserId>2618421</wikidot:authorUserId>				<content:encoded>
					<![CDATA[
						 <p>Hey, anyone who reads this! (Hopefully Agent Boogeyman)</p> <p>So, your note regarding 4th Edition has been out for a while, with no word beyond that. Could we (I don't believe I'm the only one who still regularly checks) get an update regarding your progress, or if the overhaul project is shelved for now, or anything? :) I remember I got really excited when I first saw the post.</p> <p>BR,<br /> Hydro Globus,<br /> the (second) Spoony Bard</p> 
				 	]]>
				</content:encoded>							</item>
				</channel>
</rss>