<?xml version="1.0" encoding="UTF-8" ?>
<rss version="2.0" xmlns:content="http://purl.org/rss/1.0/modules/content/" xmlns:wikidot="http://www.wikidot.com/rss-namespace">

	<channel>
		<title>Monster Generator Code</title>
		<link>http://zodiac-ffrpg.wikidot.com/forum/t-352126/monster-generator-code</link>
		<description>Posts in the discussion thread &quot;Monster Generator Code&quot; - A Monster generator code for the program MASTERPLAN by Anderware</description>
				<copyright></copyright>
		<lastBuildDate>Thu, 18 Feb 2021 21:36:34 +0000</lastBuildDate>
		
					<item>
				<guid>http://zodiac-ffrpg.wikidot.com/forum/t-352126#post-1459620</guid>
				<title>Re: Monster Generator Code</title>
				<link>http://zodiac-ffrpg.wikidot.com/forum/t-352126/monster-generator-code#post-1459620</link>
				<description></description>
				<pubDate>Fri, 25 May 2012 07:01:28 +0000</pubDate>
				<wikidot:authorName>Regal Pinion</wikidot:authorName>				<wikidot:authorUserId>1119553</wikidot:authorUserId>				<content:encoded>
					<![CDATA[
						 <p>This is amazing. Thanks. :)</p> 
				 	]]>
				</content:encoded>							</item>
					<item>
				<guid>http://zodiac-ffrpg.wikidot.com/forum/t-352126#post-1141767</guid>
				<title>Monster Generator Code</title>
				<link>http://zodiac-ffrpg.wikidot.com/forum/t-352126/monster-generator-code#post-1141767</link>
				<description></description>
				<pubDate>Mon, 02 May 2011 17:57:20 +0000</pubDate>
				<wikidot:authorName>DFroGGotten1</wikidot:authorName>				<wikidot:authorUserId>498563</wikidot:authorUserId>				<content:encoded>
					<![CDATA[
						 <hr /> <p>ZODIAC Monster Generator</p> <hr /> <p>??NAME=GET(What is the monster's name?)??<br /> ??TYPE=GET(What is the Monster's type?)??<br /> LABEL:LEVELVAL<br /> ??LEVEL=VAL(GET(What level is the monster?))??<br /> IF ??LEVEL??&lt;1 OR ??LEVEL??&gt;99<br /> GOTO:LEVELVAL<br /> ELSE<br /> END IF<br /> LABEL:BOSSVAL<br /> ??BOSS=VAL(GET(Is it a Boss Monster?(0=No, 1=Yes)))??<br /> IF ??BOSS??&gt;1<br /> GOTO:BOSSVAL<br /> ELSE<br /> END IF<br /> ??STR=VAL(GET(What is the monster's STR Value?))??<br /> ??MAG=VAL(GET(What is the monster's MAG Value?))??<br /> ??VIT=VAL(GET(What is the monster's VIT Value?))??<br /> ??SPR=VAL(GET(What is the monster's SPR Value?))??<br /> ??AGI=VAL(GET(What is the monster's AGI Value?))??<br /> ??EXSTATS=VAL(GET(Does the monster have Exceptional Stats?(0=No, 1=Yes)))??<br /> LABEL:XLVLCHECK<br /> IF ??EXSTATS??=1<br /> ??EXLEVEL=VAL(GET(What level is Exceptional Stats?(1 through 6)))??<br /> ELSE<br /> GOTO:NOXSTATS<br /> END IF<br /> IF ??EXLEVEL??&lt;1 OR ??EXLEVEL??&gt;6<br /> GOTO:XLVLCHECK<br /> ELSE<br /> END IF<br /> ??EXSTR=VAL(GET(What is the monster's Exceptional STR value))??<br /> ??EXMAG=VAL(GET(What is the monster's Exceptional MAG value))??<br /> ??EXVIT=VAL(GET(What is the monster's Exceptional VIT value))??<br /> ??EXSPR=VAL(GET(What is the monster's Exceptional SPR value))??<br /> ??EXAGI=VAL(GET(What is the monster's Exceptional AGI value))??</p> <p>??NAME?? (Level ??LEVEL?? ??TYPE?? )<br /> IF ??BOSS??=1<br /> XP: ??LEVEL*150??<br /> GP: ??LEVEL*75??<br /> ELSE<br /> XP: ??LEVEL*35??<br /> GP: ??LEVEL*15??<br /> END IF<br /> ??STRVAL=(STR+EXSTR)??<br /> ??MAGVAL=(MAG+EXMAG)??<br /> ??VITVAL=(VIT+EXVIT)??<br /> ??SPRVAL=(SPR+EXSPR)??<br /> ??AGIVAL=(AGI+EXAGI)??</p> <p>Strength: ??STRVAL??<br /> Magic: ??MAGVAL??<br /> Vitality: ??VITVAL??<br /> Spirit: ??SPRVAL??<br /> Agility: ??AGIVAL??</p> <p>IF ??BOSS??=1<br /> Hit Points: ??300+(VITVAL*200)+(LEVEL*100)??<br /> Magic Points: ??SPRVAL+LEVEL??<br /> ELSE<br /> Hit Points: ??30+(VITVAL*20)+(LEVEL*10)??<br /> Magic Points: ??(SPRVAL+LEVEL)\2??<br /> END IF<br /> Attack Power: ??STRVAL*2??<br /> Magic Attack Power: ??MAGVAL*2??<br /> Speed: ??10+(LEVEL\10)+(AGIVAL\15)??<br /> Critical: ??98-(AGIVAL\15)??<br /> Accuracy: ??5+(AGIVAL\5)??<br /> Magic Accuracy: ??5+(MAGVAL\5)??<br /> ??AGILE=VAL(GET(Does the monster have the Agile power?(0=No, 1=Yes)))??<br /> IF ??AGILE??=1<br /> Evade: ??((25+(AGIVAL\5))*2)??<br /> ELSE<br /> Evade: ??25+(AGIVAL\5)??<br /> END IF<br /> Resist: ??25+(VITVAL\10)+(SPRVAL\10)??<br /> Strength Dice: ??1+(STRVAL\100)??<br /> Magic Dice: ??1+(MAGVAL\100)??<br /> Max Tech Levels: ??1+(MAGVAL\5)??<br /> END:</p> <p>LABEL:NOXSTATS<br /> ??NAME?? (Level ??LEVEL?? ??TYPE?? )<br /> IF ??BOSS??=1<br /> XP: ??LEVEL*150??<br /> GP: ??LEVEL*75??<br /> ELSE<br /> XP: ??LEVEL*35??<br /> GP: ??LEVEL*15??<br /> END IF</p> <p>Strength: ??STR??<br /> Magic: ??MAG??<br /> Vitality: ??VIT??<br /> Spirit: ??SPR??<br /> Agility: ??AGI??</p> <p>IF ??BOSS??=1<br /> Hit Points: ??300+(VIT*200)+(LEVEL*100)??<br /> Magic Points: ??SPR+LEVEL??<br /> ELSE<br /> Hit Points: ??30+(VIT*20)+(LEVEL*10)??<br /> Magic Points: ??(SPR+LEVEL)\2??<br /> END IF<br /> Attack Power: ??STR*2??<br /> Magic Attack Power: ??MAG*2??<br /> Speed: ??10+(LEVEL\10)+(AGI\15)??<br /> Critical: ??98-(AGI\15)??<br /> Accuracy: ??5+(AGI\5)??<br /> Magic Accuracy: ??5+(MAG\5)??<br /> ??AGILE=VAL(GET(Does the monster have the Agile power?(0=No, 1=Yes)))??<br /> IF ??AGILE??=1<br /> Evade: ??((25+(AGI\5))*2)??<br /> ELSE<br /> Evade: ??25+(AGI\5)??<br /> END IF<br /> Resist: ??25+(VIT\10)+(SPR\10)??<br /> Strength Dice: ??1+(STR\100)??<br /> Magic Dice: ??1+(MAG\100)??<br /> Max Tech Levels: ??1+(MAG\5)??</p> <p>(take this code and post it as a script in Masterplan.)</p> <p>You can download Masterplan <a href="http://www.anderware.org/dev/masterplan.asp">here</a></p> 
				 	]]>
				</content:encoded>							</item>
				</channel>
</rss>