<?xml version="1.0" encoding="UTF-8" ?>
<rss version="2.0" xmlns:content="http://purl.org/rss/1.0/modules/content/" xmlns:wikidot="http://www.wikidot.com/rss-namespace">

	<channel>
		<title>Characters (PCs)</title>
		<link>http://zodiac-ffrpg.wikidot.com/forum/t-351687/characters-pcs</link>
		<description>Posts in the discussion thread &quot;Characters (PCs)&quot;</description>
				<copyright></copyright>
		<lastBuildDate>Thu, 18 Feb 2021 21:37:14 +0000</lastBuildDate>
		
					<item>
				<guid>http://zodiac-ffrpg.wikidot.com/forum/t-351687#post-1140268</guid>
				<title>Characters (PCs)</title>
				<link>http://zodiac-ffrpg.wikidot.com/forum/t-351687/characters-pcs#post-1140268</link>
				<description></description>
				<pubDate>Sat, 30 Apr 2011 18:32:58 +0000</pubDate>
				<wikidot:authorName>DFroGGotten1</wikidot:authorName>				<wikidot:authorUserId>498563</wikidot:authorUserId>				<content:encoded>
					<![CDATA[
						 <p>This thread is for all characters of Astral Temples that are PCs.</p> 
				 	]]>
				</content:encoded>							</item>
				</channel>
</rss>