<?xml version="1.0" encoding="UTF-8" ?>
<rss version="2.0" xmlns:content="http://purl.org/rss/1.0/modules/content/" xmlns:wikidot="http://www.wikidot.com/rss-namespace">

	<channel>
		<title>How many encounters per session? Monster strength?</title>
		<link>http://zodiac-ffrpg.wikidot.com/forum/t-350415/how-many-encounters-per-session-monster-strength</link>
		<description>Posts in the discussion thread &quot;How many encounters per session? Monster strength?&quot; - How do you figure what is turn-based acceptable?</description>
				<copyright></copyright>
		<lastBuildDate>Thu, 18 Feb 2021 21:36:10 +0000</lastBuildDate>
		
					<item>
				<guid>http://zodiac-ffrpg.wikidot.com/forum/t-350415#post-1206342</guid>
				<title>Re: How many encounters per session? Monster strength?</title>
				<link>http://zodiac-ffrpg.wikidot.com/forum/t-350415/how-many-encounters-per-session-monster-strength#post-1206342</link>
				<description></description>
				<pubDate>Wed, 20 Jul 2011 19:36:42 +0000</pubDate>
				<wikidot:authorName>Psychotime</wikidot:authorName>				<wikidot:authorUserId>1040956</wikidot:authorUserId>				<content:encoded>
					<![CDATA[
						 <p>I remember reading on an old RPG.net thread</p> <blockquote> <p>The XP and gold formulas are based on what we felt was a good pace based on our playtesting; as I recall, a group should gain a level after 3-4 well-matched encounters, depending on their current level, and be able to fully upgrade their equipment by one rank every 4-5 levels.</p> </blockquote> <p><a href="http://forum.rpg.net/showthread.php?260796-RPG-ZODIAC-The-Final-Fantasy-RPG-%283rd-Edition%29-reviewed-by-James-D.-Hargrove-%283-5%29/page2">http://forum.rpg.net/showthread.php?260796-RPG-ZODIAC-The-Final-Fantasy-RPG-%283rd-Edition%29-reviewed-by-James-D.-Hargrove-%283-5%29/page2</a></p> 
				 	]]>
				</content:encoded>							</item>
					<item>
				<guid>http://zodiac-ffrpg.wikidot.com/forum/t-350415#post-1134901</guid>
				<title>How many encounters per session? Monster strength?</title>
				<link>http://zodiac-ffrpg.wikidot.com/forum/t-350415/how-many-encounters-per-session-monster-strength#post-1134901</link>
				<description></description>
				<pubDate>Sun, 24 Apr 2011 20:31:00 +0000</pubDate>
				<wikidot:authorName>Malcanthet</wikidot:authorName>				<wikidot:authorUserId>858503</wikidot:authorUserId>				<content:encoded>
					<![CDATA[
						 <p>Monsters and enemies in Final Fantasy games and other turned based games are often random, or unplanned. Role playing games on the other hand experience a far less plethora of them - however in the ZODIAC RPG, we are not limited to 20 levels or so like so many games in the past, nor are we awarded gobs of role playing experience or have systems that cater to such gaming styles. (such as White Wolf gaming)</p> <p>No, in the ZODIAC system, it's turn based emulation of the consoles, where you get battles, and lots of them! I can imagine in the early levels of the game, you can expect to fly through three , four or more combats a gaming session. In fact, starting at level 1 sounds even implausible, many Final Fantasies start the characters at level 10!</p> <p>So how many encounters do you expect to see a session? I see ten being a good number, especially if there's going to be a lot of fighting. After all, when you play a turn based RPG you wanna crunch baddies with your awesome techs and team tactics.</p> <p>Consider this - you can make one good combat of really hard enemies which can wipe your party very easily. It all falls to how careful the game master is, and if he wants to smash you with status effects that will incapacitate you instantly and entirely too accurately in some instances. (Many characters do not take extremely high Vitality and Spirit simultaneously, so suffering status effects from even weak status touch is easy to take). But then if you have few encounters in a game, you can go gung-ho and smash out a whole bunch of Techs, wasting MP willy nilly on every encounter (thusly making techs far stronger than they really should be) and then spamming Chakra out of combat (if your GM allows such a thing to be done in repetition) until everyone is fresh for the next battle.</p> <p>This is bad! It completely breaks the chain, or FEEL of how the game should probably be played. But I'll get into Chakra later, on another thread.</p> <p>ZODIAC, like all turn-based RPGS works off the concept of 'allocation of resources'. In this case, it is HP, MP, and items which restore such resources. Characters shouldn't be blowing through all of their MP for the 'one fight of the game session' .. they should be conserving their techniques (typically) and even relying on normal attacks for a bunch of combats, shrewdly using their resources until they need to open up with the proverbial 'big guns'.. or fight those irritatingly hard-to-hit monsters, or even the elemental absorbant, physically resistant enemies that can only take damage from one element! Herein lies the planning a good GM must cope with.</p> <p>'How many battles can I plan before the party wipes?' There are no save points in ZODIAC (unless you are really gunning for the console feel and describe little action bars, save points and the like where the party can restore themselves over a course of the game) so it takes more careful planning on the GMs part, and more thoughtfulness of one's own mortality on the player's part. Wiping the party doesn't mean you can restart at the last save..it can very often mean game over!</p> <p>Smart players will know when to run and recoup. Dumb ones will get wiped. &lt;&#8212; Not the best thinking, but in this case you're not going to get many rewards in ZODIAC if you don't. You need that XP to advance, and by nature of the system and genre of play, you want to 'push for that next level' as much as possible. Fortunately the GM can reign it in and make more story elements like a traditional RPG (phew! Damn my PCs have been grinding on random mobs and are now level 50, when I needed them only level 30! Heh, this won't happen.) so that each combat is a challenge.</p> <p>Ideas for this is to set a number of random encounters in a given area, so they won't just attempt to run around and get into fights. (that would break story believability anyhow)</p> <p>Example: Orcish Enclave &#8212; 3 Areas. Entrance chambers (up to 8 random encounters), Catacombs (3 traps, 14 random encounters in various rooms and passageways), Orc warleader chamber (No random encounters, 3 encounter streak &#8212; Lieutenant and 2 troops, General and 3 troops, Warleader and bodyguards)</p> <p>These monsters can be easily leveled for the party, and will allow them to go through as fast or slow as they can. Some traps and chests on the map would do well for such a classic 'slay the monsters' encounter. Measuring the amount of XP each encounter will get is a good idea, you don't want your party TOO strong by the end of the mission.. and you don't want them completely out of items.. (or do you? That could make the final encounter that much harder! All it takes is some planning..)</p> <p>Just some food for thought.</p> 
				 	]]>
				</content:encoded>							</item>
				</channel>
</rss>