<?xml version="1.0" encoding="UTF-8" ?>
<rss version="2.0" xmlns:content="http://purl.org/rss/1.0/modules/content/" xmlns:wikidot="http://www.wikidot.com/rss-namespace">

	<channel>
		<title>Dance!</title>
		<link>http://zodiac-ffrpg.wikidot.com/forum/t-352122/dance</link>
		<description>Posts in the discussion thread &quot;Dance!&quot; - Because you know you want to...</description>
				<copyright></copyright>
		<lastBuildDate>Thu, 18 Feb 2021 21:36:25 +0000</lastBuildDate>
		
					<item>
				<guid>http://zodiac-ffrpg.wikidot.com/forum/t-352122#post-1141755</guid>
				<title>Dance!</title>
				<link>http://zodiac-ffrpg.wikidot.com/forum/t-352122/dance#post-1141755</link>
				<description></description>
				<pubDate>Mon, 02 May 2011 17:39:21 +0000</pubDate>
				<wikidot:authorName>DFroGGotten1</wikidot:authorName>				<wikidot:authorUserId>498563</wikidot:authorUserId>				<content:encoded>
					<![CDATA[
						 <p><strong>DANCE TECHS</strong></p> <p><em>All Dance Techs have Charge Power, unless otherwise noted</em></p> <p><strong><em>Break Dance</em></strong><br /> <em>Primary: Stone</em><br /> <em>Secondary: Lesser DSentence</em><br /> The Dancer performs the most unlikely of dances, Break Dance, which looks like tricks and steps that no ordinary woman can perform. With each new type of dance, the foe becomes harder and harder, their very skin turning to stone. When they are a complete statue, The dancer may feel like bringing out all the stops and strike the stone foe in a finish-it-off 'Break' Dance.</p> <p><strong><em>Dance of the Dead</em></strong><br /> <em>Primary: Fatal-Blow</em><br /> THe Dancer brandishes her weapon while dancing around her target. With each slash of the blade near the foe, a large portion of the being's life is sapped away. Any attempt to stop the dancer, if she is performing the steps right, will fail, and soon enough there will be a dead enemy by her feet.</p> <p><strong><em>Flashdance</em></strong><br /> <em>Primary: Power Attack</em><br /> <em>Secondaries: Lesser Blind, Fire Elemental</em><br /> The Dancer dances to something similiar to an upbeat tune, and with each step, a flame grows within her soul. Every step she takes, ther is a flash of light, and a wisp of fire. She then launches herself into the air, and a full fire can be seen emanating from her feet. She sideways axe-kicks the foe in the face, and a brilliant flash of fire and light explodes on contact.</p> <p><strong><em>Heathen Frolic</em></strong><br /> <em>Primary: Magic Break</em><br /> <em>Secondaries: Area Effect</em><br /> The Dancer performs a very strange, almost hypnotic dance. This frolic can only end one way. The Dancer spins furiously, setting off an energy that weakens the magic for the opposition. Usually performed by Succubuses and their like against mages they want to rob of life, The first dancer to learn this dance was a Succubus that just wanted to have fun, despite the rules of her kind about no dancing. She taught it to some human dancers, and it is now known everywhere today.</p> <p><strong><em>Temptation Tango</em></strong><br /> <em>Primary: Confusion</em><br /> The Dancer perform a tango with the enemy, flirting and laughing about how she plans backstab them if the foe joins her. This might confuse everyone, especially the foe being danced with.</p> <p><strong><em>Wicked Waltz</em></strong><br /> <em>Primary: Demi (Level 2)</em><br /> A three step dance that causes hell for the enemy. Before each third step, the Dancer spins her foot out, sending a wave of force hurtling towards the enemy. After three strikes, The Enemy has lost 33% of it's current HP, and the Dancer keeps on dancing to her own beat.</p> <p><strong><em>Witch Hunt</em></strong><br /> <em>Primary: Power Attack</em><br /> <em>Secondaries: MP Attack (Mp-only option)</em><br /> The Dancer dances furiously around a single target, weapon drawn out and whirling around with her. SHe then flips into the Air behind the target and swipes at the foe, but instead of damaging the foe's body, she damages its magical essense.</p> <p><strong><em>Wiznaibus</em></strong><br /> <em>Primary: Power Attack (S)</em><br /> <em>Secondary: Area Effect</em><br /> The Dancer begins to spin and kick and dance towards the enemy, avoiding every single strike thrown at her. She then leaps into the air and lands in the midst of the enemies, leg outstretched with enough force behind it to deal some serious damage.</p> 
				 	]]>
				</content:encoded>							</item>
				</channel>
</rss>