<?xml version="1.0" encoding="UTF-8" ?>
<rss version="2.0" xmlns:content="http://purl.org/rss/1.0/modules/content/" xmlns:wikidot="http://www.wikidot.com/rss-namespace">

	<channel>
		<title>Quadra Slam</title>
		<link>http://zodiac-ffrpg.wikidot.com/forum/t-350660/quadra-slam</link>
		<description>Posts in the discussion thread &quot;Quadra Slam&quot; - It kinda is wimpy</description>
				<copyright></copyright>
		<lastBuildDate>Thu, 18 Feb 2021 21:37:10 +0000</lastBuildDate>
		
					<item>
				<guid>http://zodiac-ffrpg.wikidot.com/forum/t-350660#post-1193333</guid>
				<title>Re: Quadra Slam</title>
				<link>http://zodiac-ffrpg.wikidot.com/forum/t-350660/quadra-slam#post-1193333</link>
				<description></description>
				<pubDate>Mon, 04 Jul 2011 17:40:05 +0000</pubDate>
				<wikidot:authorName>RileaSW</wikidot:authorName>				<wikidot:authorUserId>570672</wikidot:authorUserId>				<content:encoded>
					<![CDATA[
						 <p>The optional Secondary effect Critical Strike (Check my rules dump in Optional Rules) takes care of half the problem for +1 tech level. Boogey's rule change will take care of the other.</p> 
				 	]]>
				</content:encoded>							</item>
					<item>
				<guid>http://zodiac-ffrpg.wikidot.com/forum/t-350660#post-1136022</guid>
				<title>Quadra Slam</title>
				<link>http://zodiac-ffrpg.wikidot.com/forum/t-350660/quadra-slam#post-1136022</link>
				<description></description>
				<pubDate>Mon, 25 Apr 2011 23:36:30 +0000</pubDate>
				<wikidot:authorName>Malcanthet</wikidot:authorName>				<wikidot:authorUserId>858503</wikidot:authorUserId>				<content:encoded>
					<![CDATA[
						 <p>Quadra Slam! That epic attack you see Cyan do and are like HOLYEFFDIHGUAINGAA SO AWESOME. It can crit, it hits four random targets, awesome. If you have the genji glove and two katanas, he does it 8 times. Rockin'! The only thing that was better was Quadra Slice, but that took longer and all.</p> <p>Now, in ZODIAC it is&#8230;kind of a 'meh' ability. It needs something. It needs something bad. Normal attack damage I can appreciate, but halved? This is a serious ouch, since normal attacks do really crappy damage in the present system (before mods) and it makes this attack paltry, even if you are using it to try and status effect a boss four times in a row.</p> <p>Here's my suggestion. Allow quadra slam the ability to critical hit! Not too big of a damage hike, but it makes it have a little more oomph. It doesn't even have to be the regular ability of it, it would just be at a higher tech level (and thusly cost more TP). But I like making it crit-capable.. critical% can be 'whored' to be pretty intense (I have a character level 35 who is currently at a 30% crit rate &#8212; 70 or better on the die) but it still likely wont make too much of a game break if it comes into play. Thoughts? Suggestions?</p> 
				 	]]>
				</content:encoded>							</item>
				</channel>
</rss>