<?xml version="1.0" encoding="UTF-8" ?>
<rss version="2.0" xmlns:content="http://purl.org/rss/1.0/modules/content/" xmlns:wikidot="http://www.wikidot.com/rss-namespace">

	<channel>
		<title>The Guide to the Galaxy.</title>
		<link>http://zodiac-ffrpg.wikidot.com/forum/t-351688/the-guide-to-the-galaxy</link>
		<description>Posts in the discussion thread &quot;The Guide to the Galaxy.&quot; - The Astral Temples&#039;s Worldbook</description>
				<copyright></copyright>
		<lastBuildDate>Thu, 18 Feb 2021 21:36:45 +0000</lastBuildDate>
		
					<item>
				<guid>http://zodiac-ffrpg.wikidot.com/forum/t-351688#post-1140270</guid>
				<title>The Guide to the Galaxy.</title>
				<link>http://zodiac-ffrpg.wikidot.com/forum/t-351688/the-guide-to-the-galaxy#post-1140270</link>
				<description></description>
				<pubDate>Sat, 30 Apr 2011 18:34:48 +0000</pubDate>
				<wikidot:authorName>DFroGGotten1</wikidot:authorName>				<wikidot:authorUserId>498563</wikidot:authorUserId>				<content:encoded>
					<![CDATA[
						 <p>To be completed at a later date.</p> 
				 	]]>
				</content:encoded>							</item>
				</channel>
</rss>