<?xml version="1.0" encoding="UTF-8" ?>
<rss version="2.0" xmlns:content="http://purl.org/rss/1.0/modules/content/" xmlns:wikidot="http://www.wikidot.com/rss-namespace">

	<channel>
		<title>Magic of the Tarot</title>
		<link>http://zodiac-ffrpg.wikidot.com/forum/t-352120/magic-of-the-tarot</link>
		<description>Posts in the discussion thread &quot;Magic of the Tarot&quot; - The tech set of the Tarotmaster</description>
				<copyright></copyright>
		<lastBuildDate>Thu, 18 Feb 2021 21:36:26 +0000</lastBuildDate>
		
					<item>
				<guid>http://zodiac-ffrpg.wikidot.com/forum/t-352120#post-1141746</guid>
				<title>Magic of the Tarot</title>
				<link>http://zodiac-ffrpg.wikidot.com/forum/t-352120/magic-of-the-tarot#post-1141746</link>
				<description></description>
				<pubDate>Mon, 02 May 2011 17:31:15 +0000</pubDate>
				<wikidot:authorName>DFroGGotten1</wikidot:authorName>				<wikidot:authorUserId>498563</wikidot:authorUserId>				<content:encoded>
					<![CDATA[
						 <p><strong>MAGIC TAROT CARDS</strong></p> <p>Tarotmasters command the Tarot cards they weild, becuase they aren't just any Tarot cards, they are magic Tarot cards. Each card has it's own purpose, and the Tarotmaster knows how to effectively use them to her advantage.</p> <p><strong><em>Bishop Card</em></strong><br /> <em>Unique: Esuna</em><br /> When the Tarotmaster pulls the Bishop card, a vision of a Bishop appears and grants the person the Tarotmaster points to a cure of all ill ailments bestowed upon them at that time. With the negative status effects gone, the person can fight on without needing to use a single curative.</p> <p><strong><em>Death Card</em></strong><br /> <em>Primary: Fatal-Blow</em><br /> <em>Secondaries: Random Target -1, Backfire</em><br /> The Death Card is a double-edged blade when the Tarotmaster decides to draw this powerful card. Despite being able to kill any one enemy that death may or may not chose, it has a downside. Sometimes Death may want to rob the energy from the Tarotmaster herself. This has cost many a Tarotmaster their life, becuase they decide to overuse and abuse the power of Death himself.</p> <p><strong><em>Gil Card</em></strong><br /> <em>Primary: Confuse</em><br /> <em>Secondaries: Area Effect</em><br /> The Tarotmaster draws upon the magic of this card to cause phantasmic riches to fall from the heavens. This causes the greed of her enemies to overcome themselves and make them fight eachother, or hurt themselves trying to collect the riches.</p> <p><strong><em>Grail Card</em></strong><br /> <em>Primary: Healing</em><br /> The Grail card blesses a single chosen ally a drink of wine that replenishes one with energy and heals their wounded flesh. THe grail then disappears until needed to bring back the health of another ally.</p> <p><strong><em>Hermit Card</em></strong><br /> <em>Primary: Frog</em><br /> <em>Secondaries: Area Effect</em><br /> The Hermit Card calls upon the phantasm known as the Frog Sage. He rants about his age and calls everything that stands before his Tarotmaster 'Inferior to even the frogs that worship him'. So to make them more superior, He changes them into those that can worship him&#8230; Toads. but before they can decide to worship the old cag, he disappears and they face the Tarotmaster and her allies, hoping they don't croak before it's over with.</p> <p><strong><em>Lovers Card</em></strong><br /> <em>Primary: Charm</em><br /> <em>Secondaries: Area Effect</em><br /> The Tarotmaster pulls this card for trickery of the heart. Whatever is affected by it's magic will believe the Tarotmaster is theit one true love, for a little while. The Tarotmaster can't order them around, but they will do anything for her, including attack their own allies.</p> <p><strong><em>Magician Card</em></strong><br /> <em>Primary: Magic Boost</em><br /> <em>Secondaries: Area Effect</em><br /> This card calls forth the phantasmic Magus, a very powerful Black Mage, who offers the entire party a word of wisdom, and grants them his magical prowess in the form of an aura of focused concentrated magical power.</p> <p><strong><em>Moon Card</em></strong><br /> <em>Primary: Attack Magic (M)</em><br /> <em>Secondaries: Lesser Seal, Shadow Elemental</em><br /> The Tarotmaster pulls from her deck the Moon Card. Day will turn to night for a few moments as the moon shines and blast a single enemy with intense dark energy. This energy can cause the enemy so much pain, that it stops them from using their abilities.</p> <p><strong><em>Sabre Card</em></strong><br /> <em>Primary: Attack Magic (S)</em><br /> One of the first cards a Tarotmaster perfects is the Sabre card. It summons three magical blades that float arround the target at high speeds. Then, by the Tarotmaster's signal, they skewer the target delivering massive magical damage.</p> <p><strong><em>Staff Card</em></strong><br /> <em>Primary: Stun</em><br /> <em>Secondaries: Area Effect</em><br /> The Tarotmaster activates the magic in this card to call forth dozens of wooden staffs from the heavens that slam into all targets, causing them to be stunned by pain while the staffs that came from above disappear.</p> <p><strong><em>Star Card</em></strong><br /> <em>Primary: Regen</em><br /> <em>Secondaries: Area effect</em><br /> Day turns to night for a few moments, and a single star shines brightly above the Tarotmaster and her party. It's light grants them a gift that keeps on giving; Regeneration. When the star disappears, the entire party can continue fighting with a better hope that they don't need to use their restoratives.</p> <p><strong><em>Strength Card</em></strong><br /> <em>Primary: Strength Boost</em><br /> <em>Secondaries: Area effect</em><br /> The Tarotmaster's party looks to need a pick-me-up, so she delivers with this card. By using it's magic, the Tarotmaster calls forth a phnatasm of legendary proportions: The Warrior Of Light. He offers the party his strength in battle, then disappears, turning into their aura of strength.</p> <p><strong><em>Sun Card</em></strong><br /> <em>Primary: Attack Magic (M)</em><br /> <em>Secondaries: Lesser Blind, Holy Elemental</em><br /> The Tarotmaster calls forth the energy of the Sun Card. The very sun glows brightly and fires a beam of light at a single enemy. The light is so intense, it can cause blindness while searing the skin with holy energy.</p> <p><strong><em>Tower Card</em></strong><br /> <em>Primary: Attack Magic (S)</em><br /> <em>Secondaries: Lightning Elemental</em><br /> The Tower Card creates a tower from the very earth where a single enemy stood. It now stands atop a massive tower of rock and stone, and a storm quickly moves in. Suddenly, a massive lightning bolt strikes the tower and foe, causing both to collapse back to the earth</p> <p><strong><em>Wheel Card</em></strong><br /> <em>Primary: DSentence</em><br /> <em>Secondaries: Random -1</em><br /> An Upright wheel appears once this card is used. It has all the enemies' faces on it, along with a few slots that say 'Safe' and 'Won't Do'. The Tarotmaster gives the wheel a big spin, and awaits the final result. If it lands on an enemy, then death will came them in a matter of seconds. If its 'Safe'. Then they are lucky. If its 'Won't Do.' they they are probably immune to it.</p> 
				 	]]>
				</content:encoded>							</item>
				</channel>
</rss>