<?xml version="1.0" encoding="UTF-8" ?>
<rss version="2.0" xmlns:content="http://purl.org/rss/1.0/modules/content/" xmlns:wikidot="http://www.wikidot.com/rss-namespace">

	<channel>
		<title>Command Skills, Secondary Skills</title>
		<link>http://zodiac-ffrpg.wikidot.com/forum/t-350416/command-skills-secondary-skills</link>
		<description>Posts in the discussion thread &quot;Command Skills, Secondary Skills&quot; - Playtesting? Problems?</description>
				<copyright></copyright>
		<lastBuildDate>Thu, 18 Feb 2021 21:36:02 +0000</lastBuildDate>
		
					<item>
				<guid>http://zodiac-ffrpg.wikidot.com/forum/t-350416#post-1197722</guid>
				<title>Re: Command Skills, Secondary Skills</title>
				<link>http://zodiac-ffrpg.wikidot.com/forum/t-350416/command-skills-secondary-skills#post-1197722</link>
				<description></description>
				<pubDate>Sat, 09 Jul 2011 19:22:43 +0000</pubDate>
				<wikidot:authorName>Doresh</wikidot:authorName>				<wikidot:authorUserId>654492</wikidot:authorUserId>				<content:encoded>
					<![CDATA[
						 <p>At level 1, I don't think there such a huge damage difference. And don't forget that techs still cost MP/HP/speed to use, whereas Kick is free. Doesn't deal a whole lot of damage, but it helps if you're low on MP, fight against hordes of cannon fodder or just want to finish of wounded monsters.</p> 
				 	]]>
				</content:encoded>							</item>
					<item>
				<guid>http://zodiac-ffrpg.wikidot.com/forum/t-350416#post-1193332</guid>
				<title>Re: Command Skills, Secondary Skills</title>
				<link>http://zodiac-ffrpg.wikidot.com/forum/t-350416/command-skills-secondary-skills#post-1193332</link>
				<description></description>
				<pubDate>Mon, 04 Jul 2011 17:38:31 +0000</pubDate>
				<wikidot:authorName>RileaSW</wikidot:authorName>				<wikidot:authorUserId>570672</wikidot:authorUserId>				<content:encoded>
					<![CDATA[
						 <p>Boogey is working on a change that can bring some of the commands in line with the others.</p> <p>One problem I've always had is kick. It deals regular attack damage at 1/3 power to all enemies. It's not even a decent replacement at lower levels because you can pick up a 1st level Power Attack with Area Effect and only suffer a 1/2 power reduction. Boogey's rule will bring that into the useful territory in regards to regular damage.</p> 
				 	]]>
				</content:encoded>							</item>
					<item>
				<guid>http://zodiac-ffrpg.wikidot.com/forum/t-350416#post-1139483</guid>
				<title>Re: Command Skills, Secondary Skills</title>
				<link>http://zodiac-ffrpg.wikidot.com/forum/t-350416/command-skills-secondary-skills#post-1139483</link>
				<description></description>
				<pubDate>Fri, 29 Apr 2011 17:13:58 +0000</pubDate>
				<wikidot:authorName>DFroGGotten1</wikidot:authorName>				<wikidot:authorUserId>498563</wikidot:authorUserId>				<content:encoded>
					<![CDATA[
						 <p>ZODIAC, if you haven't noticed, is mainly a combat engine. There are no rules for Out of Combat usage of skills becuase, well, there isn't any need to adjust them. ZODIAC was designed as a simple system, and therefore should remain as such. So what if Chakra can be spammed needlessly out of combat, It simplifies the game.<br /> Also Chakra can be set at a certain limit between battles by GM's discretion. If there's a battle right after the battle you fought, then no, there will be no time to use chakra, but if you can rest for 5 or 10 minutes, then It's okay to Fully heal.</p> 
				 	]]>
				</content:encoded>							</item>
					<item>
				<guid>http://zodiac-ffrpg.wikidot.com/forum/t-350416#post-1134910</guid>
				<title>Command Skills, Secondary Skills</title>
				<link>http://zodiac-ffrpg.wikidot.com/forum/t-350416/command-skills-secondary-skills#post-1134910</link>
				<description></description>
				<pubDate>Sun, 24 Apr 2011 20:43:40 +0000</pubDate>
				<wikidot:authorName>Malcanthet</wikidot:authorName>				<wikidot:authorUserId>858503</wikidot:authorUserId>				<content:encoded>
					<![CDATA[
						 <p>My main concern at the moment is some Command skills are certainly much, much less than others. Why should I take Peep when I can make a tech for 1 or 2 MP that never needs to increase that uses Scan? Hell, I get CHAKRA which I can (in some GMs eyes) spam endlessly out of combat to almost remove the need for items in many instances. I would take that over Peep almost anyday.</p> <p>I'd like to ask others how they feel about each command skill in turn and discuss them and their relation to the game as a whole. Some characters are more balanced (or imbalanced) than others and GMs need to make sure they see the differences.</p> <p>I also think that some of the secondary skills should be allowed as a character levels to be chosen. Taking Attack Up or Magic Up doesn't really help out a character as much as say, Concentrate might, or Mentally Strong (we always need more MP). A couple small points of damage matters little after all when monster HP becomes unwittingly huge in scope, and a simple tech with the right elemental affinity will blow them out of the water. Say perhaps you could take another (albeit smaller list of) secondary skill at a given level? (Say one at 30, 60, 90 .. or 50 and 100, or 40 and 80. No more than 3 in any instance) Characters tend to fit a given theme, and I'd just like to put that on the forefront.</p> <p>Problem Command skills<br /> - Chakra<br /> Chakra seems like it's far too strong when you can use it out-of-combat as much as you want. It destroys the need for the very-expensive ether, and cheapens the idea that MP (or TP) is finite and you should use them sparingly. Why use potions and ethers after combat when one of your team has taken Chakra? You'll all be healed up in a few moments anyways, and your MP will practically be full? This is one of the main issues of having few encounters per session or 'in game day' as one will notice. A GM can easily rectify this by saying it's unusable out of combat, but that makes Chakra a dead choice in comparison. Chakra I feel just needs a little polish nudge/nerf, mainly in its out of combat implication. One use of it per hour per person out of combat may work well, or have a number of uses tied to the user's Level divided by 10 per hour+1, or some given time allotment it takes to use the ability out of combat. Perhaps Chakra should only recover up to a certain total % of an individuals HP or MP out of combat? (Say they are only brought to 50% and 25% respectively, and if they're over that out of combat chakra will have no effect) Nevertheless it should be looked over in my opinion.</p> 
				 	]]>
				</content:encoded>							</item>
				</channel>
</rss>