<?xml version="1.0" encoding="UTF-8" ?>
<rss version="2.0" xmlns:content="http://purl.org/rss/1.0/modules/content/" xmlns:wikidot="http://www.wikidot.com/rss-namespace">

	<channel>
		<title>Haste and Slow</title>
		<link>http://zodiac-ffrpg.wikidot.com/forum/t-350430/haste-and-slow</link>
		<description>Posts in the discussion thread &quot;Haste and Slow&quot; - Too irritating? Here&#039;s how to make them work!</description>
				<copyright></copyright>
		<lastBuildDate>Thu, 18 Feb 2021 21:37:11 +0000</lastBuildDate>
		
					<item>
				<guid>http://zodiac-ffrpg.wikidot.com/forum/t-350430#post-1134943</guid>
				<title>Haste and Slow</title>
				<link>http://zodiac-ffrpg.wikidot.com/forum/t-350430/haste-and-slow#post-1134943</link>
				<description></description>
				<pubDate>Sun, 24 Apr 2011 21:43:31 +0000</pubDate>
				<wikidot:authorName>Malcanthet</wikidot:authorName>				<wikidot:authorUserId>858503</wikidot:authorUserId>				<content:encoded>
					<![CDATA[
						 <p>Boogey and I were working on a way to remedy the issue of Slow and Haste not ..really working at all. Why should these do nothing if you use them at the beginning of the tick order? It makes no sense. Why do I have to wait for the end of the round to use them? Also no sense.</p> <p>A simple rules fix is thus &#8212; When you cast haste, all recipients now pay 2 less SPD for all actions. This makes normal actions cost 6 SPD, and Charge attacks cost 2 less SPD. Easy.</p> <p>Slow increases all action/SPD costs by 3. This may seem strange when applied against Haste which is only -2, but it works out mathematically, especially as SPD pools grow.</p> <p>Slow and Haste still counteract each other, and disregard the actual numerical additions and subtractions. Casting slow on a hasted individual simply removes haste.</p> <p>This means no more aggravating SPD equations at the beginning or end of the round, and everything is fast and simple. SPD up becomes a more viable use as well, now.</p> 
				 	]]>
				</content:encoded>							</item>
				</channel>
</rss>