<?xml version="1.0" encoding="UTF-8" ?>
<rss version="2.0" xmlns:content="http://purl.org/rss/1.0/modules/content/" xmlns:wikidot="http://www.wikidot.com/rss-namespace">

	<channel>
		<title>PvP: Player vs Player</title>
		<link>http://zodiac-ffrpg.wikidot.com/forum/t-350427/pvp:player-vs-player</link>
		<description>Posts in the discussion thread &quot;PvP: Player vs Player&quot; - Sometimes, it&#039;s just gonna happen</description>
				<copyright></copyright>
		<lastBuildDate>Thu, 18 Feb 2021 21:36:14 +0000</lastBuildDate>
		
					<item>
				<guid>http://zodiac-ffrpg.wikidot.com/forum/t-350427#post-1134968</guid>
				<title>Re: PvP: Player vs Player</title>
				<link>http://zodiac-ffrpg.wikidot.com/forum/t-350427/pvp:player-vs-player#post-1134968</link>
				<description></description>
				<pubDate>Sun, 24 Apr 2011 22:39:22 +0000</pubDate>
				<wikidot:authorName>Agent Boogeyman</wikidot:authorName>				<wikidot:authorUserId>502823</wikidot:authorUserId>				<content:encoded>
					<![CDATA[
						 <p>The easiest solution would be one already present. Use the same formulas monster use, INCLUDING how AP and MAP are calculated. When dealing damage to PCs, the dice multiplier would become *5 instead of *10, and your AP and MAP would become a flat STR/MAG * 2.</p> 
				 	]]>
				</content:encoded>							</item>
					<item>
				<guid>http://zodiac-ffrpg.wikidot.com/forum/t-350427#post-1134936</guid>
				<title>PvP: Player vs Player</title>
				<link>http://zodiac-ffrpg.wikidot.com/forum/t-350427/pvp:player-vs-player#post-1134936</link>
				<description></description>
				<pubDate>Sun, 24 Apr 2011 21:33:38 +0000</pubDate>
				<wikidot:authorName>Malcanthet</wikidot:authorName>				<wikidot:authorUserId>858503</wikidot:authorUserId>				<content:encoded>
					<![CDATA[
						 <p>Normally you frown on this sort of thing. But sometimes, character discrepancies come up, or a PC gets controlled by the BBEG and you want a challenging fight. But herein lies the problem &#8212;! OH S*** THE PC HAS SUCH LOW HEALTH. And all the party members can explode you if you get initiative. Dumb and uninteresting.. right? I think so. Especially if the controlled PC is supposed to be a boss!</p> <p>For duels, there's an easy way to solve it. One on one duels (tense and dramatic) can simply have the PCs multiply their HP by 5. Otherwise, halving damage dealt to PCs in PC on PC conflict might be a way to mitigate the overwhelming HP to Damage ratio.</p> <p>Even average level 30 PCs have little more than 500 HP, but they're likely doing much more than that in a single hit(at least tech-wise). You don't want PCs accidentally ganking each other in a drop of a hat, especially out of combat (if you allow it) where they just rip off an attack at a party member to stop him from doing something (dumb or otherwise)&#8230; and KO them. Trying to figure out a concrete way of doing this should be looked over. Halving damage to begin with sounds like the best bet, again. (Even for characters under confusion, attacking party members I feel)</p> 
				 	]]>
				</content:encoded>							</item>
				</channel>
</rss>