<?xml version="1.0" encoding="UTF-8" ?>
<rss version="2.0" xmlns:content="http://purl.org/rss/1.0/modules/content/" xmlns:wikidot="http://www.wikidot.com/rss-namespace">

	<channel>
		<title>Relics</title>
		<link>http://zodiac-ffrpg.wikidot.com/forum/t-350436/relics</link>
		<description>Posts in the discussion thread &quot;Relics&quot; - They&#039;re kinda busted.</description>
				<copyright></copyright>
		<lastBuildDate>Thu, 18 Feb 2021 21:35:23 +0000</lastBuildDate>
		
					<item>
				<guid>http://zodiac-ffrpg.wikidot.com/forum/t-350436#post-2224158</guid>
				<title>Re: Relics</title>
				<link>http://zodiac-ffrpg.wikidot.com/forum/t-350436/relics#post-2224158</link>
				<description></description>
				<pubDate>Tue, 03 Feb 2015 23:09:54 +0000</pubDate>
				<wikidot:authorName>DFroGGotten1</wikidot:authorName>				<wikidot:authorUserId>498563</wikidot:authorUserId>				<content:encoded>
					<![CDATA[
						 <p>I'm in the process of creating a Master's Guide, called 'The Master's Codex'. But keep in mind I'm also working on BEASTIE BOOK and a module for beginners. If anyone would like to offer any help, It'll be most appreciated.</p> 
				 	]]>
				</content:encoded>							</item>
					<item>
				<guid>http://zodiac-ffrpg.wikidot.com/forum/t-350436#post-2219330</guid>
				<title>Re: Relics</title>
				<link>http://zodiac-ffrpg.wikidot.com/forum/t-350436/relics#post-2219330</link>
				<description></description>
				<pubDate>Thu, 29 Jan 2015 06:18:24 +0000</pubDate>
				<wikidot:authorName>ThunderGodCidofolas</wikidot:authorName>				<wikidot:authorUserId>2053384</wikidot:authorUserId>				<content:encoded>
					<![CDATA[
						 <p>I'm not sure how your group is doing things if people are only ever making two relics, and not even using both of them. The GM decides which relics are available at what times, and there's a provision to make two explicitly End-Game tier relics that are&#8230;well, for the end game. Your best relic should never be available right away. Hell, you shouldn't even be buying relics at all at the outset, considering you only get 200 G for initial equipment, where the cheapest possible relic costs 500. The first eight basically fall into the patter you outlined with Sub Relics (minus allowing characters to equip other command skills, which really is going to vary from campaign to campaign), while the two artifacts aren't going to show up for quite some time.<br /> You're right that there could be more options added to Relics, though.</p> <p>This also makes me wonder if ZODIAC couldn't benefit from a sort of 'DM's Guide' equivalent, outlining expected milestones for when characters should expect to find equipment tiers and that sort of thing. I don't know if 'S' would have passed along any internal documents about that to the new ownership, though.</p> 
				 	]]>
				</content:encoded>							</item>
					<item>
				<guid>http://zodiac-ffrpg.wikidot.com/forum/t-350436#post-1194452</guid>
				<title>Re: Relics</title>
				<link>http://zodiac-ffrpg.wikidot.com/forum/t-350436/relics#post-1194452</link>
				<description></description>
				<pubDate>Wed, 06 Jul 2011 06:18:10 +0000</pubDate>
				<wikidot:authorName>Aidanika</wikidot:authorName>				<wikidot:authorUserId>502322</wikidot:authorUserId>				<content:encoded>
					<![CDATA[
						 <p>I think you mean RESISTANCES should cost more. Immunities cost 10 points, which is more than a non-Artifact relic can cost. Actually, that's annoying in of itself. Wouldn't 8 be sufficient cost?</p> 
				 	]]>
				</content:encoded>							</item>
					<item>
				<guid>http://zodiac-ffrpg.wikidot.com/forum/t-350436#post-1193336</guid>
				<title>Re: Relics</title>
				<link>http://zodiac-ffrpg.wikidot.com/forum/t-350436/relics#post-1193336</link>
				<description></description>
				<pubDate>Mon, 04 Jul 2011 17:48:34 +0000</pubDate>
				<wikidot:authorName>RileaSW</wikidot:authorName>				<wikidot:authorUserId>570672</wikidot:authorUserId>				<content:encoded>
					<![CDATA[
						 <p>I suggest checking my Rules Dump for some options for equipment creation. Just check with your gm.</p> 
				 	]]>
				</content:encoded>							</item>
					<item>
				<guid>http://zodiac-ffrpg.wikidot.com/forum/t-350436#post-1134983</guid>
				<title>Relics</title>
				<link>http://zodiac-ffrpg.wikidot.com/forum/t-350436/relics#post-1134983</link>
				<description></description>
				<pubDate>Sun, 24 Apr 2011 23:04:03 +0000</pubDate>
				<wikidot:authorName>Malcanthet</wikidot:authorName>				<wikidot:authorUserId>858503</wikidot:authorUserId>				<content:encoded>
					<![CDATA[
						 <p>The relic system is busted, needs fixing, and seems shoddily tacked on with no personalization to it.. much unlike the weapon system which requires a lot more time and thought..even the armors and guards are more personalized.</p> <p>You typically will make one or two relics, equip one and leave it on forever. It feels counter-intuitive to how the rest of the game is made up.</p> <p>I propose two relics, and have a primary 'main' relic (which is very character determined by theme and backstory, like being a Dark Knight or a Robot with magical gem powers) and a sub relic which will have less choices. I also think immunities should cost more, and to replace them have some relics which give a +% bonus versus the statuses the protect against.</p> <p>Sub relics will provide effects that CAN be personalized too, but have a more 'I want to swap this out from time to time' feel. For instance wearing jump boots to swap out your command skill to become Jump (just an example).</p> <p>Main relics should be extremely important and integral, that likely will only have one or two things that you could swap with it, and definitely their artifact equivalent.</p> <p>I propose perhaps that relics can be fit into categories, such as Warrior/Adept/Mage .. depending upon your weapon set that you choose to utilize. Warriors could be 5/1, 4/2, while Adepts are 3/3. Mages are 2/4, 1/5. It is just an idea.</p> <p>Also for Weapon? I feel a level of variation should be allowed when crafting them (but when crafting they'd kind of be set in stone). You choose your base set (5/1, 4/2, etc) and one or two weapons in the set (same with armor) can vary +1 or -1 along the scale. Someone who uses physical is probably going to have a 5/1 or a 4/2 set, and mage types the opposite. This also would help the 'Adept' customize their set to be more magely or physical given the weapon and armor set they have to choose from.</p> <p>It may make it a little more complex, but it feels like it's in the right direction. I should probably put that one in a different thread..</p> 
				 	]]>
				</content:encoded>							</item>
				</channel>
</rss>