<?xml version="1.0" encoding="UTF-8" ?>
<rss version="2.0" xmlns:content="http://purl.org/rss/1.0/modules/content/" xmlns:wikidot="http://www.wikidot.com/rss-namespace">

	<channel>
		<title>Megaman Zero Enemies</title>
		<link>http://zodiac-ffrpg.wikidot.com/forum/t-350414/megaman-zero-enemies</link>
		<description>Posts in the discussion thread &quot;Megaman Zero Enemies&quot; - Pantheons, bots, bosses</description>
				<copyright></copyright>
		<lastBuildDate>Thu, 18 Feb 2021 21:36:31 +0000</lastBuildDate>
		
					<item>
				<guid>http://zodiac-ffrpg.wikidot.com/forum/t-350414#post-1134889</guid>
				<title>Megaman Zero Enemies</title>
				<link>http://zodiac-ffrpg.wikidot.com/forum/t-350414/megaman-zero-enemies#post-1134889</link>
				<description></description>
				<pubDate>Sun, 24 Apr 2011 20:00:45 +0000</pubDate>
				<wikidot:authorName>Malcanthet</wikidot:authorName>				<wikidot:authorUserId>858503</wikidot:authorUserId>				<content:encoded>
					<![CDATA[
						 <p>I'd figure I'd plop down some work I'd been doing since I got into the system. It's more of a flexing of my knowledge of the system, and these creations can be converted into your various technological beasties, I'm sure. Mostly here I have detailed the Pantheon series of Reploids, more or less ripped straight from the games.</p> <p>PANTHEONS<br /> Pantheons are Reploids modeled after Megaman X, yet they possess no face. Instead they have a single cyclopic red eye, giving way that they are inhuman and devoid of emotion. Many variants of the Pantheon type exist in play, but all have the base appearance of a blue humanoid robot. Pantheons tend to come in large groups, and always have plentiful allies to call to the forefront.</p> <p>Pantheon Zombie (Level 20)<br /> Broken down or re-booted Pantheons that have long since lost their purpose. They are the robot undead - able to infect their victims with a couple of mean maladies. They drip fluids and spark with malevolence. Ironically these reploids show the most personality of all the Pantheons &#8212; evil. They seek to tear apart foes and turn them into more of their own.. whether wholly organic or not. Pantheon Zombies tend to come in groups of four to six. Zombies are typically found in junk or scrap heaps.. or battlefields where they could have risen once again.</p> <p>STR 80 HP 830 Resist 25 Rewards: 700 XP, 300 GP<br /> MAG 5 MP 12 Evade 25 Revivify, Antidote<br /> VIT 30 AP 160 Accuracy 6<br /> SPR 5 MAP 10 MAcc. 6<br /> AGI 5 SPD 12 Critical 98</p> <p>Basic Attack - 1d8*5+160<br /> Undead, Weakness to Fire and Lightning<br /> Immune to Ice, Lesser Status Touch (Zombie, Poison)</p> <p>Pantheon Hunter (Level 20)<br /> Your basic Pantheon unit. Blue robot, equipped with a Buster or rifle in its hands. These Reploids are always plentiful, and often call for more of their ilk (Whether Guardians or Hunters)</p> <p>STR 50 HP 730 Resist 30 Rewards: 700 XP, 300 GP<br /> MAG 10 MP 15 Evade 31 Potion<br /> VIT 25 AP 100 Accuracy 11<br /> SPR 10 MAP 40 MAcc. 7<br /> AGI 30 SPD 14 Critical 96</p> <p>Basic Attack(Buster) - 1d8*5+100<br /> Weakness Lightning, Can hit flying opponents without difficulty<br /> Call for Help (Pantheon Hunter, or similar Pantheon)</p> <p>Pantheon Guardian (Level 20)<br /> Your basic Pantheon, but without even a gun. They instead are equipped with shock blades attacked where a buster would be. They are somewhat lethargic, perhaps due to some defect in their programming. They tend to summon more Guardians more often than Hunters.</p> <p>STR 65 HP 630 Resist 27 Rewards: 700 XP, 300 GP<br /> MAG 10 MP 12 Evade 30 Potion<br /> VIT 20 AP 130 Accuracy 10<br /> SPR 5 MAP 20 MAcc. 7<br /> AGI 25 SPD 13 Critical 97</p> <p>Basic Attack(Electric Club) - 1d10*5+130<br /> Weakness Lightning, Lightning Elemental Attacks<br /> Call for Help (Pantheon Guardian, or similar Pantheon)</p> <p>Pantheon Bomber (Level 25)<br /> Sneaky little buggers, these Pantheons like to hide and ambush parties with their bombs whenever possible. They tend to number one or two in a combat, and always in the back lines behind sturdier Guardians, Zombies or Hunters. They will often try to run away if they take more than fifty percent of their health, but fortunately their health isn't very high.</p> <p>STR 50 HP 580 Resist 28 Rewards: 875 XP, 375 GP<br /> MAG 20 MP 15 Evade 34 Fire Bomb X1 (+2D, X1.5AP Fire Phys AOE)<br /> VIT 15 AP 100 Accuracy 14<br /> SPR 20 MAP 40 MAcc. 9<br /> AGI 45 SPD 15 Critical 95</p> <p>Basic Attack(Punch) - 1d8*5+100<br /> Weakness Lightning<br /> (Force of Will) Fire Bomb Attack - AoE Fire, 3d8*5+150 vs all (Every other round)<br /> Inaccurate (cannot crit)</p> <p>Pantheon Fliers (Level 30)<br /> Some of the more elite Pantheons are purple or green in color, sporting impressive winged jetpacks of great maneuverability and buster rifles which pack quite the punch. Fliers come in packs of two, and harry opponents until their inevitable destruction.</p> <p>STR 85 HP 930 Resist 29 Rewards: 1050 XP, 450 GP<br /> MAG 5 MP 15 Evade 68 High Potion, Unstable Pack (single use item, gives user Float/Flight for 1d4+1 ticks. 5 minutes in game time)<br /> VIT 30 AP 170 Accuracy 14<br /> SPR 10 MAP 10 MAcc. 6<br /> AGI 45 SPD 16 Critical 95</p> <p>Basic Attack(Buster) - 1d8*5+170<br /> Weakness Lightning, Flier, Ranged, Agile</p> 
				 	]]>
				</content:encoded>							</item>
				</channel>
</rss>