<?xml version="1.0" encoding="UTF-8" ?>
<rss version="2.0" xmlns:content="http://purl.org/rss/1.0/modules/content/" xmlns:wikidot="http://www.wikidot.com/rss-namespace">

	<channel>
		<title>General Chat</title>
		<link>http://zodiac-ffrpg.wikidot.com/forum/t-350413/general-chat</link>
		<description>Posts in the discussion thread &quot;General Chat&quot; - A place to say hello and introduce yourself</description>
				<copyright></copyright>
		<lastBuildDate>Thu, 18 Feb 2021 21:36:08 +0000</lastBuildDate>
		
					<item>
				<guid>http://zodiac-ffrpg.wikidot.com/forum/t-350413#post-1397647</guid>
				<title>Re: General Chat</title>
				<link>http://zodiac-ffrpg.wikidot.com/forum/t-350413/general-chat#post-1397647</link>
				<description></description>
				<pubDate>Mon, 19 Mar 2012 10:50:24 +0000</pubDate>
				<wikidot:authorName>Moronic Ironic</wikidot:authorName>				<wikidot:authorUserId>414635</wikidot:authorUserId>				<content:encoded>
					<![CDATA[
						 <p>Hi, I'm Seamus. I'm actually waiting for some of the updates as I'm trying to create a MUSH (Persistent Text Based RPG Game) using the system for a final fantasy game set in an original world. So I'm hoping to get some of the rules that I have questions about clarified in the future updates, before I start spamming the boards for clarifications. :)</p> 
				 	]]>
				</content:encoded>							</item>
					<item>
				<guid>http://zodiac-ffrpg.wikidot.com/forum/t-350413#post-1378241</guid>
				<title>Re: General Chat</title>
				<link>http://zodiac-ffrpg.wikidot.com/forum/t-350413/general-chat#post-1378241</link>
				<description></description>
				<pubDate>Mon, 20 Feb 2012 19:10:35 +0000</pubDate>
				<wikidot:authorName>DFroGGotten1</wikidot:authorName>				<wikidot:authorUserId>498563</wikidot:authorUserId>				<content:encoded>
					<![CDATA[
						 <p>guess whose back from no-Inet-land<br /> That's right, Froggotten is back and i'm gonna be working overtime on some new projects.<br /> so to the old and the new, get ready to, as ZODIAC's motto says, 'Leave your world behind'</p> 
				 	]]>
				</content:encoded>							</item>
					<item>
				<guid>http://zodiac-ffrpg.wikidot.com/forum/t-350413#post-1375516</guid>
				<title>Re: General Chat</title>
				<link>http://zodiac-ffrpg.wikidot.com/forum/t-350413/general-chat#post-1375516</link>
				<description></description>
				<pubDate>Thu, 16 Feb 2012 14:21:10 +0000</pubDate>
				<wikidot:authorName>Doresh</wikidot:authorName>				<wikidot:authorUserId>654492</wikidot:authorUserId>				<content:encoded>
					<![CDATA[
						 <p>Glad to see there's still some life here. Welcome ^^ !</p> 
				 	]]>
				</content:encoded>							</item>
					<item>
				<guid>http://zodiac-ffrpg.wikidot.com/forum/t-350413#post-1363470</guid>
				<title>Re: General Chat</title>
				<link>http://zodiac-ffrpg.wikidot.com/forum/t-350413/general-chat#post-1363470</link>
				<description></description>
				<pubDate>Wed, 01 Feb 2012 23:40:25 +0000</pubDate>
				<wikidot:authorName>Laertes Ursus</wikidot:authorName>				<wikidot:authorUserId>512665</wikidot:authorUserId>				<content:encoded>
					<![CDATA[
						 <p>Hello, I'm new to the system as well. call me Laertes Ursus, or any recognizable variation thereof. I joined Boogey's game recently under the character Gabriel. I see a system with enough simplicity to be easily played but enough complexity to cover all the bases, and I like it. I hope to inject my own thoughts into its further development to aid it in becoming something better.</p> 
				 	]]>
				</content:encoded>							</item>
					<item>
				<guid>http://zodiac-ffrpg.wikidot.com/forum/t-350413#post-1206336</guid>
				<title>Re: General Chat</title>
				<link>http://zodiac-ffrpg.wikidot.com/forum/t-350413/general-chat#post-1206336</link>
				<description></description>
				<pubDate>Wed, 20 Jul 2011 19:29:31 +0000</pubDate>
				<wikidot:authorName>Psychotime</wikidot:authorName>				<wikidot:authorUserId>1040956</wikidot:authorUserId>				<content:encoded>
					<![CDATA[
						 <p>Hows it going? I'm thinking of dabbling in this thing. Honestly I think it's a bit on the strange side because it's pure abstraction, but it's modular enough for a good deal of customization, and it has a much better philosophy to it's concept than the one Returners took.</p> 
				 	]]>
				</content:encoded>							</item>
					<item>
				<guid>http://zodiac-ffrpg.wikidot.com/forum/t-350413#post-1141740</guid>
				<title>Re: General Chat</title>
				<link>http://zodiac-ffrpg.wikidot.com/forum/t-350413/general-chat#post-1141740</link>
				<description></description>
				<pubDate>Mon, 02 May 2011 17:26:23 +0000</pubDate>
				<wikidot:authorName>DFroGGotten1</wikidot:authorName>				<wikidot:authorUserId>498563</wikidot:authorUserId>				<content:encoded>
					<![CDATA[
						 <p>I know that, I placed that there for whatever new member decides to join the wikidot forum.</p> 
				 	]]>
				</content:encoded>							</item>
					<item>
				<guid>http://zodiac-ffrpg.wikidot.com/forum/t-350413#post-1141353</guid>
				<title>Re: General Chat</title>
				<link>http://zodiac-ffrpg.wikidot.com/forum/t-350413/general-chat#post-1141353</link>
				<description></description>
				<pubDate>Mon, 02 May 2011 07:57:29 +0000</pubDate>
				<wikidot:authorName>Malcanthet</wikidot:authorName>				<wikidot:authorUserId>858503</wikidot:authorUserId>				<content:encoded>
					<![CDATA[
						 <p>Silly goose you know who I am. This is K'rikka and Blank's player.</p> 
				 	]]>
				</content:encoded>							</item>
					<item>
				<guid>http://zodiac-ffrpg.wikidot.com/forum/t-350413#post-1139472</guid>
				<title>Re: General Chat</title>
				<link>http://zodiac-ffrpg.wikidot.com/forum/t-350413/general-chat#post-1139472</link>
				<description></description>
				<pubDate>Fri, 29 Apr 2011 16:52:59 +0000</pubDate>
				<wikidot:authorName>DFroGGotten1</wikidot:authorName>				<wikidot:authorUserId>498563</wikidot:authorUserId>				<content:encoded>
					<![CDATA[
						 <p>I'm Froggotten, the person in charge of the ZODIAC Wikidot. Though I'm not the creator of the system, I have contributed many things to the system, including the GF/Aeon System (Summoning Aeon System), as well as a few tune ups to the Core Rulebook. I'm great at creating Minigames for ZODIAC, and I encourage people playing it to create their own. I have ran a few campaigns that were successfully ran until put onto hiatus or just the fact that PbP isn't that great for my campaigns. I'm currently running a campaign by the name of Siren's Lost Songs, and Planning a campaign by the name of The Astral Temples (which will be a space-faring final fantasy game)If you wish to lurk, Go ahead, if you wish to join, I'm full up at the moment in Siren's, but A.T. will have room, but won't be ran until Siren's is over.</p> <p>Feel free to chat with me over YIM at original_froggie_of_dchs_04</p> 
				 	]]>
				</content:encoded>							</item>
					<item>
				<guid>http://zodiac-ffrpg.wikidot.com/forum/t-350413#post-1134881</guid>
				<title>General Chat</title>
				<link>http://zodiac-ffrpg.wikidot.com/forum/t-350413/general-chat#post-1134881</link>
				<description></description>
				<pubDate>Sun, 24 Apr 2011 19:45:22 +0000</pubDate>
				<wikidot:authorName>Malcanthet</wikidot:authorName>				<wikidot:authorUserId>858503</wikidot:authorUserId>				<content:encoded>
					<![CDATA[
						 <p>Hello, the Name's Malcanthet - I joined up in Boogey's game recently as the character Blank, fresh into the ZODIAC way of life.</p> <p>I don't see any forum or listing here to meet up with other players or to chat up others, so I'll put my stuff here first.. since the wikidot forums are pretty empty!</p> <p>My AIM is HChimera, so give me a message anytime if you wanna chat about the game. Eventually I want to end up running my own game of this, and will have a number of suggestions to provide to the game as a hole, as I definitely enjoy game development, play testing and balancing.</p> <p>This system has so much potential! It seems to have a lot of kinks worked out of it, and only needs some fine tuning and play testing to muck around with. So please don't be shy. Lets get to playing!</p> 
				 	]]>
				</content:encoded>							</item>
				</channel>
</rss>