<?xml version="1.0" encoding="UTF-8" ?>
<rss version="2.0" xmlns:content="http://purl.org/rss/1.0/modules/content/" xmlns:wikidot="http://www.wikidot.com/rss-namespace">

	<channel>
		<title>Main forum down?</title>
		<link>http://zodiac-ffrpg.wikidot.com/forum/t-367021/main-forum-down</link>
		<description>Posts in the discussion thread &quot;Main forum down?&quot; - What the hell happened?</description>
				<copyright></copyright>
		<lastBuildDate>Thu, 18 Feb 2021 21:37:09 +0000</lastBuildDate>
		
					<item>
				<guid>http://zodiac-ffrpg.wikidot.com/forum/t-367021#post-1193328</guid>
				<title>Re: Main forum down?</title>
				<link>http://zodiac-ffrpg.wikidot.com/forum/t-367021/main-forum-down#post-1193328</link>
				<description></description>
				<pubDate>Mon, 04 Jul 2011 17:34:48 +0000</pubDate>
				<wikidot:authorName>RileaSW</wikidot:authorName>				<wikidot:authorUserId>570672</wikidot:authorUserId>				<content:encoded>
					<![CDATA[
						 <p>For those of you wondering, I do indeed have most of the old forums saved to my hard drive. It's just very difficult to save individual pages to transfer to others.</p> 
				 	]]>
				</content:encoded>							</item>
					<item>
				<guid>http://zodiac-ffrpg.wikidot.com/forum/t-367021#post-1183492</guid>
				<title>Re: Main forum down?</title>
				<link>http://zodiac-ffrpg.wikidot.com/forum/t-367021/main-forum-down#post-1183492</link>
				<description></description>
				<pubDate>Tue, 21 Jun 2011 17:28:01 +0000</pubDate>
				<wikidot:authorName>DFroGGotten1</wikidot:authorName>				<wikidot:authorUserId>498563</wikidot:authorUserId>				<content:encoded>
					<![CDATA[
						 <p>Now we just need to back it up on these forums. I Think I covered most of the categories in the forum, so all we need to do is post and post to have it all on here.</p> 
				 	]]>
				</content:encoded>							</item>
					<item>
				<guid>http://zodiac-ffrpg.wikidot.com/forum/t-367021#post-1182772</guid>
				<title>Re: Main forum down?</title>
				<link>http://zodiac-ffrpg.wikidot.com/forum/t-367021/main-forum-down#post-1182772</link>
				<description></description>
				<pubDate>Mon, 20 Jun 2011 20:46:11 +0000</pubDate>
				<wikidot:authorName>Agent Boogeyman</wikidot:authorName>				<wikidot:authorUserId>502823</wikidot:authorUserId>				<content:encoded>
					<![CDATA[
						 <p>Well, looks like it's down again for good. Bah humbug. Good thing I bought that weekend to save as much as I could. I think Seth did as well, so it's like we really didn't lose anything at all, hooray!</p> 
				 	]]>
				</content:encoded>							</item>
					<item>
				<guid>http://zodiac-ffrpg.wikidot.com/forum/t-367021#post-1179809</guid>
				<title>Main forum down?</title>
				<link>http://zodiac-ffrpg.wikidot.com/forum/t-367021/main-forum-down#post-1179809</link>
				<description></description>
				<pubDate>Thu, 16 Jun 2011 19:00:50 +0000</pubDate>
				<wikidot:authorName>Doresh</wikidot:authorName>				<wikidot:authorUserId>654492</wikidot:authorUserId>				<content:encoded>
					<![CDATA[
						 <p>Dunno if anyone noticed we have a forum here, but anyways: what happened to the old forum? Did it finally kick the bucket or what? ProBoard tells something about 25 a) of their Terms of Service, which reads:</p> <p>&quot;25. TERMINATION<br /> a) By ProBoards</p> <p>WITHOUT LIMITING ANY OTHER PROVISION OF THIS AGREEMENT, PROBOARDS RESERVES THE RIGHT TO, IN PROBOARDS' SOLE DISCRETION AND WITHOUT NOTICE OR LIABILITY, DENY USE OF THE WEBSITE AND/OR SERVICES TO ANY PERSON FOR ANY REASON OR FOR NO REASON AT ALL, INCLUDING WITHOUT LIMITATION FOR ANY BREACH OR SUSPECTED BREACH OF ANY REPRESENTATION, WARRANTY OR COVENANT CONTAINED IN THIS AGREEMENT, OR OF ANY APPLICABLE LAW OR REGULATION.&quot;</p> <p>Sooo the board is down because they felt like it Oo ?</p> 
				 	]]>
				</content:encoded>							</item>
				</channel>
</rss>