<?xml version="1.0" encoding="UTF-8" ?>
<rss version="2.0" xmlns:content="http://purl.org/rss/1.0/modules/content/" xmlns:wikidot="http://www.wikidot.com/rss-namespace">

	<channel>
		<title>Seth&#039;s Massive Rules Dump</title>
		<link>http://zodiac-ffrpg.wikidot.com/forum/t-367216/seth-s-massive-rules-dump</link>
		<description>Posts in the discussion thread &quot;Seth&#039;s Massive Rules Dump&quot; - Here I list the various custom rules I have created for use in the game. There is no guarantee that these are balanced for game play, ask your GM before using any.</description>
				<copyright></copyright>
		<lastBuildDate>Thu, 18 Feb 2021 21:36:13 +0000</lastBuildDate>
		
					<item>
				<guid>http://zodiac-ffrpg.wikidot.com/forum/t-367216#post-1180989</guid>
				<title>Re: Seth&#039;s Massive Rules Dump</title>
				<link>http://zodiac-ffrpg.wikidot.com/forum/t-367216/seth-s-massive-rules-dump#post-1180989</link>
				<description></description>
				<pubDate>Sat, 18 Jun 2011 06:33:14 +0000</pubDate>
				<wikidot:authorName>RileaSW</wikidot:authorName>				<wikidot:authorUserId>570672</wikidot:authorUserId>				<content:encoded>
					<![CDATA[
						 <p>The below options are an attempt to split this forum into something easier to navigate, it is also my way of formatting the massive rules dump in smaller parts without breaking up the whole. A few effects have been removed and are currently in a &quot;Repair shop&quot; of sorts to rebalance them.</p> <hr /> <h1><span>Tech Creation</span></h1> <p><strong><span style="text-decoration: underline;">Primary Effects</span></strong><br /> <strong>Break Arts</strong><br /> This modifies Break Arts. Insert the following line into the Break Arts description before &quot;Level 2 Break Arts have an effect of 25%,&quot;</p> <p>&quot;Level 1 Break Arts have an effect of 10%, [&#8230;]&quot;</p> <p><strong>Demi Attack</strong><br /> This modifies Demi Attack. Insert the following line into the Demi Attack description before &quot;33% (Tech Level 2),&quot;</p> <p>&quot;10% (Tech Level 1), [&#8230;]&quot;</p> <p><strong>Stat Booster</strong><br /> This modifies Stat Booster. Insert the following lines into the Stat Booster description under &quot;<em>Speed Booster</em> increases the Speed of the subject.&quot;</p> <p>&quot;- <em>Armor Boost</em> decreases the damage taken from all Strength-based attacks to the subject.<br /> - <em>Spirit Boost</em> decreases the damage taken from all Magic-based attacks to the subject.&quot;</p> <p>Insert the following line into the Stat Booster description before &quot;Level 2 Stat Boosters have an effect of 25%&quot;.</p> <p>&quot;Level 1 Stat Boosters have an effect of 10%, [&#8230;]&quot;</p> <p><strong>Status Effect</strong><br /> Add the following effects to the chart.<br /></p> <table class="wiki-content-table"> <tr> <th>Status Effect</th> <th>Tech Level</th> <th>Base Attack Modifier</th> </tr> <tr> <td>Blink, Float</td> <td>3</td> <td>-</td> </tr> <tr> <td>Bubble, Orb, Refresh</td> <td>4</td> <td>-</td> </tr> <tr> <td>Spellbind</td> <td>5</td> <td>-</td> </tr> </table> <p><strong><span style="text-decoration: underline;">Secondary Effects</span></strong><br /> <strong>Critical Strike</strong><br /> <em>MP Adjustment: +1 Tech Level</em><br /> This tech is simply a very powerful attack. It can ONLY be used with a tech that deals random damage, such as Attack Magic or Quadra Slam. The tech is automatically considered to have the Inaccurate effect, however, if the character rolls high on their accuracy check, the tech deals Critical damage (counter to Inaccurate's rules). The user's Critical is determined to be -2 per tech level in regards to this tech.</p> <p><strong>Damage Over Time</strong><br /> <em>MP Adjustment: -1 Tech Level</em><br /> May only be combined with a damage dealing tech. Instead of dealing its damage all at once, one third of the damage is dealt at the end of the player's turn for 3 turns, starting the turn they used the tech. There is no limit to how many Damage Over Times effects may be stacked. Note that a Damage Over Time effect is not the same as the Poison status effect.</p> <p><strong>Delayed Attack</strong><br /> <em>MP Adjustment: -1 Tech Level</em><br /> The tech, which must deal damage, does not do anything the turn it is cast, instead, it deals its damage on the caster's next turn.</p> <p><strong>Deny</strong><br /> <em>MP Adjustment: Variable</em><br /> Opponents hit with a tech that has this effect lose a specific ability during their next turn. For +1 tech levels it removes the ability to make normal attacks. For +2 tech levels it removes the ability to use techs or blue magic, but not normal attacks.</p> <p><strong>Double Tech</strong><br /> <em>MP Adjustment: Special</em><br /> A Double Tech is essentially X-Magic. When you build a Double Tech, you choose two primaries to use, treating both as the same level. The MP cost of the tech is equal to the cost of both primaries times 1.5. The secondary effect may not be the same as the primary, nor can any component of a Double Tech be a Status Effect. This secondary may be applied to Unique effects, but must follow the rules of such. Double Tech counts as a Secondary effect, meaning only one other secondary may be applied (excluding single Elemental). This secondary is meant only for GM use.</p> <p><strong>Empower</strong><br /> <em>MP Adjustment: +1 Tech Level</em><br /> This effect may only be combined with Break Arts, Demi Attack, Revive, and Stat Booster. When you use this tech, the percentage is increased by 50% (round to the lowest 5%). (10% becomes 15%, 25% becomes 35%, 33% becomes 45%, 50% becomes 75%)</p> <p><strong>Explosion</strong><br /> <em>MP Adjustment: Variable</em><br /> This secondary can only be attached to effects that do not target enemies. When used, the tech has a 15% chance to explode in the user's face, negating the primary effect and dealing non-elemental damage equal to the tech's level in d6 to the caster for -1 Tech level, or twice that for -2 tech levels.</p> <p><strong>Inaccurate</strong><br /> This secondary effect functions the same as in the base rules, however the player has the choice of using Magic Accuracy for the attack roll. This choice must be made when the tech is created and does not change.</p> <p><strong>Stall</strong><br /> <em>MP Adjustment: -1 Tech Level</em><br /> This effect denies the user of the tech from casting it in successive turns, requiring a 1 turn delay before the energies can be recharged. Additionally, it may not be double cast with X-Magic. (Example: The tech is cast on turn 1, which means it cannot be cast again until turn 3.)</p> <p><strong><span style="text-decoration: underline;">Unique Effects</span></strong><br /> <strong>Card</strong><br /> <em>Tech Level: Variable</em><br /> <em>Power Level: Weak</em><br /> This power changes a monster into a card. Make a magic attack roll at -55 against the monster's resistance to turn that monster into a card. At each tech level, you gain a +10 bonus to this attempt. When an opponent is turned into a card, they are removed from battle and no experience or gold are gained from them, likewise, drop items do not appear. This tech automatically fails against bosses. If combined with Area Effect, the tech suffers an additional -20 penalty. It is up to the GM to create a card game system if they allow this tech.</p> <p><strong>Convert</strong><br /> <em>Tech Level: Variable</em><br /> <em>Power Level: Strong</em><br /> This power allows a character to convert an item into an appropriate spell of Convert's level to use in combat against their opponents. Not all items are appropriate to use, and any items that are used are lost as if used normally. Typically, Potions become poisons (dealing the listed damage instead of healing), Status Cure items become Status spells (With appropriate level modifiers for accuracy), and monster items become a summon spell for that monster. The GM is allowed to alter these rules as they see fit, especially if they are already using consumable items with similar effects.<br /> <strong><em>Optional:</em></strong> <em>Using this tech with items created with the Card ability can also perform similar actions. With cards, a choice of casting an attack tech or summoning the carded monster may be performed.</em></p> <p><strong>Jewel</strong><br /> <em>Tech Level: Variable</em><br /> <em>Power Level: Weak</em><br /> This power draws an Ore from one monster on the field. To do so, you must make a magic attack roll at -40. For every level beyond the first, the modifier is increased by +10. Once a Gem has successfully been drawn from a target, they disappear from the battle and no experience is gained from them (except in the case of Boss monsters, in which you cannot draw from them again). If combined with Area Effect, the modifier receives an additional -25 penalty. It is up to the GM to make gems that may be drawn and what effects they have.</p> <p><strong>MP Absorb</strong><br /> <em>Tech Level: 5</em><br /> <em>Power Level: Special</em><br /> Until the end of the caster's next turn, they gain any MP spent by an opponent who's attack targets them. This ability costs 1 MP and may not have any secondaries attached to it.<br /> <strong><em>Optional:</em></strong> <em>At the Master's option, MP Steal may be upgraded to MP Absorb.</em></p> <p><strong>Refine</strong><br /> <em>Tech Level: Variable</em><br /> <em>Power Level: Strong</em><br /> This tech increases the numerical value of items used in combat by the target, or increases the range of the items. At tech level 2 it increases the value by 25%, 50% at level 4, and 100% at level 6. When used with items without a numerical effect, it causes the item to affect all appropriate targets. This tech may be combined with Area Effect or Self-Only.</p> <p><strong>Numerology</strong><br /> <em>Tech Level: 1</em><br /> <em>Power Level: Variable</em><br /> Numerology starts use in battle as a level one Power Attack or Attack Magic (chosen when the tech is created) with inaccurate, but during successive, successful uses, increases in power along the Power Attack level chart. The player must make an accuracy or magic accuracy check (dependant on the damage type chosen) at -30, and a failure reverts the damage output back to level 1. Numerology's power level is related to the damage die it uses - d10s make it a Strong effect, d8s are Medium, and d6s are Weak. Numerology may be combined with Area Effect with a -10 penalty to the accuracy check, but always deals half-damage.</p> <p><strong>Reset</strong><br /> <em>Tech Level: 6</em><br /> <em>Power Level: Strong</em><br /> This tech gives its target max HP and MP and removes all status conditions, breaks and boosts, and any other effects (including those granted by items or inherent nature). If combined with Area Effect, this tech does this to all combatants (enemy and ally). This tech can be used on KO'd allies to return them to life.</p> 
				 	]]>
				</content:encoded>							</item>
					<item>
				<guid>http://zodiac-ffrpg.wikidot.com/forum/t-367216#post-1180521</guid>
				<title>Re: Seth&#039;s Massive Rules Dump</title>
				<link>http://zodiac-ffrpg.wikidot.com/forum/t-367216/seth-s-massive-rules-dump#post-1180521</link>
				<description></description>
				<pubDate>Fri, 17 Jun 2011 17:27:55 +0000</pubDate>
				<wikidot:authorName>RileaSW</wikidot:authorName>				<wikidot:authorUserId>570672</wikidot:authorUserId>				<content:encoded>
					<![CDATA[
						 <p>placeholder</p> 
				 	]]>
				</content:encoded>							</item>
					<item>
				<guid>http://zodiac-ffrpg.wikidot.com/forum/t-367216#post-1180520</guid>
				<title>Re: Seth&#039;s Massive Rules Dump</title>
				<link>http://zodiac-ffrpg.wikidot.com/forum/t-367216/seth-s-massive-rules-dump#post-1180520</link>
				<description></description>
				<pubDate>Fri, 17 Jun 2011 17:27:47 +0000</pubDate>
				<wikidot:authorName>RileaSW</wikidot:authorName>				<wikidot:authorUserId>570672</wikidot:authorUserId>				<content:encoded>
					<![CDATA[
						 <p>placeholder</p> 
				 	]]>
				</content:encoded>							</item>
					<item>
				<guid>http://zodiac-ffrpg.wikidot.com/forum/t-367216#post-1180519</guid>
				<title>Re: Seth&#039;s Massive Rules Dump</title>
				<link>http://zodiac-ffrpg.wikidot.com/forum/t-367216/seth-s-massive-rules-dump#post-1180519</link>
				<description></description>
				<pubDate>Fri, 17 Jun 2011 17:27:39 +0000</pubDate>
				<wikidot:authorName>RileaSW</wikidot:authorName>				<wikidot:authorUserId>570672</wikidot:authorUserId>				<content:encoded>
					<![CDATA[
						 <p>Placeholder</p> 
				 	]]>
				</content:encoded>							</item>
					<item>
				<guid>http://zodiac-ffrpg.wikidot.com/forum/t-367216#post-1180514</guid>
				<title>Re: Seth&#039;s Massive Rules Dump</title>
				<link>http://zodiac-ffrpg.wikidot.com/forum/t-367216/seth-s-massive-rules-dump#post-1180514</link>
				<description></description>
				<pubDate>Fri, 17 Jun 2011 17:22:00 +0000</pubDate>
				<wikidot:authorName>RileaSW</wikidot:authorName>				<wikidot:authorUserId>570672</wikidot:authorUserId>				<content:encoded>
					<![CDATA[
						 <p>There's very little variation between abilities of different levels on weapons and armor. This is my attempt to rectify that. Rules are from core and my own rules dump.</p> <hr /> <p><strong><span style="text-decoration: underline;">Weapon Abilities</span></strong></p> <p><strong>Counter</strong><br /> <em>Point Cost: 2</em><br /> The user of this weapon is capable of countering an opponent's attacks. There is a chance of an enemies physical attack being countered by a normal attack, with any additional affects on the weapon occur as normal. The counter chance is 20% at 4th level, +5% each additional level.</p> <p><strong>Dedicated Weapon</strong><br /> <em>Point Cost: 2</em><br /> The weapon is design to kill a certain type of monsters &#8212; dragons, demons, etc. The damage bonus modifies your normal attack (and Power Attacks that use the weapon) when used against the specified creatures. Consult the following chart for damage.</p> <table class="wiki-content-table"> <tr> <th>Level</th> <th>Damage Bonus</th> </tr> <tr> <td>4</td> <td>+1 Die, AP * 1</td> </tr> <tr> <td>5</td> <td>+1 Die, AP * 1.5</td> </tr> <tr> <td>6</td> <td>+2 Dice, AP * 1.5</td> </tr> <tr> <td>7</td> <td>+2 Dice, AP * 2</td> </tr> <tr> <td>8</td> <td>+3 Dice, AP * 2</td> </tr> <tr> <td>9</td> <td>+3 dice, AP * 2.5</td> </tr> <tr> <td>10</td> <td>+4 Dice, AP * 3</td> </tr> </table> <p><strong>Drain Weapon</strong><br /> <em>Point Cost: 3</em><br /> The wielder of this weapon absorbs a number of the damage done to restore his own HP. The drain effect has a base percentage of 20%, each additional level (including Artifact level) adds 20% more to the total damage drained. The amount restored cannot exceed the current hit points of the target.</p> <p><strong>Elemental</strong><br /> <em>Point Cost: 0</em><br /> The weapon deals damage of a particular element &#8212; Fire, Ice, etc. Any one weapon may only have one element per 3 weapon levels.</p> <p><strong>Keen Edge</strong><br /> <em>Point Cost: 2</em><br /> The weapon has a greater chance to cause critical hits. Subtract 5 from your Critical per weapon level/2, rounded down.</p> <p><strong>Long Range</strong><br /> <em>Point Cost: Special</em><br /> <em>All</em> weapons of this type are ranged or projectile weapons, granting them a long-range attack and allowing the wielder to attack flying creatures without penalty. This ability takes 2 points off of the <em>total</em> number of points the weapon set has, and does not count towards individual weapon limits. Thus a standard set of Long-Range Weapons would have 8 points to divide amongst the individual weapons.<br /> Instead of paying 2 points for all weapons to have Long Range, a player may instead choose to only spend 1 point to gain Reach. Reach weapons function in a similar way to Long Range weapons, but they only halve the penalty for targeting flying enemies, instead of nullifying it.</p> <p><strong>Spell Effect</strong><br /> <em>Point Cost: 2</em><br /> The weapon has a chance of casting a particular spell after a successful attack roll. The chance of casting the spell is 15% at 4th level, +10% every level thereafter, to a maximum of 75% at Artifact level. The actual effect is an Attack Magic tech of any element, of a Tech Level equal to half the weapon's level. The Wielder may also choose to cast the spell directly from the item, with a chance to destroy the item opposite the random casting chance (85% for level 4, 75% for Level 5, etc). Artifact-level weapons will never be destroyed by releasing the spell within; however, there is a 25% chance that the spell ceases to function for the remainder of the battle, nullifying both random and purposeful activation. Any one weapon may only have one Spell Effect.</p> <p><strong>Stat Bonus</strong><br /> <em>Point Cost: Variable</em><br /> The weapon improves its wielder's abilities. The exact amount of the increase depends both on the chosen stat and the weapon's level. This effect costs 2 points. No weapon may increase Strength.<br /> The player may choose to take only half the Stat Bonus, and pay 1 point instead of 2. All half-values are rounded down.<br /> In addition to the above options, the weapon could <em>weaken</em> the user's stats. The weapons gives back points towards its abilities equal to what they would've spent for the positive version of this effect.</p> <table class="wiki-content-table"> <tr> <th>Statistic</th> <th>Amount of Increase</th> </tr> <tr> <td>Magic</td> <td>Base +3, +2 per Weapon Level</td> </tr> <tr> <td>Agility</td> <td>Base +3, +2 per Weapon Level</td> </tr> <tr> <td>Vitality</td> <td>Base +1, +1 per Weapon Level</td> </tr> <tr> <td>Spirit</td> <td>Base +1, +1 per Weapon Level</td> </tr> </table> <p><strong>Status Effect</strong><br /> <em>Point Cost: Variable</em><br /> The weapon has a chance to cause a status effect. This chance begins at level 4 with 30% and increases by 5% each additional level. With the exception of Stun and Death Sentence, effects last 1d2 rounds.<br /> As an alternative option, the user may choose to have their weapon be cursed, hitting them with the status instead of their opponents. They get back points towards that weapon's abilities instead.</p> <table class="wiki-content-table"> <tr> <th>Status Effect</th> <th>Point Cost</th> </tr> <tr> <td>Blind, Death Sentence, Poison, Sleep, Stun</td> <td>2</td> </tr> <tr> <td>Charm, Curse, Seal, Venom</td> <td>3</td> </tr> </table> <p><strong><span style="text-decoration: underline;">Armor Abilities</span></strong></p> <p><strong>Auto-X</strong><br /> <em>Point Cost: Variable</em><br /> Armor with this ability casts beneficial status effect on the user at the start of battle. The status effect lasts for the maximum duration. A player can have only 1 Auto-X ability per 3 weapon levels. Level 3 Status effects cost 2 points, level 4 effects cost 3 points, and level 5 effects cost 4 points. The player takes the highest costing Auto-X ability and adds 1 point for each additional Auto-X.</p> <p><strong>Defense/Magical Defense</strong><br /> <em>Point Cost: Variable</em><br /> The armor reduces physical or magical damage (choose <em>one</em>) for 3 points. At 6th level it reduces damage by 25%, at 7th by 33%, at 8th by 50%, 9th by 66%, and by 75% at Artifact level. No armor may have both types of damage.<br /> The player may choose instead to have the armor increase damage following the above formula. This version of the ability pays back 3 points towards the armor's abilities.</p> <p><strong>Elemental Affinity</strong><br /> <em>Point Cost: Variable</em><br /> Can be used for any one of the eight basic elements per 3 weapon levels: Ice, FIre, Lightning, Earth, Water, Wind, Holy and Shadow. The armor is especially good at repelling or absorbing attacks from that element. For 1 point it reduces damage by 50%, for 2 points it nullifies the damage, and for 3 points it not only nullifies the damage, but the user recovers HP equal to the attack's damage.<br /> The player may choose to be weak to the element, taking double the damage from the appropriate elemental attack. This version of the ability pays back 1 point towards the armor's abilities.</p> <p><strong>Initiative</strong><br /> <em>Point Cost: 2</em><br /> Intiative adds half its level to the user's starting speed. This ability may only be placed on guards.</p> <p><strong>Secret Pocket</strong><br /> <em>Point Cost: 2</em><br /> Users of this armor get extra Gil after each battle. The bonus Gil is 15% of what they would normally aquire after a battle, +15% per armor level after 4th, to a maximum of 100% at Artifact level.</p> <p><strong>Stat Bonus</strong><br /> <em>Point Cost: Variable</em><br /> Increases an attribute by a certain amount, as shown below, for 2 points. Only one type of stat bonus per armor. The player may pay only 1 point for half the bonus (round down).<br /> The player may choose instead to have the armor penalize a stat. They may penalize by half or full points to recieve 1 or 2 points respectively to pay back abilities on the armor.</p> <table class="wiki-content-table"> <tr> <th>Statistic</th> <th>Amount of Increase</th> </tr> <tr> <td>Strength</td> <td>Base +3, +2 per Weapon Level</td> </tr> <tr> <td>Magic</td> <td>Base +3, +2 per Weapon Level</td> </tr> <tr> <td>Agility</td> <td>Base +3, +2 per Weapon Level</td> </tr> <tr> <td>Resist</td> <td>Base +2, +1 per Weapon Level</td> </tr> <tr> <td>Vitality</td> <td>Base +1, +1 per Weapon Level</td> </tr> <tr> <td>Spirit</td> <td>Base +1, +1 per Weapon Level</td> </tr> </table> <p><strong>Status Immunity</strong><br /> <em>Point Cost: Special</em><br /> The armor cancels out the effect of one or more Status Effects, rendering the wearer unable to be affected by them. When purchasing Status Immunities, pay the cost of the highest-level Immunity you wish to have on the armor. Additional Status Immunities cost 1 point each.<br /> Alternatively, the player may choose to be weak to a certain Status effect, their Resistance is considered half when being targeted by that Status. This version of the ability pays back points to the armor's abilities based on the same formula for immunities.<br /> A player may only have 1 Status Immunity or Weakness per 3 weapon levels.</p> <table class="wiki-content-table"> <tr> <th>Status Effect</th> <th>Point Cost</th> </tr> <tr> <td>Stun, Poison, Berserk, Slow, Blind, Death Sentence</td> <td>1</td> </tr> <tr> <td>Zombie, Sleep, Venom, Mini, Curse, Confuse</td> <td>2</td> </tr> <tr> <td>Stop, Stone, Frog, Charm, Seal</td> <td>3</td> </tr> </table> 
				 	]]>
				</content:encoded>							</item>
					<item>
				<guid>http://zodiac-ffrpg.wikidot.com/forum/t-367216#post-1180513</guid>
				<title>Seth&#039;s Massive Rules Dump</title>
				<link>http://zodiac-ffrpg.wikidot.com/forum/t-367216/seth-s-massive-rules-dump#post-1180513</link>
				<description></description>
				<pubDate>Fri, 17 Jun 2011 17:21:49 +0000</pubDate>
				<wikidot:authorName>RileaSW</wikidot:authorName>				<wikidot:authorUserId>570672</wikidot:authorUserId>				<content:encoded>
					<![CDATA[
						 <p>I created this thread, despite the fact that I'm repeating much of the other stuff I've posted, because I wanted a place where I can just come in and modify the post instead of worrying about what I put where.</p> <p>Please make note that I did not create all of these rules, some are simply those that I found and modified to either be more balanced, or make more sense. If you see a rule you created and would like me to remove it from the list, please say so. If you have a rule that you'd like added, I'll look it over, and if I see any problem, modify it appropriately.</p> <p>Some of these rules conflict with those from the core rules, in this case, either replace or modify those rules. I'll mark which of my rules modify existing rules.</p> <p>UPDATE (Jan 21, 2010): Modified Amplify and added Supercharged.<br /> UPDATE (Feb 5, 2010): Added Combat Position (Rows) rules.<br /> UPDATE (May 4, 2010): Modified Limited Uses and Spellbind, added Double Tech, Elemental Choice, Steal As Well and Weakened secondaries, Aura and Card uniques, Card command skill, and Counter and Tetra Master support skills.<br /> UPDATE (Oct 9, 2010): Added Break Arts, Demi Attack, and Stat Booster primary techs, Reach and Variable Elemental weapon properties, Auto-X, Counter, Initiative, and Secret Pocket armor abilities, and Cheer and Focus command skills.<br /> UPDATE (Nov 8, 2010): Added Overkill.<br /> UPDATE (Nov 16, 2010): Added Age and Dice primary effects, Inaccurate secondary effect, Convert, Refine, and Reset unique effects, Float, Sap, and Spellbind Status (With their levels on the proper charts), and Ore. Modified Deny Attack (now called Deny), Explosion, Limited Uses, and Weakened secondary effects, and Variable Elemental weapon ability. Merged Amplify with Supercharged, Dedicated with Limited, and Elemental with Elemental Choice.<br /> Minor Update (Nov 17, 2010): Reduced the bonus received from Quickness. Made Auto-X an Armor-only ability. Made Initiative a Guard-only ability and reduced it's effectiveness to the first tick.<br /> UPDATE (Nov 21, 2010): Added optional equipment rules and abilities. Removed Ore for processing (pun intended). Added the Status Effect &quot;Orb.&quot;<br /> UPDATE (Nov 27, 2010): Added Optional rules for Armor progression, added new options for Armor's Stat Booster effect. Made a few minor changes to the costs of relics.<br /> UPDATE (Nov 30, 2010): Status Effect and Lesser Status Attack (Zombie), Accurate, Boost (+1), Critical Strike, Dedicated, Elemental, MP Affect, Weakened are official. Limited Uses and Steal as Well have have been changed officially. Aura is an optional rule for Limit Breaks. All these rules have been removed from this dump.<br /> UPDATE (Jun 10, 2011): Changed Point cost of Auto-X, Half MP, Luck, Secondary Skill, and Universal Secondary equipment effects.. Modified rules for the Dance Command skill and the Initiative and Universal Secondary equipment effects. Moved Counter effect from Armor to Weapons. Removed Swap from Armor effects. Added Numerology Unique Effect, and Leveling Weapon Effects and Spell Effect modification.<br /> UPDATE (Jun 11, 2011): Modified Status Effects. Made Blink Temporary. Added Refresh.</p> <p>+-+-+-+-+-+-+-+<br /> |TECH CREATION|<br /> +-+-+-+-+-+-+-+</p> <div class="content-separator" style="display: none:"></div> <p>PRIMARY EFFECTS</p> <div class="content-separator" style="display: none:"></div> <p>[b]Age[/b]<br /> [i](Power Level: Medium)[/i]<br /> This tech allows the character to change the target's level temporarily. A magic attack roll with a -60 modifier is made to change the target by 1d3 levels. The character using this tech may choose at time of casting whether to reduce or increase the target's level. Each level of this tech adds +10 to the base attack roll. The target recieves a bonus or penalty (whether they moved up or down in level) of 1 point in Vitality, Spirit, and Agility as well as the proper level modifiers for the derived stats of HP, MP, and Speed. These levels are only temporary and all effects go away after battle (If used on monsters, the level changes affect the rewards of GP and Exp).</p> <p>[b]Break Arts[/b]<br /> This modifies Break Arts. Insert the following line into the Break Arts description before &quot;Level 2 Break Arts have an effect of 25%,&quot;</p> <p>&quot;Level 1 Break Arts have an effect of 10%, [&#8230;]&quot;</p> <p>[b]Demi Attack[/b]<br /> This modifies Demi Attack. Insert the following line into the Demi Attack description before &quot;33% (Tech Level 2),&quot;</p> <p>&quot;10% (Tech Level 1), [&#8230;]&quot;</p> <p>[b]Dice[/b]<br /> [i](Power Level: Medium)[/i]<br /> This tech copies the effects of the Dice command skill. Each level taken in this tech beyond level 1 adds +5 to the results of the dice to a maximum of 30. This effect can only be combined with Charge Power, Sacrifice, Area Effect and Limited Uses.</p> <p>[b]Stat Booster[/b]<br /> This modifies Stat Booster. Insert the following lines into the Stat Booster description under &quot;[i]Speed Booster[/i] increases the Speed of the subject.&quot;</p> <p>&quot;- [i]Armor Boost[/i] decreases the damage taken from all Strength-based attacks to the subject.<br /> - [i]Spirit Boost[/i] decreases the damage taken from all Magic-based attacks to the subject.&quot;</p> <p>Insert the following line into the Stat Booster description before &quot;Level 2 Stat Boosters have an effect of 25%&quot;.</p> <p>&quot;Level 1 Stat Boosters have an effect of 10%, [&#8230;]&quot;</p> <p>[b]Status Effect[/b]<br /> Add the following effects to the chart.<br /> [pre]+<span style="text-decoration: line-through;">-</span><span style="text-decoration: line-through;">-</span><span style="text-decoration: line-through;">-</span><span style="text-decoration: line-through;">-</span><span style="text-decoration: line-through;">+</span><span style="text-decoration: line-through;">-</span><span style="text-decoration: line-through;">-+</span><span style="text-decoration: line-through;">-</span><span style="text-decoration: line-through;">-</span><span style="text-decoration: line-through;">-</span><span style="text-decoration: line-through;">-+<br /> | STATUS EFFECT |TECH LEVEL|BASE ATTACK MODIFIER|<br /> +</span><span style="text-decoration: line-through;">-</span><span style="text-decoration: line-through;">-</span><span style="text-decoration: line-through;">-</span><span style="text-decoration: line-through;">-</span>+<span style="text-decoration: line-through;">-</span><span style="text-decoration: line-through;">-</span>+<span style="text-decoration: line-through;">-</span><span style="text-decoration: line-through;">-</span><span style="text-decoration: line-through;">-</span><span style="text-decoration: line-through;">-</span>+<br /> | Sap | 1 | -40 |<br /> +<span style="text-decoration: line-through;">-</span><span style="text-decoration: line-through;">-</span><span style="text-decoration: line-through;">-</span><span style="text-decoration: line-through;">-</span><span style="text-decoration: line-through;">+</span><span style="text-decoration: line-through;">-</span><span style="text-decoration: line-through;">-+</span><span style="text-decoration: line-through;">-</span><span style="text-decoration: line-through;">-</span><span style="text-decoration: line-through;">-</span><span style="text-decoration: line-through;">-+<br /> | Blink, Float | 3 | -</span>&#8212; |<br /> +<span style="text-decoration: line-through;">-</span><span style="text-decoration: line-through;">-</span><span style="text-decoration: line-through;">-</span><span style="text-decoration: line-through;">-</span><span style="text-decoration: line-through;">+</span><span style="text-decoration: line-through;">-</span><span style="text-decoration: line-through;">-+</span><span style="text-decoration: line-through;">-</span><span style="text-decoration: line-through;">-</span><span style="text-decoration: line-through;">-</span><span style="text-decoration: line-through;">-+<br /> | Bubble, Orb, Refresh | 4 | -</span>&#8212; |<br /> +<span style="text-decoration: line-through;">-</span><span style="text-decoration: line-through;">-</span><span style="text-decoration: line-through;">-</span><span style="text-decoration: line-through;">-</span><span style="text-decoration: line-through;">+</span><span style="text-decoration: line-through;">-</span><span style="text-decoration: line-through;">-+</span><span style="text-decoration: line-through;">-</span><span style="text-decoration: line-through;">-</span><span style="text-decoration: line-through;">-</span><span style="text-decoration: line-through;">-+<br /> | Spellbind | 5 | -</span>&#8212; |<br /> +<span style="text-decoration: line-through;">-</span><span style="text-decoration: line-through;">-</span><span style="text-decoration: line-through;">-</span><span style="text-decoration: line-through;">-</span><span style="text-decoration: line-through;">+</span><span style="text-decoration: line-through;">-</span><span style="text-decoration: line-through;">-+</span><span style="text-decoration: line-through;">-</span><span style="text-decoration: line-through;">-</span><span style="text-decoration: line-through;">-</span>&#8212;-+[/pre]<br /> [b](This modifies Status Effect)[/b]</p> <div class="content-separator" style="display: none:"></div> <p>SECONDARY EFFECTS</p> <div class="content-separator" style="display: none:"></div> <p>[b]Boost[/b]<br /> [i]MP Adjustment: Variable[/i]<br /> For +2 MP levels, the bonus is 50% more damage.</p> <p>[b]Damage Over Time[/b]<br /> [i]MP Adjustment: -1 Tech Level[/i]<br /> May only be combined with a damage dealing tech. Instead of dealing its damage all at once, one third of the damage is dealt at the end of the player's turn for 3 turns, starting the turn they used the tech. There is no limit to how many Damage Over Times effects may be stacked. Note that a Damage Over Time effect is not the same as the Poison status effect.</p> <p>[b]Delayed Attack[/b]<br /> [i]MP Adjustment: -1 Tech Level[/i]<br /> The tech, which must deal damage, does not do anything the turn it is cast, instead, it deals its damage on the caster's next turn.</p> <p>[b]Deny[/b]<br /> [i]MP Adjustment: Variable[/i]<br /> Opponents hit with a tech that has this effect lose a specific ability during their next turn. For -1 tech levels it removes the ability to make normal attacks. For -2 tech levels it removes the ability to use techs or blue magic, but not normal attacks.</p> <p>[b]Double Tech[/b]<br /> [i]MP Adjustment: Special[/i]<br /> A Double Tech is essentially X-Magic. When you build a Double Tech, you choose two primaries to use, treating both as the same level. The MP cost of the tech is equal to the cost of both primaries times 1.5. The secondary effect may not be the same as the primary, nor can any component of a Double Tech be a Status Effect. This secondary may be applied to Unique effects, but must follow the rules of such. Double Tech counts as a Secondary effect, meaning only one other secondary may be applied (excluding single Elemental). This secondary is meant only for GM use.</p> <p>[b]Empower[/b]<br /> [i]MP Adjustment: +1 Tech Level[/i]<br /> This effect may only be combined with Break Arts, Demi Attack, Revive, and Stat Booster. When you use this tech, the percentage is increased by 50% (round to the lowest 5%). (10% becomes 15%, 25% becomes 35%, 33% becomes 45%, 50% becomes 75%)</p> <p>[b]Explosion[/b]<br /> [i]MP Adjustment: Variable[/i]<br /> This secondary can only be attached to effects that do not target enemies. When used, the tech has a 15% chance to explode in the user's face, negating the primary effect and dealing non-elemental damage equal to the tech's level in d6 to the caster for -1 Tech level, or twice that for -2 tech levels.</p> <p>[b]Inaccurate[/b]<br /> This secondary effect functions the same as in the base rules, however the player has the choice of using Magic Accuracy for the attack roll. This choice must be made when the tech is created and does not change.</p> <p>[b]Lesser Status Attack[/b]<br /> This effect is the same as the base rules, but adds the following status.</p> <p>[pre]+<span style="text-decoration: line-through;">-</span><span style="text-decoration: line-through;">-</span><span style="text-decoration: line-through;">-+</span><span style="text-decoration: line-through;">-</span><span style="text-decoration: line-through;">-</span><span style="text-decoration: line-through;">-</span><span style="text-decoration: line-through;">-+<br /> |STATUS EFFECT|BASE ATTACK MODIFIER|<br /> +</span><span style="text-decoration: line-through;">-</span><span style="text-decoration: line-through;">-</span>-+<span style="text-decoration: line-through;">-</span><span style="text-decoration: line-through;">-</span><span style="text-decoration: line-through;">-</span><span style="text-decoration: line-through;">-</span>+<br /> | Sap | -60 |<br /> +<span style="text-decoration: line-through;">-</span><span style="text-decoration: line-through;">-</span><span style="text-decoration: line-through;">-+</span><span style="text-decoration: line-through;">-</span><span style="text-decoration: line-through;">-</span><span style="text-decoration: line-through;">-</span>&#8212;-+[/pre]</p> <p>[b]Spellbind[/b]<br /> [i]MP Adjustment: +1 Tech Level[/i]<br /> Spellbound techs increase the time of duration effects (status effects, damage over time) by 2.</p> <p>[b]Stall[/b]<br /> [i]MP Adjustment: -1 Tech Level[/i]<br /> This effect denies the user of the tech from casting it in successive turns, requiring a 1 turn delay before the energies can be recharged. Additionally, it may not be double cast with X-Magic. (Example: The tech is cast on turn 1, which means it cannot be cast again until turn 3.)</p> <div class="content-separator" style="display: none:"></div> <p>UNIQUE EFFECTS</p> <div class="content-separator" style="display: none:"></div> <p>[b]Card[/b]<br /> [i]Tech Level: Variable[/i]<br /> [i]Power Level: Weak[/i]<br /> This power changes a monster into a card. Make a magic attack roll at -30 against the monster's resistance to turn that monster into a card. At each tech level, you gain a +10 bonus to this attempt. When an opponent is turned into a card, they are removed from battle and no experience or gold are gained from them, likewise, drop items do not appear. This tech automatically fails against bosses. If combined with Area Effect, the tech suffers an additional -20 penalty. It is up to the GM to create a card game system if they allow this tech.</p> <p>[b]Convert[/b]<br /> [i]Tech Level: Variable[/i]<br /> [i]Power Level: Strong[/i]<br /> This power allows a character to convert an item into an appropriate spell of Convert's level to use in combat against their opponents. Not all items are appropriate to use, and any items that are used are lost as if used normally. Typically, Potions become poisons (dealing the listed damage instead of healing), Status Cure items become Status spells (With appropriate level modifiers for accuracy), and monster items become a summon spell for that monster. The GM is allowed to alter these rules as they see fit, especially if they are already using consumable items with similar effects.<br /> [i]OPTIONAL: Using this tech with items created with the Card ability can also perform similar actions. With cards, a choice of casting an attack tech or summoning the carded monster may be performed.[/i]</p> <p>[b]Jewel[/b]<br /> [i]Tech Level: Variable[/i]<br /> [i]Power Level: Weak[/i]<br /> This power draws an Ore from one monster on the field. To do so, you must make a magic attack roll at -40. For every level beyond the first, the modifier is increased by +10. Once a Gem has successfully been drawn from a target, they disappear from the battle and no experience is gained from them (except in the case of Boss monsters, in which you cannot draw from them again). If combined with Area Effect, the modifier receives an additional -25 penalty. It is up to the GM to make gems that may be drawn and what effects they have.</p> <p>[b]MP Absorb[/b]<br /> [i]Tech Level: 5[/i]<br /> [i]Power Level: Special[/i]<br /> Until the end of the caster's next turn, they gain any MP spent by an opponent who's attack targets them. This ability costs 1 MP and may not have any secondaries attached to it.<br /> [i]OPTIONAL: At the Master's option, MP Steal may be upgraded to MP Absorb.[/i]</p> <p>[b]Refine[/b]<br /> [i]Tech Level: Variable[/i]<br /> [i]Power Level: Strong[/i]<br /> This tech increases the numerical value of items used in combat by the target, or increases the range of the items. At tech level 2 it increases the value by 25%, 50% at level 4, and 100% at level 6. When used with items without a numerical effect, it causes the item to affect all appropriate targets. This tech may be combined with Area Effect or Self-Only.</p> <p>[B]Numerology[/B]<br /> [I]Tech Level: 1[/I]<br /> [I]Power Level: Variable[/I]<br /> Numerology starts use in battle as a level one Power Attack or Attack Magic (chosen when the tech is created) with inaccurate, but during successive, successful uses, increases in power along the Power Attack level chart. The player must make an accuracy or magic accuracy check (also chosen at creation) at -30, and a failure reverts the damage output back to level 1. Numerology's power level is related to the damage die it uses &#8212; d10s make it a Strong effect, d8s are Medium, and d6s are Weak. Numerology may be combined with Area Effect with a minus -10 penalty to the accuracy check, but always deals half-damage.</p> <p>[b]Reset[/b]<br /> [i]Tech Level: 6[/i]<br /> [i]Power Level: Strong[/i]<br /> This tech gives its target max HP and MP and removes all status conditions, breaks and boosts, and any other effects (including those granted by items or inherent nature). If combined with Area Effect, this tech does this to all combatants (enemy and ally). This tech can be used on KO'd allies to return them to life.</p> <p>+-+-+-+-+-+<br /> |EQUIPMENT|<br /> +-+-+-+-+-+</p> <div class="content-separator" style="display: none:"></div> <p>WEAPONS</p> <div class="content-separator" style="display: none:"></div> <p>[b]Optional Rules[/b]<br /> The following are optional rules a GM may choose to implement.<br /> [i]1.)[/i] No Point Limit. The weapons are not limited to a pool of points that must split between all the weapons. The player may not have more than half the weapon's level in applied abilities.<br /> [i]2.)[/i] No Weapon Limit. The weapon list is not limited to 9 base weapons. The player may create as many weapons as they wish. They may still only have one Artifact weapon.<br /> [i]3.)[/i] Weapon Point Costs. Instead of using a pool for points, the player must pay an additional 100 Gil for each point of ability they apply to the weapon, Elemental Affinity costs an extra 50 Gil. They are still limited to the individual weapon's normal point cap.<br /> [i]4.)[/i] Leveling Weapon Effects. You don't get points to spend on a weapon. Instead, you choose three effects. You get these effect at levels 4, 7 and 10. Your effects are still limited to the point cost restriction of half the weapon's level. Every level of weapon after the effect was added also has that effect. You cannot have effects that pay points back.</p> <div class="content-separator" style="display: none:"></div> <p>WEAPON CONSTRUCTION SYSTEM</p> <div class="content-separator" style="display: none:"></div> <p>[b]Counter[/b]<br /> [i]Point Cost: 2[/i]<br /> The user of this weapon is capable of countering an opponent's attacks. There is a 20% chance of an enemies physical attack being countered by a normal attack.</p> <p>[b]Cursed[/b]<br /> [i]Point Cost: Special[/i]<br /> A weapon with this ability is cursed to auto-cast a harmful status effect on the user at the start of battle. Temporary effects automatically last for their maximum duration. These effects pay back 1 point to the weapon's abilities per tech level of the status effect.</p> <p>[b]Elemental[/b]<br /> [i]Point Cost: Special[/i]<br /> This weapon has multiple elemental affinities. The first affinity is always free, additional elements cost 1 point each. [b]This relaces the Elemental effect from the base game.[/b]</p> <p>[b]Reach[/b]<br /> [i]Point Cost: Special[/i]<br /> A sister ability of Long Range, Reach weapons don't lose the penalty for attacking flying creatures, but they do halve the Long Range penalty. This ability takes 1 point off the total number of points the weapon set has and doesn't count towards individual weapon limits. This is a useful ability for Spears and Whips.</p> <p>[B]Spell Effect[/b]<br /> [i]Point Cost: 2[/i]<br /> [b]This Effect modifies an existing rule.[/b]<br /> This effect functions the same as the core rules, however it scales with the weapon's power and level. For Strength, use your magic dice &#8212; d10 is Strong, d8 is Medium, and d6 is Weak. For level, the spell is half your Weapon's level. All other effects are the same.</p> <p>[b]Variable Elemental[/b]<br /> [i]Point Cost: Special[/i]<br /> This weapon has multiple elements, however only one is active at any time. The chosen element is activated at the start of battle and it takes an action to change to another element. For 1 point, this ability grants 3 elements, for 3 points it grants all 8.</p> <div class="content-separator" style="display: none:"></div> <p>ARMOR AND GUARDS</p> <div class="content-separator" style="display: none:"></div> <p>[b]Optional Rules[/b]<br /> The following are optional rules a GM may choose to implement.<br /> [i]1.)[/i] No Point Limit. The armors and guards are not limited to a pool of points that must split between each of them. The player may not have more than half the weapon's level in applied abilities.<br /> [i]2.)[/i] No Armor/Guard Limit. The list is not limited to 9 base items each. The player may create as many armors or guards as they wish. They may still only have one Artifact Armor and one Artifact Guard.<br /> [i]3.)[/i] Armor Point Costs. Instead of using a pool for points, the player must pay an additional 100 Gil for each point of ability they apply to the armor. They are still limited to the individual armor's normal point cap.<br /> [i]4.)[/i] New Progression System. Instead of the listed progression values for standard armor, they are instead modified as follows:<br /> [list]<br /> [*]Enhance/Light armor has at Lv3 - +10 MP, Lv4 - +35 HP, +14 MP, Lv6 - +26 MP, Lv7 - +32 MP, Lv10 - +70 MP.<br /> [*]Balance/Medium armor has at Lv3 - +5 MP, Lv4 - +70 HP, +7 MP, Lv6 - +13 MP, Lv7 - +16 MP.<br /> [*]Defense/Heavy armor has at Lv1 - +40 HP, Lv2 - +60 HP, Lv3 - +100 HP, Lv4 - +140 HP, Lv5 - +200 HP, Lv6 - +260 HP, Lv7 - +320 HP, Lv8 - +400 HP, Lv9 - +500 HP, Lv10 - 700 HP.<br /> [/list]</p> <div class="content-separator" style="display: none:"></div> <p>ARMOR CONSTRUCTION SYSTEM</p> <div class="content-separator" style="display: none:"></div> <p>[b]Auto-X[/b]<br /> [i]Point Cost: Special[/i]<br /> Armor with this ability casts a beneficial status effects on the user at the start of the battle. Level 3 effects cost 2 points, level 4 effects cost 3, and level 5 effects cost 4 points. It is possible for an armor to have multiple Auto-X abilities.</p> <p>[b]Cursed[/b]<br /> [i]Point Cost: Special[/i]<br /> Armor with this ability is cursed to auto-cast a harmful status effect on the user at the start of battle. Temporary effects automatically last for their maximum duration. These effects pay back 1 point to the armor's abilities per tech level of the status effect.</p> <p>[b]Initiative[/b]<br /> [i]Point Cost: 2[/i]<br /> Intiative adds half its level to the user's starting speed. This ability may only be placed on guards.</p> <p>[b]Secret Pocket[/b]<br /> [i]Point Cost: 2[/i]<br /> Users of this armor get double the normal amount of Gil dropped after a battle.</p> <p>[b]Stat Booster[/b]<br /> [i]Point Cost: Special[/i]<br /> This effect functions the same as the base rules, however, an armor or guard may have half the bonus for 1 point. This effect can also function in reverse, reducing the character's chosen stat by the appropriate number to pay back points to that piece of armor.</p> <div class="content-separator" style="display: none:"></div> <p>RELICS</p> <div class="content-separator" style="display: none:"></div> <p>[b]Optional Rules[/b]<br /> The following are optional rules a GM may choose to implement.<br /> [i]1.)[/i] No point limit. The player's only limit in relic creation is that they cannot exceed the relic's natural point cap.<br /> [i]2.)[/i] No relic limit. The player may have as many relics on their list as they can create. They may only have 2 artifact relics however.<br /> [i]3.)[/i] No point cap. Relics may be created above the normal point cap. Relics built this way, however, cost and additional 1,000 Gil per point exceeding the normal cap.<br /> [i]4.)[/i] Dual-Equip. The character may equip two relics and have both of them active at the same time. Relics with similar effects do not stack, the greater effect is considered the only one in such cases. (Two Strength boosts, for instance, only grant the greatest one's bonus.)<br /> [i]5.)[/i] No Option Limit. The base rules restrict the character's options to one from each category (except Status Immunities). With this optional rule, the character may combine multiple options from the same category (creating multiple Elemental Protection effects, Combat Bonuses, or cheaper Stat Boosts). The restriction here is that the multiple options cannot have the same effect (You cannot take two +15 Stat Boosts for a +30 in Strength, for example.)<br /> [i]6.)[/i] Sharing Relics. A character may buy and use a relic from their allies' relic lists. They cannot use that character's Artifact relics however.</p> <div class="content-separator" style="display: none:"></div> <p>RELIC CONSTRUCTION SYSTEM</p> <div class="content-separator" style="display: none:"></div> <p>[b]Auto-X[/b]<br /> [i]Point Cost: Special[/i]<br /> Auto-X automatically casts a helpful status effect on the user at the start of battle for the maximum duration. Level 3 Status effects cost 2 point, Level 4 cost 3 points, and level 5 costs 4 points.</p> <p>[b]Cursed[/b]<br /> [i]Point Cost: Special[/i]<br /> Cursed relics auto-cast a harmful status effect on the user at the start of battle. If the effect is temporary, the effect lasts for the maximum possible duration. Cursed effects pay back the status effect's level according to the Tech Creation charts. This cannot reduce the price of a relic below a 500 Gil minimum.</p> <p>[b]Half MP[/b]<br /> [i]Point Cost: 16[/i]<br /> This effect halves the cost of all the user's abilities (Techs and Blue Magic).</p> <p>[b]Luck[/b]<br /> [i]Point Cost: Special[/i]<br /> This effect doubles the player's chances of succeeding in an action. (Status effects have half the penalty, and double the level modifier, etc). Luck costs 8 points. Luck may be applied to a single effect for 4 points. Single Effects are Physical Attacks, Magical Accuracy, or Theivery.</p> <p>[b]Secondary Skill[/b]<br /> [i]Point Cost: Special[/i]<br /> This adds a Secondary skill to the user's normal ones. If the player already has the specified Secondary skill, the effects are added. (Jump deals 4x the damage, and Lucky allows a character to make 2 rerolls in one day, for example.) This effect may have both a Command and a Support attached to it. To replace a Command skill costs 4 points while a Support skills costs 2. If you want to add a skill without replacing them, it costs double the replace cost.</p> <p>[b]Universal Secondary[/b]<br /> [i]Point Cost: Special[/i]<br /> A Universal Secondary effect adds a secondary effect to all the users techs (Or blue magic) on top of their normal ones for no cost (This may bring a tech's level modifier above +2). A Universal Secondary may be ANY secondary listed in the Tech Creation rules. Secondary effects are still subject to a particular primary or unique effect's restrictions. -2 Levels pays back 6 points to the relic point pool, -1 pays back 3, +1 costs 4, and +2 costs 6. Charge Power and Sacrifice cost 1 point, and Elemental costs 2 points.</p> <p>+-+-+-+-+-+-+-+-+-+<br /> |SECONDARY SKILLS |<br /> +-+-+-+-+-+-+-+-+-+</p> <div class="content-separator" style="display: none:"></div> <p>COMMAND SKILLS</p> <div class="content-separator" style="display: none:"></div> <p><strong>Call</strong><br /> The character summons a random, powerful creature to aid them in battle. When using this ability, the character rolls 1d8 and consults the following chart.</p> <table class="wiki-content-table"> <tr> <th>Die Result</th> <th>Effect</th> </tr> <tr> <td>1 - Chocobo</td> <td>Increase party's Speed by 50%.</td> </tr> <tr> <td>2 - Ifrit</td> <td>Deal (+2d*10)+(MAP*1.5) Fire damage to one enemy, 35% chance of Blinding target.</td> </tr> <tr> <td>3 - Shiva</td> <td>Deal (+2d*10)+(MAP*1.5) Ice damage to one enemy, 35% chance of putting target to Sleep.</td> </tr> <tr> <td>4 - Ramuh</td> <td>Deal (+2d*10)+(MAP*1.5) Lightning damage to one enemy, 25% chance of Sealing target.</td> </tr> <tr> <td>5 - Carbuncle</td> <td>Cast Barrier and MBarrier on party for 1d4+1 rounds.</td> </tr> <tr> <td>6 - Phoenix</td> <td>Revives party at 10% and Heals 130 + Mag/2 HP.</td> </tr> <tr> <td>7 - Ragnarok</td> <td>Converts monster to its Drop Item (Random if multiple, normal item is no Drops exist. Does not work on Bosses).</td> </tr> <tr> <td>8 - Bahamut</td> <td>Deals ((+3d*10)+(MAP*2.5))*1.5 non elemental damage to all enemies.</td> </tr> </table> <p>[b]Card[/b]<br /> The character is capable of turning monsters on the battlefield into playing cards. The character makes a magic attack roll at -25. If he succeeds, the monster is removed from battle and becomes a card. Monsters defeated this way do not drop items, or give experience or Gil. It is up to the GM to determine the rules of cards.</p> <p>[b]Cheer[/b]<br /> The character rallies him allies, granting them the strength to defeat their enemies. All allies (including the user) gain a 10% boost to their Attack Power, as well, Strength-based damage against them is reduced by 10%. This doesn't stack with Stat Boosters.</p> <p>[B]Dance[/B]<br /> Dance is an unusual Command skill, in that the player doesn't actually choose when it activates. A player has a 20% chance of it activating on their turn before they declare an action. If the Command activates, the player gets a new tech list (separate from their normal Tech List, and with only half the TP to spend on it) to choose from. These techs cost the same as normal techs to cast.</p> <p>As an optional rule, the GM may allow the Player to use Blue Magics instead of techs for their dance list. The GM is encouraged to have a list of Blue Magic which may only be used by Dancers. Otherwise, the player chooses whether learned techs go into their regular list or their Dance list.</p> <p>[b]Focus[/b]<br /> The character gives their allies guidance, granting them the will to defeat their enemies. All allies (including the user) gain a 10% boost to their Magic Attack Power, as well, Magic-based damage against them is reduced by 10%. This doesn't stack with Stat Boosters.</p> <div class="content-separator" style="display: none:"></div> <p>SUPPORT SKILLS</p> <div class="content-separator" style="display: none:"></div> <p>[b]Counter[/b]<br /> This rule is the same as that from the Core Rules, with the following additions.</p> <p>5) Counter Cover (20% chance): You counter an opponent who's triggering attack targets an ally instead of you. The ally must be below 15% health for this effect to activate. You choose whether this will be a normal or magical attack when you choose this skill.</p> <p>6) Counter Critical (15% chance): This attack works like a Normal Attack counter, but it has double the threat range of a normal critical attack.</p> <p>[b]Elemental Affinity[/b]<br /> The character chooses one element. They have resistance to that element and weakness to the opposing element. Additionally, they deal 25% more damage with techs that use their element, but 50% less with techs that use the opposing element. [b](Replaces Natural Resistance from the core rules)[/b]</p> <p>[b]Gillionaire[/b]<br /> The character gains 50% more Gil at the end of battle and when stealing.</p> <p>[b]Quickness[/b]<br /> The character gains +2 Speed at first level, +1 per 50 agility. Additionally, Charge Power techs cost 1 tech level less. [b](Replaces Quickness from the core rules.)[/b]</p> <p>[b]Pharmacist[/b]<br /> Healing from the character grants 25% more HP/MP (from items or techs). If this would bring them above full HP, they gain temporary HP/MP that go away at the end of the battle. Additionally, abilities and items that remove abnormal status target all allies.</p> <p>[b]Swift Learner[/b]<br /> If the character uses Techs, they have 10% more tech points than a character of their level. If they use Blue Magic, they have an extra 10% chance of learning new Blue Magic. Additionally, the character has 25% more Max Tech Levels.</p> <p>[b]Tetra Master[/b]<br /> Any cards gained by the character from the Card command skill, the Card tech, or any other direct source is automatically 25% stronger (minimum of +1) than a normal card of it's type, up to the maximum of the games specific rules. (Depending on the rules system implemented, the GM may forbid this skill.)</p> <p>+-+-+-+-+<br /> |COMBAT |<br /> +-+-+-+-+</p> <div class="content-separator" style="display: none:"></div> <p>COMBAT POSITION (ROWS)</p> <div class="content-separator" style="display: none:"></div> <p>Players choose which row they want to be in outside of combat (they cannot change positions as the GM calls for Speed).</p> <p>Front Row: Physical attacks and techs deal 50% more damage, but the character takes 50% more damage from physical attacks.<br /> Middle Row: No change.<br /> Back Row: Physical attacks deal 50% less damage, and the character takes 50% less damage from physical attacks.</p> <p>Switching rows is an action and costs 8 speed. Long Range weapons (and techs that use them) deal normal damage no matter what row the character is in.</p> <div class="content-separator" style="display: none:"></div> <p>OVERKILL</p> <div class="content-separator" style="display: none:"></div> <p>If a player who kills a monster does enough damage to put it at half its HP in negative numbers, the party receives double experience from that monster.</p> <div class="content-separator" style="display: none:"></div> <p>NEGATIVE STATUS EFFECTS</p> <div class="content-separator" style="display: none:"></div> <p>[b]Sap[/b]<br /> [i]Duration: Permanent[/i]<br /> The character loses 5% of their HP each turn.<br /> [i]OPTIONAL: This may be difficult to implement outside of battle. A general rule should be that the character loses 25% of their current HP at the start of the next battle, unless it occurs soon after the first. Another option is to have the character lose 5% of their HP whenever they perform a strenuous physical activity (walking isn't strenuous, running is).[/i]</p> <div class="content-separator" style="display: none:"></div> <p>POSITIVE STATUS EFFECTS</p> <div class="content-separator" style="display: none:"></div> <p>[b]Blink[/b]<br /> The character's Evade is doubled for the duration of this effect.</p> <p>[b]Bubble[/b]<br /> The character's current and maximum hit points are doubled for the duration of this effect.</p> <p>[b]Float[/b]<br /> The character has all the benefits of Flight. Additionally, they are immune to Earth, but weak to Wind.</p> <p>[b]Orb[/b]<br /> Orb functions like Bubble, only instead of increasing hit points, it doubles the character's MP.</p> <p>[b]Refresh[/b]<br /> Refresh functions in much the same way Regen does, but instead of HP, it heals 10% of a characters MP.</p> <p>[b]Spellbind[/b]<br /> The length of the character's duration effects (namely temporary status effects) are doubled when the user casts them.</p> 
				 	]]>
				</content:encoded>							</item>
				</channel>
</rss>