<?xml version="1.0" encoding="UTF-8" ?>
<rss version="2.0" xmlns:content="http://purl.org/rss/1.0/modules/content/" xmlns:wikidot="http://www.wikidot.com/rss-namespace">

	<channel>
		<title>Why is it always #@*&amp;ing card games?</title>
		<link>http://zodiac-ffrpg.wikidot.com/forum/t-368139/why-is-it-always-ing-card-games</link>
		<description>Posts in the discussion thread &quot;Why is it always #@*&amp;ing card games?&quot; - A card battle mini-game for table top RPGS!</description>
				<copyright></copyright>
		<lastBuildDate>Thu, 18 Feb 2021 21:36:11 +0000</lastBuildDate>
		
					<item>
				<guid>http://zodiac-ffrpg.wikidot.com/forum/t-368139#post-1199167</guid>
				<title>Re: Why is it always #@*&amp;ing card games?</title>
				<link>http://zodiac-ffrpg.wikidot.com/forum/t-368139/why-is-it-always-ing-card-games#post-1199167</link>
				<description></description>
				<pubDate>Mon, 11 Jul 2011 20:12:56 +0000</pubDate>
				<wikidot:authorName>Aidanika</wikidot:authorName>				<wikidot:authorUserId>502322</wikidot:authorUserId>				<content:encoded>
					<![CDATA[
						 <p>Example of play, part 1: making a deck.</p> <p>First of all, its assumed that you have acquired at least 20 creature cards and 10 terrain cards before you start building your deck. Lets assume both players have collected a good many cards and designed a deck to build a deck based on their ideal strategy or theme.</p> <p>PLAYER 1 focuses around Firery and Dark Humanoids, and brings a lot of cards that boost those elements.</p> <p>HAND:<br /> 1-Samurai (Fire Normal Humanoid)<br /> 2-Firaga Black Mage (Fire Magical Humanoid)<br /> 3-Flame Knight (Fire Otherworldly Humanoid)<br /> 4-Fire Gigas (Fire Gigantic Humanoid)<br /> 5-Belis, the Gigas (Fire Esper Humanoid)<br /> 6-Lizardman (Fire Normal Mythical)<br /> 7-Imp (Fire Magical Mythical)<br /> 8-Balrog (Fire Otherworldly Mythical)<br /> 9-Red Dragon (Fire Gigantic Mythical)<br /> 10&#8212;Ifrit (Fire Esper Mythical)</p> <p>DECK:<br /> 1-Dark Knight (Dark Normal Humanoid)<br /> 2-Black Mage Of Darkness (Dark Magical Humanoid)<br /> 3-Oni (Dark Gigantic Humanoid)<br /> 4-Ghost (Dark Otherworldly Humanoid)<br /> 5-Zalera, the Death-Seraph (Dark Esper Humanoids)<br /> 6-Varg (Dark Normal Mythical)<br /> 7-Vampire (Dark Magical Mythical)<br /> 8-Demon (Dark Otherworldly Mythical)<br /> 9-Black Dragon (Dark Gigantic Mythical)<br /> 10-Diablos (Dark Esper Mythical)</p> <p>PLAYER 2 uses a board assortment of &quot;Normal&quot; creatures and to capitalize on terrain that penalizes class</p> <p>HAND<br /> 1-Saytr (Nil Normal Mythical)<br /> 2-Minotaur (Time Normal Mythical<br /> 3-Gorgon (Metal Normal Mythical)<br /> 4-Griffon (Air Normal Mythical)<br /> 5-Red Mage (Nil Normal Humanoid)<br /> 6-Gold Golem (Light Normal Construct)<br /> 7-Clay Golem (Nil Normal Construct)<br /> 8-Tiger (Nil Normal Animal)<br /> 9-Yeti (Ice Normal Mythical)<br /> 10-Pegasus (Electric Normal Mythical)</p> <p>DECK<br /> 1-Lava Worm (Fire Normal Animal)<br /> 2-Samurai (Fire Normal Humanoid)<br /> 3-Brass Golem (Fire Normal Construct)<br /> 4-Lizardman (Fire Normal Mythical)<br /> 5-Berserker (Ice Normal Humanoid)<br /> 6-Chocobo (Light Normal Animal)<br /> 7-Centaur (Light Normal Mythical)<br /> 8-Fighter (Metal Normal Humanoid)<br /> 9-Sahagin (Water Normal Mythical)<br /> 10-Mole Man (Stone Normal Mythical)</p> <p>TERRAIN DECK (cards 1-10 came from Player 1, cards 11-20 from Player 2):<br /> 1-Parched Flaming City (-2 Water, +2 Humanoids, +2 Fire)<br /> 2-Parched Flaming Plains (-2 Water, +2 Gigantic, +2 Fire)<br /> 3-Tamed Flaming City (-2 Animals, +2 Humanoids, +2 Fire)<br /> 4-Hot Haunted Summoner's Tower (-2 Ice, +2 Esper, +2 Dark)<br /> 5-Dark Flaming City (-2 Light, +2 Humanoids, +2 Fire)<br /> 6-Eroded Flaming City (-2 Stone +2 Humanoids, +2 Fire)<br /> 7-Restricted Flaming City (-2 Constructs, +2 Humanoids, +2 Fire)<br /> 8-Dark Haunted Nexus (-2 Light, +2 Magical, +2 Dark)<br /> 9-Hot Flaming City (-2 Ice, +2 Humanoids, +2 Fire)<br /> 10-Underground Flaming Lair (-2 Air, +2 Otherworldly, +2 Fire)</p> <p>11-Forbidden Blessed Forest (-2 Esper, +2 Animals, +2 Light)<br /> 12-Tiny Blessed City (-2 Gigantic, +2 Humanoids, +2 Light)<br /> 13-Tiny Blessed Ruins (-2 Gigantic, +2 Constructs, +2 Light)<br /> 14-Disenchanted Flaming Forest (-2 Magical, +2 Animals, +2 Fire)<br /> 15-Disenchanted Aquatic Forest (-2 Magical, +2 Animals, +2 Water)<br /> 16-Isolated Flaming Ruins (-2 Otherworldly, +2 Constructs, +2 Fire)<br /> 17-Isolated Wintry City (-2 Otherworldly, +2 Humanoids, +2 Ice)<br /> 18-Forbidden Iron City (-2 Esper, +2 Humanoids, +2 Metal)<br /> 19-Disenchanted Flaming Ruins (-2 Magical, +2 Constructs, +2 Fire)<br /> 20-Tiny Flaming Forest (-2 Gigantic, +2 Animals, +2 Fire)</p> <p>More Example play is on the way!</p> 
				 	]]>
				</content:encoded>							</item>
					<item>
				<guid>http://zodiac-ffrpg.wikidot.com/forum/t-368139#post-1199046</guid>
				<title>Re: Why is it always #@*&amp;ing card games?</title>
				<link>http://zodiac-ffrpg.wikidot.com/forum/t-368139/why-is-it-always-ing-card-games#post-1199046</link>
				<description></description>
				<pubDate>Mon, 11 Jul 2011 17:59:01 +0000</pubDate>
				<wikidot:authorName>QDSD</wikidot:authorName>				<wikidot:authorUserId>995008</wikidot:authorUserId>				<content:encoded>
					<![CDATA[
						 <p>I'd be interested in seeing the conclusion to this, as I am going to include minigames in a PlayByPost game I'm running now.</p> 
				 	]]>
				</content:encoded>							</item>
					<item>
				<guid>http://zodiac-ffrpg.wikidot.com/forum/t-368139#post-1193136</guid>
				<title>Re: Why is it always #@*&amp;ing card games?</title>
				<link>http://zodiac-ffrpg.wikidot.com/forum/t-368139/why-is-it-always-ing-card-games#post-1193136</link>
				<description></description>
				<pubDate>Mon, 04 Jul 2011 09:15:54 +0000</pubDate>
				<wikidot:authorName>Aidanika</wikidot:authorName>				<wikidot:authorUserId>502322</wikidot:authorUserId>				<content:encoded>
					<![CDATA[
						 <p>The Heart of the cards is worth exactly bullshit. It didn't save me from forgetting to add Time-element Espers.</p> <p>To recetify this, there are now the Phantom, Meteor Master, Jumbo Cactuar, and Kujata Cards.</p> <p>I DO give myself full props for finding room for pretty much every Final Fantasy job ever. (Sure, the Mimic is long gone, but&#8230;.wouldn't his power be just to mimic the other card, so that every match up would come down to the d6 roll? And the same goes for the Beast Master.)</p> <p>Finding all the monsters I did was particularly tough. If you wanted to know why Fenrir is an Ice esper now, its because THERE FUCKING AREN'T ANY ICE SUMMONS ASIDE FROM MATEUS AND SHIVA! huff&#8230;puff&#8230;.</p> <p>But seriously, try to find one Final fantasy creature that's not on that list. (Keep in mind that the &quot;Job&quot; cards can be all sorts of Humanoids from Dwarves to Goblins to Viera.)</p> 
				 	]]>
				</content:encoded>							</item>
					<item>
				<guid>http://zodiac-ffrpg.wikidot.com/forum/t-368139#post-1193096</guid>
				<title>Re: Why is it always #@*&amp;ing card games?</title>
				<link>http://zodiac-ffrpg.wikidot.com/forum/t-368139/why-is-it-always-ing-card-games#post-1193096</link>
				<description></description>
				<pubDate>Mon, 04 Jul 2011 07:25:33 +0000</pubDate>
				<wikidot:authorName>Aidanika</wikidot:authorName>				<wikidot:authorUserId>502322</wikidot:authorUserId>				<content:encoded>
					<![CDATA[
						 <p>A terrain card is basically a combination of an Positive Adjective, a Negative Adjective, and a Noun. So each card has names like &quot;Peculiar, Tiny Forest&quot; Or &quot;Aquatic, Magnetic Summoner's Tower&quot;</p> <p>Remember, the &quot;None&quot; Element, the &quot;Normal&quot; Class, and the &quot;Mythical&quot; type all ignore their category of terrain. The might make the Satyr card look terrible, but as with non-elemental techs in Zodiac combat, sometimes you just want to avoid a penalty because you CANNOT exploit a bonus. Respect the Satyr. Respect it.</p> <p>Pro-Elements are only Adjectives<br /> Pro-Classes are Nouns combined with Pro-Elements<br /> Pro-Classes are Adjectives combined with Pro-Types<br /> Pro-Types are only Nouns<br /> Null-Types, Null-Classes, and Null-Elements are all Adjectives</p> <p>Otherworldly: Mysterious, Lair ###### Isolated<br /> Magical: Enchanted, Nexus ###### Disenchanted<br /> Gigantic: Gigantic, Plains ####### Tiny<br /> Esper: Crystaline, Summoner's Tower ###### Forbidden</p> <p>Humanoid: City ######### Wild<br /> Animal: Forest ######### Tamed<br /> Construct: Ruins ######### Restricted</p> <p>Time: Time warped ######### Lost<br /> Nature: Viridian ######### Arid<br /> Metal: Iron ######### Magnetic<br /> Dark: Haunted ######### Bright<br /> Light: Blessed ######### Shadowy<br /> Air: Sky ######### Underground<br /> Stone: Rugged ######### Eroded<br /> Electric: Dusty ########## Nullified<br /> Water: Aquatic ######### Parched<br /> Ice: Wintry ########## Hot<br /> Fire: Fiery ########## Cold</p> <p>To generate a Terrain card, roll off of these charts in a row. Observant players might notice that we can get some Oximoronic cards or double bonused cards. If you ever find yourself rolling up a &quot;Gigantic, Tiny Plains&quot;, or an 'Enchanted, Nonmagical Nexus&quot; REROLL. There are not supposed to be any cards like that.</p> <p>Hopefully by the time you play a game, you will ALREADY HAVE CHOSEN YOUR TEN TERRAIN CARDS.</p> <p>Bonus-Adjectives: d20</p> <p>1: Mysterious- M (+2 to Otherworldly)<br /> 2: Enchanted- E (+2 to Magical)<br /> 3: Gigantic- G (+2 to Gigantic)<br /> 4: Crystaline- C (+2 to Espers)<br /> 5: Time Warped- T (+2 to Time/Space)<br /> 6: Viridian-V (+2 to Nature)<br /> 7: Iron- I (+2 to Metal)<br /> 8: Haunted- H (+2 to Dark)<br /> 9: Blessed- B (+2 to Light)<br /> 10: Sky- S (+2 to Air)<br /> 11: Rugged- R (+2 to Stone)<br /> 12: Dusty- D (+2 to Electric)<br /> 13: Aquatic- A (+2 to Water)<br /> 14: Wintry- W (+2 to Ice)<br /> 15: Flaming- F (+2 to Fire)<br /> 16-19: Roll again<br /> 20: Collector's choice</p> <p>Penalty-Adjectives: d20</p> <p>1: Isolated-I (-2 to Otherworldly)<br /> 2: Disenchanted-D (-2 to Magical)<br /> 3: Tiny-T (-2 to Gigantic)<br /> 4: Forbidden-F (-2 to Espers)<br /> 5: Wild-W (-2 to Humanoids)<br /> 6: Tamed-T (-2 to Animals)<br /> 7: Restricted-R (-2 to Constructs)<br /> 8: Lost-L (-2 to Time/Space)<br /> 9: Arid-A (-2 to Nature)<br /> 10: Magnetic-M (-2 to Metal)<br /> 11: Bright-B (-2 to Dark)<br /> 12: Shadowy-S (-2 to Light)<br /> 13: Underground-U (-2 to Air)<br /> 14: Eroded-E (-2 to Stone)<br /> 15: Nullified- N (-2 to Electric)<br /> 16: Parched-P (-2 to Water)<br /> 17: Hot-H (-2 to Ice)<br /> 18: Cold-C (-2 to Fire)<br /> 19-20: Collector's Choice</p> <p>Nouns: d8</p> <p>1: Nexus- N (+2&#160;To Magical)<br /> 2: City- C (+2&#160;To Humanoids)<br /> 3: Plains- P (+2 to Gigantic)<br /> 4: Forest- F (+2 to Animals)<br /> 5: Lair- L (+2 to Otherworldly)<br /> 6: Ruins- R (+2 to Constructs)<br /> 7: Summoner's Tower- T (+2 to Espers)<br /> 8: Collector's Choice</p> <p>You can also roll up the creature cards.</p> <p>12 Elements:</p> <p>1: Fire F<br /> 2: Ice I<br /> 3: Water W<br /> 4: Electric E<br /> 5: Stone S<br /> 6: Air A<br /> 7: Light L<br /> 8: Dark D<br /> 9: Metal M<br /> 10: Nature N<br /> 11: Time T<br /> 12: None -</p> <p>5 Classes:</p> <p>1: Normal N<br /> 2: Magical M<br /> 3: Gigantic G<br /> 4: Otherworldly O<br /> 5: Esper E<br /> 6: Collector's choice</p> <p>4 Types (1d4)</p> <p>1: Humanoid H<br /> 2: Animal A<br /> 3: Construct C<br /> 4: Mythical M</p> <p>I already made a list of which Element-Type-Class trios are which Creatures in an earlier post, so look them up there.</p> <p>Whenever I get around to it, I'll post an example of Play.</p> 
				 	]]>
				</content:encoded>							</item>
					<item>
				<guid>http://zodiac-ffrpg.wikidot.com/forum/t-368139#post-1190347</guid>
				<title>Re: Why is it always #@*&amp;ing card games?</title>
				<link>http://zodiac-ffrpg.wikidot.com/forum/t-368139/why-is-it-always-ing-card-games#post-1190347</link>
				<description></description>
				<pubDate>Thu, 30 Jun 2011 08:25:25 +0000</pubDate>
				<wikidot:authorName>Doresh</wikidot:authorName>				<wikidot:authorUserId>654492</wikidot:authorUserId>				<content:encoded>
					<![CDATA[
						 <p>Now we only need to make Techs like &quot;It's time to duel!&quot; and &quot;I believe in the heart of the cards&quot; XD !</p> 
				 	]]>
				</content:encoded>							</item>
					<item>
				<guid>http://zodiac-ffrpg.wikidot.com/forum/t-368139#post-1189874</guid>
				<title>Re: Why is it always #@*&amp;ing card games?</title>
				<link>http://zodiac-ffrpg.wikidot.com/forum/t-368139/why-is-it-always-ing-card-games#post-1189874</link>
				<description></description>
				<pubDate>Wed, 29 Jun 2011 19:31:54 +0000</pubDate>
				<wikidot:authorName>DFroGGotten1</wikidot:authorName>				<wikidot:authorUserId>498563</wikidot:authorUserId>				<content:encoded>
					<![CDATA[
						 <p>Why, The Vorpal Blade, silly. Says so in the poem!</p> 
				 	]]>
				</content:encoded>							</item>
					<item>
				<guid>http://zodiac-ffrpg.wikidot.com/forum/t-368139#post-1186691</guid>
				<title>Re: Why is it always #@*&amp;ing card games?</title>
				<link>http://zodiac-ffrpg.wikidot.com/forum/t-368139/why-is-it-always-ing-card-games#post-1186691</link>
				<description></description>
				<pubDate>Sat, 25 Jun 2011 08:23:45 +0000</pubDate>
				<wikidot:authorName>Aidanika</wikidot:authorName>				<wikidot:authorUserId>502322</wikidot:authorUserId>				<content:encoded>
					<![CDATA[
						 <p>Element: Fire, Ice, Water, Electricity, Stone, Air, Light, Darkness, Metal, Nature, Time, None<br /> Class: Magical, Otherworldly, Gigantic, Esper, Normal<br /> Type: Animal, Humanoid, Mythical, Construct</p> <p>Element abbreviations: F, I, W, E, S, A, L, D, M, N, T, -<br /> Class: M, O, G, E, N<br /> Type abbreviations: A, H, M, C</p> <p>HUMANOIDS<br /> Red Mage: -NH<br /> Ninja: TNH<br /> Ranger: NNH<br /> Fighter: MNH<br /> Dark Knight: DNH<br /> Paladin: LNH<br /> Dragoon: ANH<br /> Monk: SNH<br /> Engineer: ENH<br /> Pirate (Thief?): WNH<br /> Berserker: INH<br /> Samurai: FNH<br /> Sage: -MH<br /> Time Mage: TMH<br /> Blue Mage: NMH<br /> MageKnight: MMH<br /> Black Mage of Darkness: DMH<br /> White Mage: LMH<br /> Tornado Black Mage: AMH<br /> Geomancer: SMH<br /> Thundaga Black Mage: EMH<br /> Wataga Black Mage: WMH<br /> Blizzaga Black Mage: IMH<br /> Firaga Black Mage: FMH<br /> Ogre: -GH<br /> Cyclops: TGH<br /> Troll: NGH<br /> Iron Giant: MGH<br /> Oni: DGH<br /> Pearl Giant*: LGH<br /> Cloud Gigas: AGH<br /> Hill Gigas: SGH<br /> Storm Gigas: EGH<br /> Sea Troll: WGH<br /> Frost Gigas: IGH<br /> Fire Gigas: FGH<br /> Soul Dancer:-OH<br /> Arachne: TOH<br /> Alraune: NOH<br /> Leprechaun: MOH<br /> Ghost: DOH<br /> Valkyrie: LOH<br /> Slyph: AOH<br /> Gnome: SOH<br /> Zanki*: EOH<br /> Undine: WOH<br /> Snow Fairy: IOH<br /> Flame Knight: FOH<br /> Gilgamesh: -EH<br /> Phantom: TEH<br /> Cuchulainn, the Impure: NEH<br /> Odin: MEH<br /> Zalera, the Death-Seraph: DEH<br /> Asura: LEH<br /> Pandemonium: AEH<br /> Titan: SEH<br /> Ramuh: EEH<br /> Siren: WEH<br /> Shiva: IEH<br /> Belias, the Gigas: FEH</p> <p>ANIMALS<br /> Tiger: -NA<br /> Mu: TNA<br /> Serpent: NNA<br /> Ankheg: MNA<br /> Warg: DNA<br /> Chocobo: LNA<br /> Trick Sparrow: ANA<br /> Scorpion: SNA<br /> Eyekiller: ENA<br /> Shark: WNA<br /> Bandersnatch: INA<br /> Lava Worm: FNA<br /> Helgaroo Mage: -MA<br /> Dreamhare*: TMA<br /> Vampire Thorn*: NMA<br /> Rust Bird*: MMA<br /> Black Dog*: DMA<br /> Jabberwocky*: LMA<br /> Cockatrice: AMA<br /> Basilisk: SMA<br /> Coeurl: EMA<br /> Hippocampus*: WMA<br /> Ice Lizard: IMA<br /> Salamander: FMA<br /> Catoblepas*: -OA<br /> Ahriman: TOA<br /> Devil's Bloom*: NOA<br /> Mimic: MOA<br /> Zombie Soul*: DOA<br /> Cherub*: LOA<br /> Garuda: AOA<br /> Fastitocalon*: SOA<br /> Raiju*: EOA<br /> Bunyip*: WOA<br /> Winter Wolf: IOA<br /> Kitsune*: FOA<br /> Dire Tiger: -GA<br /> Dinosaur: TGA<br /> Abadon*: NGA<br /> Adamantoise: MGA<br /> Cerberus: DGA<br /> Nemean Lion*: LGA<br /> Zuu: AGA<br /> Sand Worm: SGA<br /> Feathered Serpent*: EGA<br /> Gigan Toad: WGA<br /> Snow Lion*: IGA<br /> Dual Horn*: FGA<br /> Valigarmanda: -EA<br /> Zeromus, The Condemner: TEA<br /> Fat Chocobo: NEA<br /> Kirin: MEA<br /> Zodiark, Keeper of Precepts: DEA<br /> Carbunkle: LEA<br /> Typhoon: AEA<br /> Midar Zolom: SEA<br /> Ixion: EEA<br /> Ultros: WEA<br /> Fenrir: IEA<br /> Phoenix: FEA</p> <p>MYTHICALS<br /> Satyr: -NM<br /> Minotaur: TNM<br /> Manticore: NNM<br /> Gorgon*: MNM<br /> Varg*: DNM<br /> Centaur: LNM<br /> Griffon: ANM<br /> Mole Man: SNM<br /> Pegasus: ENM<br /> Sahagin: WNM<br /> Yeti: INM<br /> Lizardman: FNM<br /> Moogle: -MM<br /> Naga: TMM<br /> Malboro: NMM<br /> Magnetite*: MMM<br /> Vampire: DMM<br /> Unicorn: LMM<br /> Sphinx: AMM<br /> Medusa: SMM<br /> Chimera: EMM<br /> Mermaid: WMM<br /> Flan: IMM<br /> Imp: FMM<br /> Mindflayer: -OM<br /> Chrono Controller*: TOM<br /> Cactuar: NOM<br /> Tonberry: MOM<br /> Demon: DOM<br /> Seraph*: LOM<br /> Harpy: AOM<br /> Gargoyle: SOM<br /> Hecteyes*: EOM<br /> Kappa: WOM<br /> Ijiraq*: IOM<br /> Balrog*: FOM<br /> Hydra: -GM<br /> Behemoth: TGM<br /> Ochu: NGM<br /> Silver Dragon: MGM<br /> Black Dragon: DGM<br /> Gold Dragon: LGM<br /> Green Dragon: AGM<br /> Antlion: SGM<br /> Blue Dragon: EGM<br /> Sea Serpent: WGM<br /> White Dragon: IGM<br /> Red Dragon: FGM<br /> Bahamut: -EM<br /> Exodus, the Judge-Sal: TEM<br /> Jumbo Cactuar: NEM<br /> Shemhazai, the Whisperer: MEM<br /> Diablos: DEM<br /> Ultima, the High Seraph: LEM<br /> Mist Dragon: AEM<br /> Hashmal, Bringer of Order: SEM<br /> Quezacotl: EEM<br /> Leviathan: WEM<br /> Kujata: IEM<br /> Ifrit: FEM</p> <p>CONSTRUCTS<br /> Clay Golem: -NC<br /> Digital Projection: TNC<br /> Wood Golem: NNC<br /> Steel Golem: MNC<br /> Living Dead: DNC<br /> Gold Golem: LNC<br /> Glass Golem: ANC<br /> Stone Golem: SNC<br /> Robot: ENC<br /> Coral Golem: WNC<br /> Snowman: INC<br /> Brass Golem: FNC<br /> Enchanted Spellbook: -MC<br /> Meteorite: TMC<br /> Enchanted Puppet: NMC<br /> Enchanted Sword: MMC<br /> Demon Wall: DMC<br /> Enchanted Prayerbook: LMC<br /> Balloon: AMC<br /> Enchanted Statue: SMC<br /> Magitek Armor: EMC<br /> Mine: WMC<br /> Grenade: IMC<br /> Bomb: FMC<br /> Mover: -OC<br /> Alien (?): TOC<br /> Funguar: NOC<br /> Dullahan: MOC<br /> Lich: DOC<br /> Throne: LOC<br /> Wind Elemental: AOC<br /> Earth Elemental: SOC<br /> Lightning Elemental EOC<br /> Water Elemental: WOC<br /> Ice Elemental: IOC<br /> Fire Elemental: FOC<br /> Giant Clay Golem: -GC<br /> Giant Digital Projection: TGC<br /> Giant Wood Golem: NGC<br /> Giant Steel Golem: MGC<br /> Giant Zombie: DGC<br /> Giant Gold Golem: LGC<br /> Giant Glass Golem: AGC<br /> Giant Stone Golem: SGC<br /> Giant Robot: EGC<br /> Giant Coral Golem: WGC<br /> Giant Snowman: IGC<br /> Giant Brass Golem: FGC<br /> Eden: -EC<br /> Meteor Master: TEC<br /> Doomtrain: NEC<br /> Ragnarok: MEC<br /> Atomos: DEC<br /> Alexander: LEC<br /> Chaos, Walker of the Wheel: AEC<br /> Guardian Golem: SEC<br /> Adrammelech, The Wroth: EEC<br /> Famfrit, the Darkening Cloud: WEC<br /> Mateus, the Corrupt: IEC<br /> Babil Giant: FEC</p> <p>*-These are monsters that are non-recurring or come from obscure Folklore, and might not be recognizable to most Final Fantasy fans. But, here's a few light-based creatures to watch out for. The Throne (or Ophan) is an angel whose body consists of an Eye-covered ring wrapped in another eye-covered ring. The Cherub is commonly depicted as a cupid-esque baby angel, but its original form is a beast with multiple faces. The Seraph actually is depicted as a face surrounded by wings that cover the rest of its body. Its bright core will burn your flesh if it uncovers itself. The Pearl Giant is one of my creations. Its an Iron Giant made of a strange pearly substance. The Jabberworcky actually made an appearance in FF9. It was a Water AND holy monster, but since you can only have one element in this card game, I made it a light monster.</p> <p>On an unrelated note, what kind of a sword makes a sound even remotely like &quot;Snicker-snack?&quot;</p> 
				 	]]>
				</content:encoded>							</item>
					<item>
				<guid>http://zodiac-ffrpg.wikidot.com/forum/t-368139#post-1184785</guid>
				<title>Why is it always #@*&amp;ing card games?</title>
				<link>http://zodiac-ffrpg.wikidot.com/forum/t-368139/why-is-it-always-ing-card-games#post-1184785</link>
				<description></description>
				<pubDate>Wed, 22 Jun 2011 23:21:11 +0000</pubDate>
				<wikidot:authorName>Aidanika</wikidot:authorName>				<wikidot:authorUserId>502322</wikidot:authorUserId>				<content:encoded>
					<![CDATA[
						 <p>The whole world loves card games, it seems. Actually, what the whole world loves is ways to expand and improve their favorite RPG, but one of the biggest non-combat activities your PC can engage is are themselves, games. So lets say you want to have games within your game. But it requires some careful design less you have trouble with making those mini-games engaging, timely, and uncomplicated. And fun. Can't forget fun.</p> <p>So, I thought about how a card game would work (actually, I've tackled the project of a Final Fantasy card game a few times in my life, this must be the fifth version of such a thing), and here's what I've come up with:</p> <p>Decks contain 20 cards. Actually they are more like two decks. Your Deck and Your Hand. You pick out which 10 cards you want for you hand at the start.</p> <p>Assign the cards in your hand to the numbers on a d10 (If you're playing in OpenRPG, you'd sent a node to the GM. If its an actual tabletop game, you'd just write this info on an index card or something). Do the same to your Deck. This will be for drawing/discarding at random. As the game goes on, cross cards out as they are chosen, and reroll when you roll up a card you've already drawn.</p> <p><strong>The victory condition of the game is to dwindle your opponent's hand down to zero. Everytime you lose a battle against your opponent's creature, you roll d10 to determine a random card from your hand that you discard. UNLIKE OTHER CARD GAMES, YOU <span style="text-decoration: underline;">NEVER</span> ADD CARDS TO YOUR HAND BY DRAWING FROM THE DECK. So, watch out.</strong></p> <p>You also assign from 1-10 any terrain cards that will best match your creature cards. Both your terrain cards and that of your opponent will be combined together to make a d20 table. (Since all your cards are actually going to be recorded on your character sheet, there is no risk of confusing whose is whose like a real card game.)</p> <p>Next, you roll a d6 to see who attacks first. You spend turns attacking and defending.</p> <p>On your attacking turn (which is your opponent's defending turn):</p> <p>-You draw a Terrain card (the GM randomly generates a terrain type from the combined terrain deck with a d20 roll). Terrain cards award certain types of cards with Bonuses and penalties.<br /> -You can choose to either attack or bide your time. Beware. If you bide, you must discard a card from your deck (roll a d10 to determine the card that gets discarded.) Biding is very important if you have a creature already out from a previous turn, but the GM just rolled an unfavorable terrain card (Note: you can only Bide on your attacking turn!)<br /> -If you choose to attack, you must play either a creature from your hand (which will deplete your hand), or draw a random card from your deck (which might lose anyway.) <em>SKIP THIS STEP IF YOU STILL HAVE A SURVIVING CREATURE FROM A PREVIOUS BATTLE</em><br /> -your opponent plays their creature (from the same method) and you both roll a d6, adding the terrain bonus. This is a creature battle<br /> -If one creature rolls a result lower than the other, that creature is discarded AND its player must discard a random (roll d10) card from their hand. If there is a tie, both creatures are discarded but neither player has to discard from their hand.</p> <p>On your defending turn (which is your opponent's attacking turn):</p> <p>-A Terrain card is drawn. (the GM randomly generates a terrain type from the combined terrain deck with a d20 roll). Terrain cards award certain types of cards with Bonuses and penalties.<br /> -If they don't already have a creature out, your aggressive opponent can choose to attack you on this battlefield, or puss out. Be sure to mock them mercilessly if they choose the later.<br /> -If your opponent attacks, and you don't have a creature out already, you must either pick one from your hand (and deplete it), or draw one at random from the deck (roll d10, reroll discarded cards).<br /> -your opponent plays their creature (from the same method) and you both roll a d6, adding the terrain bonus. This is a creature battle<br /> -If one creature rolls a result lower than the other, that creature is discarded AND its player must discard a random (roll d10) card from their hand. If there is a tie, both creatures are discarded but neither player has to discard from their hand.</p> <p>The creatures:</p> <p>Creatures have three traits: Element, Class, and Type.</p> <p><em>Elements</em>-There are 14 elements; Fire, Ice, Water, Electric, Stone, Air, Light, Dark, Metal, Nature, Time/Space, and Non-elemental. Non-elemental cards ignore any penalties meant for other elements.<br /> <em>Type</em>-There are 4 types of creatures; Humanoids, Animals, Constructs and Mythicals. Humanoids are intelligent, bipedal creatures (most of the job cards actually switch between what Race they actually are. That Ranger card you have could be anything from a Human to a Goblin to a Dark Elf to a Seeq.) Animals are usually nonsentient creatures that inhabit the wilderness. Constructs are things made up of non-living materials yet move as if alive anyway. Mythicals are special. They range from Demi-humanoids to rare intelligent beasts, but they are all comfortable in terrain that wouldn't suit other creature types.<br /> <em>Class</em>-Class describes the supernatural nature of a creature's attacks. The five classes are Magical, Otherworldly, Gigantic, Esper, and Normal. As you may have guessed, Normals do not supernatural qualities as such and are safe from any penalties that might otherwise suppress them.</p> <p>One final note: Keep in mind that you may NOT have more than one copy of any creature or terrain card. This is to stop people from say, loading their deck full of Gilgamesh creature cards along side all manner of Peculiar cities.</p> 
				 	]]>
				</content:encoded>							</item>
				</channel>
</rss>