<?xml version="1.0" encoding="UTF-8" ?>
<rss version="2.0" xmlns:content="http://purl.org/rss/1.0/modules/content/" xmlns:wikidot="http://www.wikidot.com/rss-namespace">

	<channel>
		<title>Gil Cost Payment tech creation</title>
		<link>http://zodiac-ffrpg.wikidot.com/forum/t-368723/gil-cost-payment-tech-creation</link>
		<description>Posts in the discussion thread &quot;Gil Cost Payment tech creation&quot; - Question on Tech Creation Ruleset</description>
				<copyright></copyright>
		<lastBuildDate>Thu, 18 Feb 2021 21:36:12 +0000</lastBuildDate>
		
					<item>
				<guid>http://zodiac-ffrpg.wikidot.com/forum/t-368723#post-1199040</guid>
				<title>Re: Gil Cost Payment tech creation</title>
				<link>http://zodiac-ffrpg.wikidot.com/forum/t-368723/gil-cost-payment-tech-creation#post-1199040</link>
				<description></description>
				<pubDate>Mon, 11 Jul 2011 17:54:14 +0000</pubDate>
				<wikidot:authorName>QDSD</wikidot:authorName>				<wikidot:authorUserId>995008</wikidot:authorUserId>				<content:encoded>
					<![CDATA[
						 <p>The post before this one helped clarify for me some of it. I'll use the table provided here, thanks again guys.</p> 
				 	]]>
				</content:encoded>							</item>
					<item>
				<guid>http://zodiac-ffrpg.wikidot.com/forum/t-368723#post-1189303</guid>
				<title>Re: Gil Cost Payment tech creation</title>
				<link>http://zodiac-ffrpg.wikidot.com/forum/t-368723/gil-cost-payment-tech-creation#post-1189303</link>
				<description></description>
				<pubDate>Wed, 29 Jun 2011 03:32:38 +0000</pubDate>
				<wikidot:authorName>Agent Boogeyman</wikidot:authorName>				<wikidot:authorUserId>502823</wikidot:authorUserId>				<content:encoded>
					<![CDATA[
						 <p>Just realised though that it doesn't address Weak, Medium and Strong. SO. That's easy enough. The formula should be Level Squared * 10 for Weak, Level Squared * 15 for Medium and Level Squared * 20 for Strong.</p> <p>I'll put up a table for them all:</p> <table class="wiki-content-table"> <tr> <td>Tech Level</td> <td>Weak</td> <td>Medium</td> <td>Strong</td> </tr> <tr> <td>Level 0</td> <td>3</td> <td>5</td> <td>7</td> </tr> <tr> <td>Level 1</td> <td>10</td> <td>15</td> <td>20</td> </tr> <tr> <td>Level 2</td> <td>40</td> <td>60</td> <td>80</td> </tr> <tr> <td>Level 3</td> <td>90</td> <td>135</td> <td>180</td> </tr> <tr> <td>Level 4</td> <td>160</td> <td>240</td> <td>320</td> </tr> <tr> <td>Level 5</td> <td>250</td> <td>375</td> <td>500</td> </tr> <tr> <td>Level 6</td> <td>360</td> <td>540</td> <td>720</td> </tr> <tr> <td>Level 7</td> <td>490</td> <td>735</td> <td>980</td> </tr> <tr> <td>Level 8</td> <td>640</td> <td>960</td> <td>1280</td> </tr> </table> 
				 	]]>
				</content:encoded>							</item>
					<item>
				<guid>http://zodiac-ffrpg.wikidot.com/forum/t-368723#post-1189292</guid>
				<title>Re: Gil Cost Payment tech creation</title>
				<link>http://zodiac-ffrpg.wikidot.com/forum/t-368723/gil-cost-payment-tech-creation#post-1189292</link>
				<description></description>
				<pubDate>Wed, 29 Jun 2011 03:15:39 +0000</pubDate>
				<wikidot:authorName>Agent Boogeyman</wikidot:authorName>				<wikidot:authorUserId>502823</wikidot:authorUserId>				<content:encoded>
					<![CDATA[
						 <p>Actually, the point of the Gil Cost is a replacement for MP cost, not Tech Points. It's an MP cost swapping Secondary like Sacrifice and Charge. I think the costs should be cheaper, honestly. Otherwise you wouldn't be able to actually USE a Tech at First Level right out of the gate.</p> <p>The formula should be something like:</p> <p>Effective MP Level of the Tech Squared, multiplied by 15.</p> <p>So, for example, a first level tech would cost 15 Gil per use, and an 8th Level would cost a whopping 960 Gil per use. Effective Level 0 MP cost (You know, the MP 1 cost scenario) should just cost 5 Gil per use. It may not seem like much, but remember, this is for EACH USE. That can add up.</p> 
				 	]]>
				</content:encoded>							</item>
					<item>
				<guid>http://zodiac-ffrpg.wikidot.com/forum/t-368723#post-1188961</guid>
				<title>Re: Gil Cost Payment tech creation</title>
				<link>http://zodiac-ffrpg.wikidot.com/forum/t-368723/gil-cost-payment-tech-creation#post-1188961</link>
				<description></description>
				<pubDate>Tue, 28 Jun 2011 17:49:55 +0000</pubDate>
				<wikidot:authorName>QDSD</wikidot:authorName>				<wikidot:authorUserId>995008</wikidot:authorUserId>				<content:encoded>
					<![CDATA[
						 <p>Noted. I'm passing on this information. Thanks again</p> 
				 	]]>
				</content:encoded>							</item>
					<item>
				<guid>http://zodiac-ffrpg.wikidot.com/forum/t-368723#post-1188950</guid>
				<title>Re: Gil Cost Payment tech creation</title>
				<link>http://zodiac-ffrpg.wikidot.com/forum/t-368723/gil-cost-payment-tech-creation#post-1188950</link>
				<description></description>
				<pubDate>Tue, 28 Jun 2011 17:40:33 +0000</pubDate>
				<wikidot:authorName>Aidanika</wikidot:authorName>				<wikidot:authorUserId>502322</wikidot:authorUserId>				<content:encoded>
					<![CDATA[
						 <p>There are only 6 tech levels, not 8. So, I recommend using these to</p> <p>(the price is determined to be 3 times the cost of what it would take to make an item that casts the same tech level, as per Boogey's skill system.)</p> <p>1st level= 150. 75 for clones<br /> 2nd level= 600, 300 for clones<br /> 3rd level= 1350, 775 for clones<br /> 4th level= 2400, 1200 for clones<br /> 5th level=3750, 1875 for clones<br /> 6th level=5400, 2700 for clones</p> <p>if you are upgrading an existing tech, subtract the cost of the tech's current level from the new level's price.</p> 
				 	]]>
				</content:encoded>							</item>
					<item>
				<guid>http://zodiac-ffrpg.wikidot.com/forum/t-368723#post-1188777</guid>
				<title>Re: Gil Cost Payment tech creation</title>
				<link>http://zodiac-ffrpg.wikidot.com/forum/t-368723/gil-cost-payment-tech-creation#post-1188777</link>
				<description></description>
				<pubDate>Tue, 28 Jun 2011 13:24:23 +0000</pubDate>
				<wikidot:authorName>QDSD</wikidot:authorName>				<wikidot:authorUserId>995008</wikidot:authorUserId>				<content:encoded>
					<![CDATA[
						 <p>Thanks guys. Actually&#8230; I AM going to be using the rules for buying Techs and Skills :-) I'm allowing people to either use the Tech/Blue System or the Materia system, so I'm also using the buying of Techs/Skills for that camp. Its a play-by-post game, so &quot;training&quot; will be in real world days.</p> 
				 	]]>
				</content:encoded>							</item>
					<item>
				<guid>http://zodiac-ffrpg.wikidot.com/forum/t-368723#post-1188216</guid>
				<title>Re: Gil Cost Payment tech creation</title>
				<link>http://zodiac-ffrpg.wikidot.com/forum/t-368723/gil-cost-payment-tech-creation#post-1188216</link>
				<description></description>
				<pubDate>Mon, 27 Jun 2011 19:43:55 +0000</pubDate>
				<wikidot:authorName>RileaSW</wikidot:authorName>				<wikidot:authorUserId>570672</wikidot:authorUserId>				<content:encoded>
					<![CDATA[
						 <p>The Gil Cost payment option should be available with the next major update, but the best I can give you is:</p> <p>Tech Level 1: 100 G<br /> Tech Level 2: 250 G<br /> Tech Level 3: 500 G<br /> Tech Level 4: 800 G<br /> Tech Level 5: 1,200 G<br /> Tech Level 6: 2,000 G<br /> Tech Level 7: 3,000 G<br /> Tech Level 8: 4,500 G</p> <p>Frogg, Boogey, and Myself will try to find a better balance for it as we hash the rest of the rules.</p> 
				 	]]>
				</content:encoded>							</item>
					<item>
				<guid>http://zodiac-ffrpg.wikidot.com/forum/t-368723#post-1186912</guid>
				<title>Re: Gil Cost Payment tech creation</title>
				<link>http://zodiac-ffrpg.wikidot.com/forum/t-368723/gil-cost-payment-tech-creation#post-1186912</link>
				<description></description>
				<pubDate>Sat, 25 Jun 2011 19:05:15 +0000</pubDate>
				<wikidot:authorName>Aidanika</wikidot:authorName>				<wikidot:authorUserId>502322</wikidot:authorUserId>				<content:encoded>
					<![CDATA[
						 <p>Um&#8230;..we technically HAD that on the old website. Even though Brinkster has shut us down, you can still visit the website with the second edition rules using the Way-Back Machine:</p> <p><a href="http://web.archive.org/web/20080803214024/http://www14.brinkster.com/zodiacrpg/">http://web.archive.org/web/20080803214024/http://www14.brinkster.com/zodiacrpg/</a></p> <p>Here's the rules for buying Techs. Also Skills, but nobody uses THAT skill system anymore.</p> <p><a href="http://web.archive.org/web/20061208172306/http://www14.brinkster.com/zodiacrpg/rules/buytechs.html">http://web.archive.org/web/20061208172306/http://www14.brinkster.com/zodiacrpg/rules/buytechs.html</a></p> 
				 	]]>
				</content:encoded>							</item>
					<item>
				<guid>http://zodiac-ffrpg.wikidot.com/forum/t-368723#post-1186817</guid>
				<title>Gil Cost Payment tech creation</title>
				<link>http://zodiac-ffrpg.wikidot.com/forum/t-368723/gil-cost-payment-tech-creation#post-1186817</link>
				<description></description>
				<pubDate>Sat, 25 Jun 2011 15:56:58 +0000</pubDate>
				<wikidot:authorName>QDSD</wikidot:authorName>				<wikidot:authorUserId>995008</wikidot:authorUserId>				<content:encoded>
					<![CDATA[
						 <p>Does the team here have a rough timeline on when the Gil Cost Payment option in the Tech Creation system will be completed? I have a player in a Zodiac game that was interested in it.</p> <p>Thanks,</p> <p>Dice</p> 
				 	]]>
				</content:encoded>							</item>
				</channel>
</rss>