<?xml version="1.0" encoding="UTF-8" ?>
<rss version="2.0" xmlns:content="http://purl.org/rss/1.0/modules/content/" xmlns:wikidot="http://www.wikidot.com/rss-namespace">

	<channel>
		<title>Character Manager Excel/Numbers</title>
		<link>http://zodiac-ffrpg.wikidot.com/forum/t-369180/character-manager-excel-numbers</link>
		<description>Posts in the discussion thread &quot;Character Manager Excel/Numbers&quot; - An Excel sheet character manager</description>
				<copyright></copyright>
		<lastBuildDate>Thu, 18 Feb 2021 21:36:36 +0000</lastBuildDate>
		
					<item>
				<guid>http://zodiac-ffrpg.wikidot.com/forum/t-369180#post-1206325</guid>
				<title>Re: Character Manager Excel/Numbers</title>
				<link>http://zodiac-ffrpg.wikidot.com/forum/t-369180/character-manager-excel-numbers#post-1206325</link>
				<description></description>
				<pubDate>Wed, 20 Jul 2011 19:23:53 +0000</pubDate>
				<wikidot:authorName>Psychotime</wikidot:authorName>				<wikidot:authorUserId>1040956</wikidot:authorUserId>				<content:encoded>
					<![CDATA[
						 <p>This is nice.</p> 
				 	]]>
				</content:encoded>							</item>
					<item>
				<guid>http://zodiac-ffrpg.wikidot.com/forum/t-369180#post-1199179</guid>
				<title>Re: Character Manager Excel/Numbers</title>
				<link>http://zodiac-ffrpg.wikidot.com/forum/t-369180/character-manager-excel-numbers#post-1199179</link>
				<description></description>
				<pubDate>Mon, 11 Jul 2011 20:26:46 +0000</pubDate>
				<wikidot:authorName>QDSD</wikidot:authorName>				<wikidot:authorUserId>995008</wikidot:authorUserId>				<content:encoded>
					<![CDATA[
						 <p><a href="http://www.mediafire.com/?6nq1q57kcn0qqtv">Character Manager Version 0 1 0</a></p> <p>* An updated Character Manager sheet. Green fields are filled in by the player. The Amor and Guard Creation systems are not yet implemented, so the mod values need to be hand entered. The Weapon Creation System is almost complete. I did not use pivot tables, since it was created with Numbers and exported to Excel&#8230; I didn't want anything funky to happen in the conversion so it is all IF statement based. Weapon Creation works for choosing Weapon AP-MAP level but not yet quite finished for the ability point buys.</p> 
				 	]]>
				</content:encoded>							</item>
					<item>
				<guid>http://zodiac-ffrpg.wikidot.com/forum/t-369180#post-1188941</guid>
				<title>Character Manager Excel/Numbers</title>
				<link>http://zodiac-ffrpg.wikidot.com/forum/t-369180/character-manager-excel-numbers#post-1188941</link>
				<description></description>
				<pubDate>Tue, 28 Jun 2011 17:31:33 +0000</pubDate>
				<wikidot:authorName>QDSD</wikidot:authorName>				<wikidot:authorUserId>995008</wikidot:authorUserId>				<content:encoded>
					<![CDATA[
						 <p>This is currently in version 0&#160;0&#160;0 , something I threw up in ten minutes. But I will update this as I update the sheet.</p> <p>Note: It was created in Numbers and Exported as Excel, so if Excel users have trouble, it would be good for me to know.</p> <p>-&gt; <a href="http://www.mediafire.com/?kiv94t9b7p330az">Character_Manager_Version_0_0_0</a></p> <ul> <li>This is a rough, quick excel sheet that is in version 0&#160;0&#160;0 . Classes just started back up for me, but I'll make it do more and make it more presentable as time goes on. For now, it can be used to help create your characters. You can change the stats and change the armor/weapon bonuses to see how it affects substats. Note: I made it in Numbers then exported as Excel, so let me know if you Excel users end up having trouble if you use it.</li> </ul> 
				 	]]>
				</content:encoded>							</item>
				</channel>
</rss>