<?xml version="1.0" encoding="UTF-8" ?>
<rss version="2.0" xmlns:content="http://purl.org/rss/1.0/modules/content/" xmlns:wikidot="http://www.wikidot.com/rss-namespace">

	<channel>
		<title>Animated Weapons</title>
		<link>http://zodiac-ffrpg.wikidot.com/forum/t-370155/animated-weapons</link>
		<description>Posts in the discussion thread &quot;Animated Weapons&quot; - Cause they do exist.</description>
				<copyright></copyright>
		<lastBuildDate>Thu, 18 Feb 2021 21:36:30 +0000</lastBuildDate>
		
					<item>
				<guid>http://zodiac-ffrpg.wikidot.com/forum/t-370155#post-1193343</guid>
				<title>Animated Weapons</title>
				<link>http://zodiac-ffrpg.wikidot.com/forum/t-370155/animated-weapons#post-1193343</link>
				<description></description>
				<pubDate>Mon, 04 Jul 2011 18:14:05 +0000</pubDate>
				<wikidot:authorName>RileaSW</wikidot:authorName>				<wikidot:authorUserId>570672</wikidot:authorUserId>				<content:encoded>
					<![CDATA[
						 <p>The Flame Sabre is an animated longsword, wreathed in fire.<br /> The following rules also apply to Ice Brands and Bolt Swords, simply change out the elemental properties (Fire becomes Ice or Lightning, and Ice becomes Fire or Water).</p> <p><strong>Name:</strong> Flame Sabre<br /> <strong>Level:</strong> 10<br /> <strong>Exp/Gil:</strong> 350/150<br /> <strong>Types:</strong> Construct/Fire/Flying<br /> <strong>Status Immunities:</strong> Blind</p> <p><strong>Drop Item:</strong> Flame Sabre - Lv 1. 5/1 Longsword, Fire Affinity.<br /> <strong>Steal Item:</strong> Fire Gem - 1M2 Fire damage. 50 Gil value.</p> <p><strong>Str</strong> 30 <strong>Mag</strong> 1 <strong>Vit</strong> 27 <strong>Spr</strong> 2 <strong>Agi</strong> 15<br /> <strong>HP</strong> 670 <strong>MP</strong> 6 <strong>AP</strong> 60 <strong>MAP</strong> 2<br /> <strong>Str D</strong> 1d10 <strong>Mag D</strong> 1d6 <strong>Acc</strong> 8 <strong>M Acc</strong> 5<br /> <strong>Eva</strong> 28 <strong>Res</strong> 27 <strong>Crit</strong> 97 <strong>Spd</strong> 12</p> <p><strong>Abilities:</strong><br /> Fire Strike (1 MP) - 1P3, Inaccurate, Fire Affinity.<br /> Flying - Short range attacks take -30 penalty against Flame Sabres.<br /> Weakness - Ice attacks deal double damage aginst Flame Sabres.</p> <p><strong>Rolls:</strong><br /> Speed - 1d8 + 12<br /> Normal Attack - 1d100 + 8 to hit. (1d10 * 5) + 60 damage.<br /> Fire Strike - 1d100 + 8 to hit. (2d12 * 5) + 60 fire damage.</p> 
				 	]]>
				</content:encoded>							</item>
				</channel>
</rss>