<?xml version="1.0" encoding="UTF-8" ?>
<rss version="2.0" xmlns:content="http://purl.org/rss/1.0/modules/content/" xmlns:wikidot="http://www.wikidot.com/rss-namespace">

	<channel>
		<title>The wish Twins</title>
		<link>http://zodiac-ffrpg.wikidot.com/forum/t-370066/the-wish-twins</link>
		<description>Posts in the discussion thread &quot;The wish Twins&quot; - Can you design a harder to kill PC?</description>
				<copyright></copyright>
		<lastBuildDate>Thu, 18 Feb 2021 21:36:24 +0000</lastBuildDate>
		
					<item>
				<guid>http://zodiac-ffrpg.wikidot.com/forum/t-370066#post-1192867</guid>
				<title>The wish Twins</title>
				<link>http://zodiac-ffrpg.wikidot.com/forum/t-370066/the-wish-twins#post-1192867</link>
				<description></description>
				<pubDate>Mon, 04 Jul 2011 02:12:36 +0000</pubDate>
				<wikidot:authorName>Aidanika</wikidot:authorName>				<wikidot:authorUserId>502322</wikidot:authorUserId>				<content:encoded>
					<![CDATA[
						 <p>These two characters are actually designed to be played by the same player. They trade wishes between each other, and they each specialize in one of the two different branches of Support characters: Damage Prevention and Status restoration. They are also quite Vitality-heavy, so taking out either one is impossible.</p> <p>But their real trick is simply to keep playing patticake with their Wish command, trading HP between each other at a rate of 3 for 1, making the two of them pretty much invincible when they want to be.</p> <p>These team could be unbreakable! They must be the toughest, hardest to kill, most intimidating adventurers ever! What could they possibly <em>look</em> like?</p> <p>I'm thinking of using my Avatar. Which is Sue and Toroko from Cave Story! Two tiny little rabbit-like Mimiga. At least I think they're tiny. People's sizes are all over the place in that game&#8230;..Any way, while you can kill some Mimiga after certain plot points happen and transform them into&#8230;.something, in some fights you fight some untransformed Mimiga and while they squeak from any damage, they usually get right back up over and over.</p> <p>You shot Toroko long before the time that you actually&#8230;well, that's a spoiler.</p> <p>Anyway, this started as a joke, but now that I thought about it, I think I'd like to actually play as those characters in a game. In Cave Story, Sue and Toroko speak well of each other, and are probably quite important to one another, but due to&#8230;.certain events&#8230;.they are never on screen together. Which is sad.</p> <p>And so, I had time to think about it, and I actually came up with a &quot;backstory&quot; to get the actual characters into any campaign setting.<sup class="footnoteref"><a id="footnoteref-719483-1" href="javascript:;" class="footnoteref" >1</a></sup></p> <p>Sue- Takes a Proactive stance, focuses on nullifying enemy offense and fortifying the party. Sacrifices HP to cast her buffs.</p> <p>Wish/Cover</p> <p>Techs: Positive Statuses, Str Break, Mag Break, Speed Boost and Break, Resistance, Absorbency, Immunity, Drain Demi and Revenge attacks, Curse, Mini, Frog, Stop, Stun, Area Healing for emergencies, Invulnerability, MP attack</p> <p>Weapons: Spear 5/1</p> <p>1-Fire<br /> 2-Water<br /> 3-NA<br /> 4-Earth<br /> 5-Shadow<br /> 6-Fire, Drain<br /> 7-Earth<br /> 8-Drain<br /> 9-Shadow, Drain<br /> 10-Water, Vitality Bonus, Drain</p> <p>Relics<br /> Warm Scarf- Resist Ice and Wind (4000)<br /> Quartz Ring- +10 Vit, Resist Earth (3000)<br /> Red Hooded Cloak- +10 Vit, Resist Fire (3000)<br /> Angel Wings and Halo- Resist Shadow, +10 Vit (3000)<br /> ARTIFACT Awesome Red and White Cap- Resist all Elements<br /> ARTIFACT Life Casule- +25 Vitality, Immune to Death, DSent, Stone</p> <p>Armor: 5 points, Defense.</p> <p>1-NA<br /> 2-Magical Defense, Weakness<br /> 3-Weak to Magic, Defense<br /> 4-NA<br /> 5-Magical Defense, Weakness<br /> 6-Defense<br /> 7-Weakness, Magical Defense<br /> 8-NA<br /> 9-Agility Bonus, Defense, Weak to Magic<br /> 10-Magical Defense</p> <p>Guards: 10 points<br /> 1- Weak to Holy, Shadow Resist<br /> 2- Weak to Lightning, Wind Immunity<br /> 3- Weak to Wind, Earth Immunity<br /> 4- Weak to Earth, Lightning Immunity<br /> 5- Weak to Fire, Ice Immunity<br /> 6- Weak to Ice, Water Immunity<br /> 7- Vitality Bonus<br /> 8- Weak to Water, Fire Immunity<br /> 9- Vitality Bonus<br /> 10- Defense, Vitality Bonus</p> <p>Toroko-Takes a Reactive stance and fixes everyone's status effects. Spends most the time Wishing back health.</p> <p>Wish/Cover</p> <p>Techs: Dispel, Esuna, Revive, Negative Statuses, Area Healing, MP steal, Scan</p> <p>Weapons: Spears 5/1<br /> 1-Lightning<br /> 2-Ice<br /> 3-NA<br /> 4-Wind<br /> 5-Holy, Blind<br /> 6-Lightning, Stun<br /> 7-Wind, Poison<br /> 8-NA, Sleep<br /> 9-Ice, Death Sentence<br /> 10-Holy, Vitality, Magic boost</p> <p>Relics:<br /> Sue's Locket- Immune to Berserk, Confuse, Stun, Frog, Seal, Charm (3000)<br /> Colorful Ribbon- Death, DSent, Stone, Seal, Berserk Immunity (4000)<br /> Flower Pendant- Immune to Curse (500)<br /> Evade Booster- +15 Agi (1500)<br /> Resist Booster- +10 Vit and +10 Spr (2000)<br /> Mushroom Badge- Immune to Death, Seal, Stop, Berserk, Confuse, Stun, Charm (4000)</p> <p>ARTIFACT Arthur's Talisman- Immune to all Statuses<br /> ARTIFACT Curly's head band- +20 Vit and Spr, +15 Mag and Agi</p> <p>Armor: 5 points, Defense<br /> 1-NA<br /> 2-NA<br /> 3-Ice Resistance<br /> 4-NA<br /> 5-NA<br /> 6-Resist Bonus<br /> 7-NA<br /> 8-NA<br /> 9-Agility Bonus<br /> 10-Agility Bonus, Fire Resistance</p> <p>Guards: 10 points<br /> 1-NA<br /> 2-Berserk Immunity<br /> 3-NA<br /> 4-Slow Immunity<br /> 5-DSent Immunity<br /> 6-Poison Immunity<br /> 7-Zombie Immunity<br /> 8-Venom Immunity<br /> 9-Resist Bonus<br /> 10-Shadow Absorbency, Agility Bonus</p> <div class="footnotes-footer"> <div class="title">Footnotes</div> <div class="footnote-footer" id="footnote-719483-1"><a href="javascript:;" >1</a>. Just before the start of the game, Sue traces an odd transmission from her brother inside a cave above the Mimiga village. Quote didn't wake up. Sue finds him, and wonders why the transmission routed through the abandoned robot's system of all places. She takes Quote back to her house, and is trying to reactivate him when Toroko suddenly bursts through the door, locking it behind her. She tells Sue that King is looking for her, and thinks he can trade Sue away to protect the village. Before they can decide what to do Balrog breaks down the door with a mighty &quot;HUZZAH!&quot; and they flee using the transporter to the Egg Corridor. But something goes wrong&#8230;.blah blah blah&#8230;.they don't end up at the Egg Corridor at all.</div> </div> 
				 	]]>
				</content:encoded>							</item>
				</channel>
</rss>