<?xml version="1.0" encoding="UTF-8" ?>
<rss version="2.0" xmlns:content="http://purl.org/rss/1.0/modules/content/" xmlns:wikidot="http://www.wikidot.com/rss-namespace">

	<channel>
		<title>Clone Command Skill</title>
		<link>http://zodiac-ffrpg.wikidot.com/forum/t-392255/clone-command-skill</link>
		<description>Posts in the discussion thread &quot;Clone Command Skill&quot; - Works on players?</description>
				<copyright></copyright>
		<lastBuildDate>Thu, 18 Feb 2021 21:36:01 +0000</lastBuildDate>
		
					<item>
				<guid>http://zodiac-ffrpg.wikidot.com/forum/t-392255#post-1271165</guid>
				<title>Re: Clone Command Skill</title>
				<link>http://zodiac-ffrpg.wikidot.com/forum/t-392255/clone-command-skill#post-1271165</link>
				<description></description>
				<pubDate>Sat, 01 Oct 2011 09:55:06 +0000</pubDate>
				<wikidot:authorName>Doresh</wikidot:authorName>				<wikidot:authorUserId>654492</wikidot:authorUserId>				<content:encoded>
					<![CDATA[
						 <p>I'd say no. The skill itself only talks about monsters. PCs typically have less HP than monsters, put far more MP, techs and damage output. A cloned PC would be FAR more useful than a cloned monster.</p> 
				 	]]>
				</content:encoded>							</item>
					<item>
				<guid>http://zodiac-ffrpg.wikidot.com/forum/t-392255#post-1261350</guid>
				<title>Clone Command Skill</title>
				<link>http://zodiac-ffrpg.wikidot.com/forum/t-392255/clone-command-skill#post-1261350</link>
				<description></description>
				<pubDate>Sun, 18 Sep 2011 19:51:13 +0000</pubDate>
				<wikidot:authorName>paroikos</wikidot:authorName>				<wikidot:authorUserId>1200758</wikidot:authorUserId>				<content:encoded>
					<![CDATA[
						 <p>Can the Clone command skill be used on yourself or another player? Of course it would still require a role, but I don't know if this would be considered unbalancing&#8230;</p> 
				 	]]>
				</content:encoded>							</item>
				</channel>
</rss>