<?xml version="1.0" encoding="UTF-8" ?>
<rss version="2.0" xmlns:content="http://purl.org/rss/1.0/modules/content/" xmlns:wikidot="http://www.wikidot.com/rss-namespace">

	<channel>
		<title>The Ultimate Troll</title>
		<link>http://zodiac-ffrpg.wikidot.com/forum/t-402597/the-ultimate-troll</link>
		<description>Posts in the discussion thread &quot;The Ultimate Troll&quot; - An enemy that is designed to frustrate and annoy players of almost any level.</description>
				<copyright></copyright>
		<lastBuildDate>Thu, 18 Feb 2021 21:36:29 +0000</lastBuildDate>
		
					<item>
				<guid>http://zodiac-ffrpg.wikidot.com/forum/t-402597#post-1285704</guid>
				<title>The Ultimate Troll</title>
				<link>http://zodiac-ffrpg.wikidot.com/forum/t-402597/the-ultimate-troll#post-1285704</link>
				<description></description>
				<pubDate>Thu, 20 Oct 2011 09:31:27 +0000</pubDate>
				<wikidot:authorName>Aidanika</wikidot:authorName>				<wikidot:authorUserId>502322</wikidot:authorUserId>				<content:encoded>
					<![CDATA[
						 <p>Troll (in all meanings of the word)</p> <p>Level 35 Boss<br /> Str 32<br /> Vit: 90<br /> Mag 65<br /> Spr 3<br /> Agi 20</p> <p>HP: 11000 MP: 38 AP: 64 SD: 1d10 Accy: 9 MAccy: 18 Evasion: 29 Resist: 34 Speed: 14 Crit: 97</p> <p>Regeneration (Recover 1100 HP per round), Fire Weakness, Resistance to all other elements, Trolling (Berserk, Area Effect, Sacrifice), Insane Troll Logic (Quadra Slam, MP attack, Sacrifice)</p> <p>The Troll is a large humanoid with a hideous grin plastered on its face. It has an impossibly dense skull (although some possess surprisingly thin skin) and regenerates damage. Its gangly arms are among the weakest of other Giant-class monsters, but its impossible tenacity and mind-bending japery has reduced the calmest warriors to babbling and empty shells of their former selves.</p> <p>Adventurers of almost any caliber have a universal reaction of &quot;Oh gawd. It's another troll.&quot;</p> <p>Very often, when the troll gets tired of fighting, he gives a mighty cry of &quot;Later, n00bs! TROLOLOLOLOL&#8230;..&quot; and runs off.</p> 
				 	]]>
				</content:encoded>							</item>
				</channel>
</rss>