<?xml version="1.0" encoding="UTF-8" ?>
<rss version="2.0" xmlns:content="http://purl.org/rss/1.0/modules/content/" xmlns:wikidot="http://www.wikidot.com/rss-namespace">

	<channel>
		<title>Massive FF3/6 Campaign</title>
		<link>http://zodiac-ffrpg.wikidot.com/forum/t-400479/massive-ff3-6-campaign</link>
		<description>Posts in the discussion thread &quot;Massive FF3/6 Campaign&quot;</description>
				<copyright></copyright>
		<lastBuildDate>Thu, 18 Feb 2021 21:35:06 +0000</lastBuildDate>
		
					<item>
				<guid>http://zodiac-ffrpg.wikidot.com/forum/t-400479#post-1297903</guid>
				<title>Re: Massive FF3/6 Campaign</title>
				<link>http://zodiac-ffrpg.wikidot.com/forum/t-400479/massive-ff3-6-campaign#post-1297903</link>
				<description></description>
				<pubDate>Fri, 04 Nov 2011 19:19:54 +0000</pubDate>
				<wikidot:authorName>Eric Thompson</wikidot:authorName>				<wikidot:authorUserId>1217000</wikidot:authorUserId>				<content:encoded>
					<![CDATA[
						 <p>While this is true. Word of mouth spread through social sites could easily attract many people. Its just a matter of getting it started.</p> <p>I can see the difficulty in time zone differences. Usually things done of weekends would be best, due to more flexable times. Not as many people work on weekends/ stay up late/ can get up early, etc etc.<br /> But once we get enough people we could always talk about available times at that point. Was thinking about making it a once of month kind of thing. Find a time where everyone can plan ahead to come together to make it happen.<br /> And the best part is it doesnt matter if you cant make it ALL the time or everytime, every person of every level will have something to do. Thats the beauty of having large scale RP. Being able to set up multiple rooms for people of various ranges of levels that way people of similar levels will be able to interact with each other and not be hindered by big level differences, but also give that player the freedom to interact with the various room if he wants to experience the challenges.</p> 
				 	]]>
				</content:encoded>							</item>
					<item>
				<guid>http://zodiac-ffrpg.wikidot.com/forum/t-400479#post-1292170</guid>
				<title>Re: Massive FF3/6 Campaign</title>
				<link>http://zodiac-ffrpg.wikidot.com/forum/t-400479/massive-ff3-6-campaign#post-1292170</link>
				<description></description>
				<pubDate>Thu, 27 Oct 2011 21:24:21 +0000</pubDate>
				<wikidot:authorName>Doresh</wikidot:authorName>				<wikidot:authorUserId>654492</wikidot:authorUserId>				<content:encoded>
					<![CDATA[
						 <p>As cool as this idea sounds, it'll be slightly hard to realize. Zodiac is in desperate need of a little PR and a little revitalization. It'll be hard to get enough players at the moment ;-(</p> <p>As for OpenRPG and Co., I live in Europe, so there's a nice, big time difference between me and some American players.</p> 
				 	]]>
				</content:encoded>							</item>
					<item>
				<guid>http://zodiac-ffrpg.wikidot.com/forum/t-400479#post-1280439</guid>
				<title>Massive FF3/6 Campaign</title>
				<link>http://zodiac-ffrpg.wikidot.com/forum/t-400479/massive-ff3-6-campaign#post-1280439</link>
				<description></description>
				<pubDate>Thu, 13 Oct 2011 15:49:32 +0000</pubDate>
				<wikidot:authorName>Eric Thompson</wikidot:authorName>				<wikidot:authorUserId>1217000</wikidot:authorUserId>				<content:encoded>
					<![CDATA[
						 <p>I came across Zodiac a couple days ago while looking for Role playing games. I found this one to be well thought out/built. Then it hit me, &quot;Can we make a large scale Role playing experience for more then a couple people?&quot; So i started to think of FF3/6. Where you had the ability to have many different parties due to the number of playable characters. Then i thought, &quot;where would this be able to be made possible other then forums?&quot; And of course i thought of an irc chat channel where we could set up sub channels for each town/dungeon, that way we could get LOTS of players playing but all in the same world and being able to interact with each other and play a story similar to the Final Fantasy 3/6 story. But im sure with communcation and proper planning and additional help i believe we can get something like this for a lot of players to join in.</p> <p>What do you think?</p> <p>Edit: Even better. We could use a virtual table top system, something like OpenRPG. Allowing us to make and transfer character sheets to DMs. Rolling dice capabilities all built in. Etc etc.</p> 
				 	]]>
				</content:encoded>							</item>
				</channel>
</rss>