<?xml version="1.0" encoding="UTF-8" ?>
<rss version="2.0" xmlns:content="http://purl.org/rss/1.0/modules/content/" xmlns:wikidot="http://www.wikidot.com/rss-namespace">

	<channel>
		<title>Charge and Healing</title>
		<link>http://zodiac-ffrpg.wikidot.com/forum/t-442029/charge-and-healing</link>
		<description>Posts in the discussion thread &quot;Charge and Healing&quot; - A couple of general thoughts on potentially-underpowered abilities</description>
				<copyright></copyright>
		<lastBuildDate>Thu, 18 Feb 2021 21:36:00 +0000</lastBuildDate>
		
					<item>
				<guid>http://zodiac-ffrpg.wikidot.com/forum/t-442029#post-1378878</guid>
				<title>Re: Charge and Healing</title>
				<link>http://zodiac-ffrpg.wikidot.com/forum/t-442029/charge-and-healing#post-1378878</link>
				<description></description>
				<pubDate>Tue, 21 Feb 2012 17:40:55 +0000</pubDate>
				<wikidot:authorName>DFroGGotten1</wikidot:authorName>				<wikidot:authorUserId>498563</wikidot:authorUserId>				<content:encoded>
					<![CDATA[
						 <p>i have reworked the Charge Power due to how very slow it is for players. boogey and i have figured out a working system.<br /> Base value for the charge power is 10, then you add the effectibve tech level (Tech Level plus # of levels from Secondaries), then add it's power level</p> <p>Power level Weak is -1<br /> Power Level Medium is +0<br /> Power level Strong is +1</p> <p>this might need playtesting, but i and boogey believes it will work.</p> <p>level 0 powers have 9 for weak, 9 for medium, and 10 for strong</p> 
				 	]]>
				</content:encoded>							</item>
					<item>
				<guid>http://zodiac-ffrpg.wikidot.com/forum/t-442029#post-1375519</guid>
				<title>Re: Charge and Healing</title>
				<link>http://zodiac-ffrpg.wikidot.com/forum/t-442029/charge-and-healing#post-1375519</link>
				<description></description>
				<pubDate>Thu, 16 Feb 2012 14:22:44 +0000</pubDate>
				<wikidot:authorName>Doresh</wikidot:authorName>				<wikidot:authorUserId>654492</wikidot:authorUserId>				<content:encoded>
					<![CDATA[
						 <p>I think the higher levels of Charge are meant for monsters, who usually have very few MP to spare, whereas low level powers with charge can be good alternatives to the standard attack.</p> 
				 	]]>
				</content:encoded>							</item>
					<item>
				<guid>http://zodiac-ffrpg.wikidot.com/forum/t-442029#post-1370795</guid>
				<title>Charge and Healing</title>
				<link>http://zodiac-ffrpg.wikidot.com/forum/t-442029/charge-and-healing#post-1370795</link>
				<description></description>
				<pubDate>Fri, 10 Feb 2012 06:43:26 +0000</pubDate>
				<wikidot:authorName>Laertes Ursus</wikidot:authorName>				<wikidot:authorUserId>512665</wikidot:authorUserId>				<content:encoded>
					<![CDATA[
						 <p>Call me silly, but isn't Charge a bit on the slow side? I mean, it's a good basic system, but I like something I can see the math of, and additionally something that's actually worthwhile to use. At higher levels, Charge techs just aren't fast enough to be of use. Now, I understand they're essentially free techs, but it's still not something that I think is a viable option over a TL 3. Why don't we simplify it?</p> <p>&quot;Instead of consuming MP, the user of the Tech must focus his energy for a certain amount of time before unleashing the Tech. Normally a Tech requires 8 Speed Points to use, just like any other action, but a Charge Power requires a higher expenditure of Speed Points. If a character does not have sufficient Speed Points, he may wait, taking no actions and expending no Speed Points, until he has enough points to execute the Tech. If combined with Secondary Effects, the amount of SP required increases or decreases in the same way as MP cost normally would. A Charge Power consumes additional SP equal to its effective Tech Level times a multiplier based on the strength of the Tech. Weak Techs have a multiplier of 1, Medium Techs have a multiplier of 1.5, and Strong Techs have a Multiplier of 2. Using this system, a Medium Level 3 Tech and a Weak level 5 Tech would each cost 13 SP.&quot;</p> <p>As for Healing, my suggestion would be a straight-up doubling of all base values. Once you get to a level where you can actually buy a level 6 Tech, 250+MAG*2(Probably around 450-600 total) is not a lot of HP, and that's the absolute strongest heal available. Alternatively, if you're worried about a heal/MP imbalance, create it as an extra option for double healing and beneficial effect timers at +2 effective TL.</p> 
				 	]]>
				</content:encoded>							</item>
				</channel>
</rss>