<?xml version="1.0" encoding="UTF-8" ?>
<rss version="2.0" xmlns:content="http://purl.org/rss/1.0/modules/content/" xmlns:wikidot="http://www.wikidot.com/rss-namespace">

	<channel>
		<title>Beastie Book Lite</title>
		<link>http://zodiac-ffrpg.wikidot.com/forum/t-444482/beastie-book-lite</link>
		<description>Posts in the discussion thread &quot;Beastie Book Lite&quot; - Coming around...but you can help too!</description>
				<copyright></copyright>
		<lastBuildDate>Thu, 18 Feb 2021 21:36:28 +0000</lastBuildDate>
		
					<item>
				<guid>http://zodiac-ffrpg.wikidot.com/forum/t-444482#post-1378888</guid>
				<title>Beastie Book Lite</title>
				<link>http://zodiac-ffrpg.wikidot.com/forum/t-444482/beastie-book-lite#post-1378888</link>
				<description></description>
				<pubDate>Tue, 21 Feb 2012 17:53:30 +0000</pubDate>
				<wikidot:authorName>DFroGGotten1</wikidot:authorName>				<wikidot:authorUserId>498563</wikidot:authorUserId>				<content:encoded>
					<![CDATA[
						 <p>BEASTIE BOOK (The Compilation of ZODIAC Final Fantasy Monster) is still being worked on, And shall provide the lazy GM to find a monster that fits his needs.</p> <p>Until then, You can help my by creating some Finall Fantasy Monsters yourself and Posting them into this threadf, with or without a pic.</p> <p>all credit will be due to those who create monsters for this project</p> <p>Beastie Book Lite will contasin about 65 monsters, and it'll include not only stats, but also a little informastion like habitat, tactics and other fun interesting goodies.</p> <p>here's a sample of what's gonna be inside Beastier Book Lite</p> <p>Green Dragon<br /> Level 49 Dragon<br /> XP &#8212;1715<br /> GP &#8212; 735</p> <p>HP &#8212; 2220<br /> MP &#8212; 62<br /> AP &#8212; 90<br /> MAP &#8212; 100<br /> SPD &#8212; 17<br /> CRIT &#8212; 95<br /> ACC &#8212; 14<br /> MACC &#8212; 15<br /> EVA &#8212; 34<br /> RES &#8212; 40<br /> STR D &#8212; 1d8<br /> MAG D &#8212; 1d8<br /> Max Tech Levels - 11</p> <p>Exception Stats &#8212; +10 STR, +20 SPR<br /> Greater Lightning Absorbency<br /> Lightning Blitz - 3M3 lightning damage to all, only four uses</p> <p>MONSTER INFORMATION</p> <p>Average Party Challenge Level &#8212; 40 to 50</p> <p>Appearance &#8212; Green scales with orange and yellow stripes and has purple horns and spines down its back. Underbelly is mostly orange-yellow with purple bands. Has wings with orange-yellow membrane, which are just for display only (They are too small for Flight). Eyes give off a yellow glow, but no sign of a pupil.</p> <p>Habitat &#8212; Underground, Mountains, and certain Ruins</p> <p>Intelligence &#8212; High (lower standard)</p> <p>Reaction &#8212; Hostile. Greater Hostility when hungry or defending it's nest/offspring</p> <p>Size &#8212; 22 feet at the shoulder, and roughly 46 feet long.</p> <p>Senses &#8212; Excellent Olfactory, Above Average Vision, Average Auditory, Average tactile</p> <p>Behavior &#8212; Green Dragons are mostly loners by nature. They are nocturnal hunters, waiting within a cave as silent as it can be. Once a suitable 'meal' comes around, It suddenly burst forward, biting into it. If more then one prey is present, It'll use its brownish yellow claws to press the prey against the wall, which kills them most of the time. Only the most die hard individual can withstand the crushing force of a Green Dragon's pressed claws.<br /> When Green Wyrmlings are old enough, their mother will teach them how to hunt within the caves know as their lair. the Mother Green Dragon raise it's young until they reach the stage in their life as young adults (Between Adolescent and Adulthood). Afterwards, they are on their own. They seek out a suitible lair and wait for any meal to come by. If no meal comes by, They hunt in any locale watering hole, lurking in the water before appearing and using thier Lightning Blitz, which renders most beast into a state of daze, or dead on the spot. It'll then collect enough of it's meal to feast on for the next few days and journeys back to it's lair.</p> <p>Rarity &#8212; 35% to Encounter within Habitats, 15% elsewhere, Mostly travel alone, except when with offspring.</p> <p>Battle Tactics &#8212; Green Dragons one of a few Dragons that can absorb Lightning damage. At its first turn, Green Dragons use Lightning Blitz. Then they'll use Normal attacks for 3 turns before unleashing another Lightning Blitz. If its at 25% Max HP or below, and it has more uses of Lightning Blitz left, It'll start spamming them until all uses are expended.</p> <p>I'll report back once BBlite is doner</p> 
				 	]]>
				</content:encoded>							</item>
				</channel>
</rss>