<?xml version="1.0" encoding="UTF-8" ?>
<rss version="2.0" xmlns:content="http://purl.org/rss/1.0/modules/content/" xmlns:wikidot="http://www.wikidot.com/rss-namespace">

	<channel>
		<title>regen</title>
		<link>http://zodiac-ffrpg.wikidot.com/forum/t-454101/regen</link>
		<description>Posts in the discussion thread &quot;regen&quot;</description>
				<copyright></copyright>
		<lastBuildDate>Thu, 18 Feb 2021 21:35:52 +0000</lastBuildDate>
		
					<item>
				<guid>http://zodiac-ffrpg.wikidot.com/forum/t-454101#post-2141499</guid>
				<title>Re: regen</title>
				<link>http://zodiac-ffrpg.wikidot.com/forum/t-454101/regen#post-2141499</link>
				<description></description>
				<pubDate>Sun, 26 Oct 2014 21:45:56 +0000</pubDate>
				<wikidot:authorName>Chronotaur</wikidot:authorName>				<wikidot:authorUserId>2002791</wikidot:authorUserId>				<content:encoded>
					<![CDATA[
						 <p>In my honest opinion I see where you're coming from, but I agree with Froggotten. The tech seems too expensive at early levels, but leveling is pretty quick and by the time you are level 20+ it becomes extremely powerful. Not to mention that Regen SHOULD technically be an advanced spell, rather than an early spell.</p> 
				 	]]>
				</content:encoded>							</item>
					<item>
				<guid>http://zodiac-ffrpg.wikidot.com/forum/t-454101#post-2122689</guid>
				<title>Re: regen</title>
				<link>http://zodiac-ffrpg.wikidot.com/forum/t-454101/regen#post-2122689</link>
				<description></description>
				<pubDate>Wed, 01 Oct 2014 22:10:41 +0000</pubDate>
				<wikidot:authorName>DFroGGotten1</wikidot:authorName>				<wikidot:authorUserId>498563</wikidot:authorUserId>				<content:encoded>
					<![CDATA[
						 <p>I'll ponder on that. Might have to ask the ZODIAC FFRPG veterans (they have been both Masters and Players for many campaigns) about their thought on it too.</p> 
				 	]]>
				</content:encoded>							</item>
					<item>
				<guid>http://zodiac-ffrpg.wikidot.com/forum/t-454101#post-2112377</guid>
				<title>Re: regen</title>
				<link>http://zodiac-ffrpg.wikidot.com/forum/t-454101/regen#post-2112377</link>
				<description></description>
				<pubDate>Thu, 18 Sep 2014 08:30:47 +0000</pubDate>
				<wikidot:authorName>Sulthar</wikidot:authorName>				<wikidot:authorUserId>1954290</wikidot:authorUserId>				<content:encoded>
					<![CDATA[
						 <p>Why not just create a lv 2 of 5%? The rules are open, just play with em! At the end your game master has the final verdict on the powers :)</p> 
				 	]]>
				</content:encoded>							</item>
					<item>
				<guid>http://zodiac-ffrpg.wikidot.com/forum/t-454101#post-1397031</guid>
				<title>Re: regen</title>
				<link>http://zodiac-ffrpg.wikidot.com/forum/t-454101/regen#post-1397031</link>
				<description></description>
				<pubDate>Sun, 18 Mar 2012 16:57:55 +0000</pubDate>
				<wikidot:authorName>DFroGGotten1</wikidot:authorName>				<wikidot:authorUserId>498563</wikidot:authorUserId>				<content:encoded>
					<![CDATA[
						 <p>It's Level 4 because it'd quite an ability (especially if haste and Speed boost 50% is casted beforehand).<br /> You regenerate 10% of your HP per turn, which means if you have 24 Speed Points (SP), You regain 30% of your max HP. That's quite alot in one round.</p> <p>Combine that with the fact that it's a ability that last until a creature fells you, and you got your reasons for a Level 4 Regen.</p> 
				 	]]>
				</content:encoded>							</item>
					<item>
				<guid>http://zodiac-ffrpg.wikidot.com/forum/t-454101#post-1396191</guid>
				<title>regen</title>
				<link>http://zodiac-ffrpg.wikidot.com/forum/t-454101/regen#post-1396191</link>
				<description></description>
				<pubDate>Sat, 17 Mar 2012 00:02:53 +0000</pubDate>
				<wikidot:authorName>Tac Prime</wikidot:authorName>				<wikidot:authorUserId>1324038</wikidot:authorUserId>				<content:encoded>
					<![CDATA[
						 <p>why is regen level 4?</p> 
				 	]]>
				</content:encoded>							</item>
				</channel>
</rss>