<?xml version="1.0" encoding="UTF-8" ?>
<rss version="2.0" xmlns:content="http://purl.org/rss/1.0/modules/content/" xmlns:wikidot="http://www.wikidot.com/rss-namespace">

	<channel>
		<title>helmets optional</title>
		<link>http://zodiac-ffrpg.wikidot.com/forum/t-453844/helmets-optional</link>
		<description>Posts in the discussion thread &quot;helmets optional&quot; - working on helmets</description>
				<copyright></copyright>
		<lastBuildDate>Thu, 18 Feb 2021 21:36:07 +0000</lastBuildDate>
		
					<item>
				<guid>http://zodiac-ffrpg.wikidot.com/forum/t-453844#post-1398387</guid>
				<title>Re: helmets optional</title>
				<link>http://zodiac-ffrpg.wikidot.com/forum/t-453844/helmets-optional#post-1398387</link>
				<description></description>
				<pubDate>Tue, 20 Mar 2012 12:02:26 +0000</pubDate>
				<wikidot:authorName>Tac Prime</wikidot:authorName>				<wikidot:authorUserId>1324038</wikidot:authorUserId>				<content:encoded>
					<![CDATA[
						 <p>was just a thought for a little more customization for certain games. the group I am playing with liked the idea of having helmets to add into certain aspects of the game like the green beret and its wonderful +25% hp</p> 
				 	]]>
				</content:encoded>							</item>
					<item>
				<guid>http://zodiac-ffrpg.wikidot.com/forum/t-453844#post-1397035</guid>
				<title>Re: helmets optional</title>
				<link>http://zodiac-ffrpg.wikidot.com/forum/t-453844/helmets-optional#post-1397035</link>
				<description></description>
				<pubDate>Sun, 18 Mar 2012 17:04:34 +0000</pubDate>
				<wikidot:authorName>DFroGGotten1</wikidot:authorName>				<wikidot:authorUserId>498563</wikidot:authorUserId>				<content:encoded>
					<![CDATA[
						 <p>For one, You don't really need to make helmets. You can use it as a Guard, or a relic. That or you can Create an armor set with a complete suit (helmets included.).</p> <p>Our philasophy here at ZODIAC FFRPG is always use the KISS method (Keep It Simple, Stupid).</p> <p>The entire system, with an exclusion of the Optional material, is mainly a toolbox, yet it works fine without any errata.</p> <p>Same thing goes if you want to create a Weapon set. You're character has six arms? Well, make a SINGLE weapon set to include all six weapons as one weapon level.</p> 
				 	]]>
				</content:encoded>							</item>
					<item>
				<guid>http://zodiac-ffrpg.wikidot.com/forum/t-453844#post-1395347</guid>
				<title>helmets optional</title>
				<link>http://zodiac-ffrpg.wikidot.com/forum/t-453844/helmets-optional#post-1395347</link>
				<description></description>
				<pubDate>Thu, 15 Mar 2012 16:31:48 +0000</pubDate>
				<wikidot:authorName>Tac Prime</wikidot:authorName>				<wikidot:authorUserId>1324038</wikidot:authorUserId>				<content:encoded>
					<![CDATA[
						 <p>So most of the games have helmets as well and since this game does nto allow for a defense stat&#8230;.I give you this<br /> Helmets<br /> light<br /> 7hp 2mp<br /> 10hp 5mp<br /> 15hp 7mp<br /> 25hp 12mp<br /> 30hp 15mp<br /> 40hp 20mp<br /> 50hp 25mp<br /> 60hp 30mp<br /> 75hp 37mp<br /> 100hp 50mp</p> <p>Balance<br /> 4hp evd/mevd=HL<br /> 6hp evd/mevd=HL<br /> 10hp evd/mevd=HL<br /> 16hp evd/m evd=HL<br /> 20hp evd/m evd=HL<br /> 25hp evd/m evd=HL<br /> 30hp evd/m evd=HL<br /> 35hp evd/m evd=HL<br /> 40hp evd/m evd=HL<br /> 50hp evd/m evd=15</p> <p>Hl means the level of the helmet<br /> this one requires some clarification<br /> in my game I added in a magic evade(m evd) stat since magic tends to come as techs in this system and techs don't generally allow for miss chance without taking innacurate. but we've all seen relm and strago luckily evade things like fire 3 and quake.<br /> The base magic evade stat is 3% adding 1&#160;% for every 40 combined points of spr and mag meaning if both stats are at 250 you have a maximum base of 15 so the artifact level of this piece of equipment would improve that by 15%</p> <p>Heavy<br /> 2hp 2str<br /> 3hp 4str<br /> 5hp 6str<br /> 8hp 8str<br /> 10hp 10str<br /> 13hp 15str<br /> 16hp 20str<br /> 20hp 25str<br /> 25hp 30str<br /> 35hp 50str</p> <p>More than happy for adjustment ideas to this</p> 
				 	]]>
				</content:encoded>							</item>
				</channel>
</rss>