<?xml version="1.0" encoding="UTF-8" ?>
<rss version="2.0" xmlns:content="http://purl.org/rss/1.0/modules/content/" xmlns:wikidot="http://www.wikidot.com/rss-namespace">

	<channel>
		<title>Monster Spreadsheet</title>
		<link>http://zodiac-ffrpg.wikidot.com/forum/t-465909/monster-spreadsheet</link>
		<description>Posts in the discussion thread &quot;Monster Spreadsheet&quot; - An easy spreadsheet for monster creation.</description>
				<copyright></copyright>
		<lastBuildDate>Thu, 18 Feb 2021 21:36:35 +0000</lastBuildDate>
		
					<item>
				<guid>http://zodiac-ffrpg.wikidot.com/forum/t-465909#post-1438988</guid>
				<title>Re: Monster Spreadsheet</title>
				<link>http://zodiac-ffrpg.wikidot.com/forum/t-465909/monster-spreadsheet#post-1438988</link>
				<description></description>
				<pubDate>Sat, 05 May 2012 17:45:20 +0000</pubDate>
				<wikidot:authorName>Doresh</wikidot:authorName>				<wikidot:authorUserId>654492</wikidot:authorUserId>				<content:encoded>
					<![CDATA[
						 <p>Ooooh, I think I made something like that myself. Needs a better layout, but I'm still proud of it ^^</p> 
				 	]]>
				</content:encoded>							</item>
					<item>
				<guid>http://zodiac-ffrpg.wikidot.com/forum/t-465909#post-1436282</guid>
				<title>Re: Monster Spreadsheet</title>
				<link>http://zodiac-ffrpg.wikidot.com/forum/t-465909/monster-spreadsheet#post-1436282</link>
				<description></description>
				<pubDate>Thu, 03 May 2012 09:40:08 +0000</pubDate>
				<wikidot:authorName>Iyoret</wikidot:authorName>				<wikidot:authorUserId>1355977</wikidot:authorUserId>				<content:encoded>
					<![CDATA[
						 <p>And it would help if I posted the link&#8230;</p> <p>h t t p: / / w w w .media fire. com/ ?ddbcf8c7ob78ppy</p> 
				 	]]>
				</content:encoded>							</item>
					<item>
				<guid>http://zodiac-ffrpg.wikidot.com/forum/t-465909#post-1436280</guid>
				<title>Monster Spreadsheet</title>
				<link>http://zodiac-ffrpg.wikidot.com/forum/t-465909/monster-spreadsheet#post-1436280</link>
				<description></description>
				<pubDate>Thu, 03 May 2012 09:36:56 +0000</pubDate>
				<wikidot:authorName>Iyoret</wikidot:authorName>				<wikidot:authorUserId>1355977</wikidot:authorUserId>				<content:encoded>
					<![CDATA[
						 <p>You'll notice that not everything is on the sheet. My idea was simply to make calculating the derived stats easier. Input the level of the monster, and the sheet will give you the total stat points available. The stat points will decrease as you fill in the stats.</p> <p>Overall, this is intended to make creating new monsters a little bit faster and easier. You'll still need a concept and all that, but at least the derived stats take care of themselves.</p> 
				 	]]>
				</content:encoded>							</item>
				</channel>
</rss>