<?xml version="1.0" encoding="UTF-8" ?>
<rss version="2.0" xmlns:content="http://purl.org/rss/1.0/modules/content/" xmlns:wikidot="http://www.wikidot.com/rss-namespace">

	<channel>
		<title>Returnergames is down</title>
		<link>http://zodiac-ffrpg.wikidot.com/forum/t-471228/returnergames-is-down</link>
		<description>Posts in the discussion thread &quot;Returnergames is down&quot;</description>
				<copyright></copyright>
		<lastBuildDate>Thu, 18 Feb 2021 21:35:44 +0000</lastBuildDate>
		
					<item>
				<guid>http://zodiac-ffrpg.wikidot.com/forum/t-471228#post-1461478</guid>
				<title>Returnergames is down</title>
				<link>http://zodiac-ffrpg.wikidot.com/forum/t-471228/returnergames-is-down#post-1461478</link>
				<description></description>
				<pubDate>Sun, 27 May 2012 09:10:37 +0000</pubDate>
				<wikidot:authorName>Doresh</wikidot:authorName>				<wikidot:authorUserId>654492</wikidot:authorUserId>				<content:encoded>
					<![CDATA[
						 <p>Returnergames.com seems to be down for over a month now.</p> <p>&#8230;</p> <p>Weird to see the underdog still standing, isn't it ^^ ?</p> 
				 	]]>
				</content:encoded>							</item>
				</channel>
</rss>