<?xml version="1.0" encoding="UTF-8" ?>
<rss version="2.0" xmlns:content="http://purl.org/rss/1.0/modules/content/" xmlns:wikidot="http://www.wikidot.com/rss-namespace">

	<channel>
		<title>Blue Magic!</title>
		<link>http://zodiac-ffrpg.wikidot.com/forum/t-471015/blue-magic</link>
		<description>Posts in the discussion thread &quot;Blue Magic!&quot; - Have any ideas for Blue Magic? Why not place them here?</description>
				<copyright></copyright>
		<lastBuildDate>Thu, 18 Feb 2021 21:34:40 +0000</lastBuildDate>
		
					<item>
				<guid>http://zodiac-ffrpg.wikidot.com/forum/t-471015#post-2031038</guid>
				<title>Re: Blue Magic!</title>
				<link>http://zodiac-ffrpg.wikidot.com/forum/t-471015/blue-magic#post-2031038</link>
				<description></description>
				<pubDate>Tue, 13 May 2014 06:14:58 +0000</pubDate>
				<wikidot:authorName>Regal Pinion</wikidot:authorName>				<wikidot:authorUserId>1119553</wikidot:authorUserId>				<content:encoded>
					<![CDATA[
						 <p>I like those three, JBPuffin. :)<br /> I've got a few more&#8230;</p> <p><strong>1,000 Needlesga</strong><br /> <em>MP: 37</em><br /> A more powerful version of 1,000 Needles. The caster now sends cactus needles in bursts.<br /> This can only be cast on the Blue Mage's very first turn in battle. At the end of each turn the caster has,<br /> one random enemy is dealt exactly 100 damage. This lasts for ten of the caster's turns.</p> <p><strong>Dark White</strong><br /> <em>MP: 19</em><br /> The Blue Mage unleashes a ball of indescribable energy. If the target is an ally of self, then target gains Regen for 1d4+1 ticks. If the target is an enemy it deals 4M2 Shadow damage.</p> <p><strong>Poseidon Strike</strong><br /> <em>MP: 41</em><br /> Channeling the power of the God of earthquakes and the sea, the Blue Mage unleashes a mass of wrath upon the enemies.<br /> Flip a coin. If heads this spell deals 6P3 water damage to a single enemy. If tails, this spell deals 5M3 earth damage to all enemies.</p> <p><strong>Hidden Sickle</strong><br /> <em>MP: 23</em><br /> The Blue Mage attacks with a hidden farmer's sickle.<br /> Target enemy is dealt 4P1 non-elemental damage. If the attack succeeds then the Blue Mage may make an additional attack roll at -40. If the attack is successful then she steals one of the target's items as per the Steal Minor Ability.</p> 
				 	]]>
				</content:encoded>							</item>
					<item>
				<guid>http://zodiac-ffrpg.wikidot.com/forum/t-471015#post-1958926</guid>
				<title>Re: Blue Magic!</title>
				<link>http://zodiac-ffrpg.wikidot.com/forum/t-471015/blue-magic#post-1958926</link>
				<description></description>
				<pubDate>Thu, 06 Feb 2014 20:26:00 +0000</pubDate>
				<wikidot:authorName>JBPuffin</wikidot:authorName>				<wikidot:authorUserId>1299270</wikidot:authorUserId>				<content:encoded>
					<![CDATA[
						 <p>Alright, I'll bite; here's round 1.</p> <p><strong>Phoenix Tear</strong><br /> <em>MP: 14, HP: 35</em><br /> The blue mage sheds a single tear of crimson fire, which drops onto the target's prone body. Target ally is revived, and regains 25% health. If the target is weak to fire, he/she/it is revived at 50%; if resistant, 20%; if immune, 10%; and if the target absorbs fire, the target is revived with 1 HP remaining.</p> <p><strong>Flash Cannon</strong><br /> <em>MP: 29</em><br /> A bright white beam of energy surges from the blue mage, searing one target and bathing all in its light. Deal 3M3 fire and holy damage to a single enemy, then target everyone else with a Blind status roll made at -25 (everyone else includes allies, but not you).</p> <p><strong>Grave Retribution</strong><br /> <em>MP: Special</em><br /> The blue mage lifts a knife to their heart; smiling grimly, she plunges it through, causing an enemy on the field to join her. Make an Instant Death attack against a single enemy with a -35 penalty to the roll. The blue mage is reduced to 0 HP, regardless of the results, and cannot be revived by Reraise or any Revive tech/item other than a Level 6 tech or Phoenix Pinion; even then, they only regain 10% of their HP if they are revived.</p> 
				 	]]>
				</content:encoded>							</item>
					<item>
				<guid>http://zodiac-ffrpg.wikidot.com/forum/t-471015#post-1691994</guid>
				<title>Re: Blue Magic!</title>
				<link>http://zodiac-ffrpg.wikidot.com/forum/t-471015/blue-magic#post-1691994</link>
				<description></description>
				<pubDate>Tue, 22 Jan 2013 09:43:49 +0000</pubDate>
				<wikidot:authorName>Regal Pinion</wikidot:authorName>				<wikidot:authorUserId>1119553</wikidot:authorUserId>				<content:encoded>
					<![CDATA[
						 <p><strong>U Mad Bro</strong><br /> <em>MP: 10</em><br /> One poor soul falls victim to a strange form of harassment.<br /> Flip a coin.<br /> Heads: The target is beserk for 1d3+2 turns.<br /> Tails: The target is confused for 1d3+2 turns.<br /> If the coin lands on a blue surface then nothing happens. Problem?</p> <p><strong>Nightmare Cannon</strong><br /> <em>MP: 14</em><br /> A strange primordial black ooze is fired from the blue mage's hand. Deal 3M3 shadow damage to a single enemie.</p> <p><strong>Purging Cannon</strong><br /> <em>MP: 14</em><br /> A strange primordial white ooze is fired from the blue mage's hand. Deal 3M3 holy damage to a single enemie.</p> <p><strong>Xyrosis</strong><br /> <em>MP: 22</em><br /> The blue mage snaps his fingers and little razors form in the victims body. Deal 3M2 damage to a single enemy. The enemy now loses 10% of their Max HP at the end of their tick. This cannot be cured. The effects of Xyrosis lasts until the victim is reduced to zero HP or the battle ends. This spell does nothing to boss monsters.</p> 
				 	]]>
				</content:encoded>							</item>
					<item>
				<guid>http://zodiac-ffrpg.wikidot.com/forum/t-471015#post-1691990</guid>
				<title>Re: Blue Magic!</title>
				<link>http://zodiac-ffrpg.wikidot.com/forum/t-471015/blue-magic#post-1691990</link>
				<description></description>
				<pubDate>Tue, 22 Jan 2013 09:29:13 +0000</pubDate>
				<wikidot:authorName>Regal Pinion</wikidot:authorName>				<wikidot:authorUserId>1119553</wikidot:authorUserId>				<content:encoded>
					<![CDATA[
						 <p>If any of these interest you, feel free to use them.</p> <p>Anyway more blue magics!</p> <p><strong>Step</strong><br /> <em>MP: 0</em><br /> The Blue mage walks closer to the Enemie. They must cast Step three times before being able to cast &quot;Chef's Knife&quot;.</p> <p><strong>Chef's Knife</strong><br /> <em>MP: 130</em><br /> The blue mage stabs his foe with a little knife made out of pure 'sc**w you'. Deal 3P6*K where K is the number of Chef's Knives you have (item<sup class="footnoteref"><a id="footnoteref-855720-1" href="javascript:;" class="footnoteref" >1</a></sup> not spell). The max you can carry, is 10.<br /> If the player proclaims &quot;DOINK!&quot; before saying they are casting Chef's Knife, the Mp Cost is cut in half.</p> <p><strong>Gil Cure</strong><br /> <em>MP: 10 + Special</em><br /> The blue mage sacrifices their currency to unleash the potential curative poperties that gil contains within its inanimate soul&#8230; or something (never ask a blue mage how or why). Heal one one target equal to the amount of gil sacrificed on a one for one basis.</p> <p><strong>Healing Flames</strong><br /> <em>MP: 17</em><br /> A green fire bursts from the ground and rushes upward into nothingness, while curing the person it passed through.<br /> Heal a target by 130 + your magic stat. Then apply the formula:</p> <table class="wiki-content-table"> <tr> <th>Target's Relation to fire/healing</th> <th>Modifier</th> </tr> <tr> <td>Weak to fire or under zombie status</td> <td>*-1</td> </tr> <tr> <td>Neutral to fire</td> <td>*1</td> </tr> <tr> <td>Resistant to fire</td> <td>/2</td> </tr> <tr> <td>Immune to fire</td> <td>*0</td> </tr> <tr> <td>Absorbency to fire</td> <td>*1.5</td> </tr> <tr> <td>Greater Absorbensy to fire</td> <td>*2</td> </tr> <tr> <td>Weak against fire <em>and</em> zombie status</td> <td>*-2</td> </tr> </table> <div class="footnotes-footer"> <div class="title">Footnotes</div> <div class="footnote-footer" id="footnote-855720-1"><a href="javascript:;" >1</a>. The item, Chef's Knife is a common drop by Tonberries.</div> </div> 
				 	]]>
				</content:encoded>							</item>
					<item>
				<guid>http://zodiac-ffrpg.wikidot.com/forum/t-471015#post-1460672</guid>
				<title>Blue Magic!</title>
				<link>http://zodiac-ffrpg.wikidot.com/forum/t-471015/blue-magic#post-1460672</link>
				<description></description>
				<pubDate>Sat, 26 May 2012 01:30:38 +0000</pubDate>
				<wikidot:authorName>Regal Pinion</wikidot:authorName>				<wikidot:authorUserId>1119553</wikidot:authorUserId>				<content:encoded>
					<![CDATA[
						 <p>The Blue Mage could use a few spells. Let's add to there arsenal!<br /> All Blue Magic is welcome.</p> <p>Now&#8230; Let's begin&#8230;</p> <h3><span>Blue Magics (in no particular order)</span></h3> <p><strong>Pumpkin King</strong><br /> <em>MP: 21</em><br /> Flip a coin. If heads then this deals 3M3 Fire damage to all enemies. If tails it deals 3M3 Shadow damage to a random target with a 50% drain.<br /> <em>Suggested Enemies: Demons</em></p> <p><strong>Every Bit Counts</strong><br /> <em>MP: 1</em><br /> Gain +1 XP at the end of the battle. Can only be used once per battle. Can only be used inside of battle. (This is more of a joke spell.)<br /> <em>Suggested Enemies: Kobolds</em></p> <p><strong>Death By Stupidity</strong><br /> <em>MP: 1</em><br /> The Blue Mage loses all health points and is considered wounded. The Blue Mage that casted this cannot be revived until end of battle. (Also a joke spell.)<br /> <em>Suggested Enemies: Kobolds</em></p> <p><strong>Blue/Blura/Bluaga/Bluaja</strong><br /> <em>MP: Variable</em><br /> No one knows the true orgins of this spell.<br /> Works like the Black Mage powers (Fire/Blizzard/Thunder), except&#8230;<br /> Roll 1d10 and add the elemental effect to the damage dealt.</p> <table class="wiki-content-table"> <tr> <th>Result</th> <th>Element</th> <td>/</td> <th>Spell</th> <th>Damage</th> <th>MP Cost</th> </tr> <tr> <td>1</td> <td>Fire</td> <td>\</td> <td>Blue</td> <td>1M2</td> <td>3 MP</td> </tr> <tr> <td>2</td> <td>Blizzard</td> <td>/</td> <td>Blura</td> <td>3M2</td> <td>12 MP</td> </tr> <tr> <td>3</td> <td>Lightning</td> <td>\</td> <td>Bluaga</td> <td>5M2</td> <td>26 MP</td> </tr> <tr> <td>4</td> <td>Water</td> <td>/</td> <td>Bluaja</td> <td>5M2 (Area Effect)</td> <td>37 MP</td> </tr> <tr> <td>5</td> <td>Wind</td> </tr> <tr> <td>6</td> <td>Earth</td> </tr> <tr> <td>7</td> <td>Holy</td> </tr> <tr> <td>8</td> <td>Shadow</td> </tr> <tr> <td>9</td> <td>Non-Elemental</td> </tr> <tr> <td>10</td> <td>Reroll+<sup class="footnoteref"><a id="footnoteref-602379-1" href="javascript:;" class="footnoteref" >1</a></sup></td> </tr> </table> <p><em>Suggested Enemies: Other Blue Mages</em></p> <p><strong>Suicide King</strong><br /> <em>MP: 21</em><br /> This can either be used with the four suits of the king cards in a poker deck, or 1d4.<br /> Shuffle the four cards and draw one card. If the card drawn is the King of Hearts (or the die result is 4) then each of your allies (excluding you) are healed by the amount of your max HP minus your current. Anything other result deals 3P3 damage to a single opponent.<br /> <em>Suggested Enemies: Robotic Enemies</em></p> <p><strong>Chocometeo</strong><br /> <em>MP: 50</em><br /> A meteorite comes crashing down on an enemy dealing 6M3 non-elemental damage to a single enemy.<br /> <em>Suggested Enemies: Red Chocobo</em></p> <p><strong>Phoenix Flare</strong><br /> <em>MP: 38</em><br /> A flash of light deals 10n non-elemntal magic damage, where 'n' are the number of phoenix pinions you have in stock.<br /> <em>Suggested Enemies: The Phoenix</em></p> <p><strong>Gil Strike</strong><br /> <em>MP: 10</em><br /> Deal 2P1 non-elemental damage to an enemy. Gain GP for the amount of damage dealt. Can only be used twice per battle. If this move is used on a player, they lose GP equal to the health they lost.<br /> <em>Suggested Enemies: Mimics</em></p> <div class="footnotes-footer"> <div class="title">Footnotes</div> <div class="footnote-footer" id="footnote-602379-1"><a href="javascript:;" >1</a>. Add and extra 10 damage for each time the result is 10</div> </div> 
				 	]]>
				</content:encoded>							</item>
				</channel>
</rss>