<?xml version="1.0" encoding="UTF-8" ?>
<rss version="2.0" xmlns:content="http://purl.org/rss/1.0/modules/content/" xmlns:wikidot="http://www.wikidot.com/rss-namespace">

	<channel>
		<title>Zodiac PDF Character Sheet</title>
		<link>http://zodiac-ffrpg.wikidot.com/forum/t-512722/zodiac-pdf-character-sheet</link>
		<description>Posts in the discussion thread &quot;Zodiac PDF Character Sheet&quot; - Printable and interactive PDF character sheet for</description>
				<copyright></copyright>
		<lastBuildDate>Thu, 18 Feb 2021 21:35:00 +0000</lastBuildDate>
		
					<item>
				<guid>http://zodiac-ffrpg.wikidot.com/forum/t-512722#post-1739618</guid>
				<title>Re: Zodiac PDF Character Sheet</title>
				<link>http://zodiac-ffrpg.wikidot.com/forum/t-512722/zodiac-pdf-character-sheet#post-1739618</link>
				<description></description>
				<pubDate>Wed, 27 Mar 2013 20:19:58 +0000</pubDate>
				<wikidot:authorName>Tyaeth</wikidot:authorName>				<wikidot:authorUserId>1388838</wikidot:authorUserId>				<content:encoded>
					<![CDATA[
						 <p>It's been quite a few months since I've visited this board so I'm not sure if you're still looking for these at all, but I've rehosted them on Mediafire. Unfortunately this board still won't let me post direct URL links though. If anyone still wants a copy of these send an email to <span class="wiki-email">moc.liamg|snoitulosteel#moc.liamg|snoitulosteel</span> and I'll send one your way.</p> 
				 	]]>
				</content:encoded>							</item>
					<item>
				<guid>http://zodiac-ffrpg.wikidot.com/forum/t-512722#post-1601860</guid>
				<title>Re: Zodiac PDF Character Sheet</title>
				<link>http://zodiac-ffrpg.wikidot.com/forum/t-512722/zodiac-pdf-character-sheet#post-1601860</link>
				<description></description>
				<pubDate>Tue, 30 Oct 2012 12:28:09 +0000</pubDate>
				<wikidot:authorName>rjbprime</wikidot:authorName>				<wikidot:authorUserId>1478201</wikidot:authorUserId>				<content:encoded>
					<![CDATA[
						 <p>Does anyone have this file? As the soba-scans.com site can't be found, and I would like to view this character sheet&#8230;</p> <p>RJBPrime</p> 
				 	]]>
				</content:encoded>							</item>
					<item>
				<guid>http://zodiac-ffrpg.wikidot.com/forum/t-512722#post-1491120</guid>
				<title>Re: Zodiac PDF Character Sheet</title>
				<link>http://zodiac-ffrpg.wikidot.com/forum/t-512722/zodiac-pdf-character-sheet#post-1491120</link>
				<description></description>
				<pubDate>Tue, 26 Jun 2012 21:20:57 +0000</pubDate>
				<wikidot:authorName>Jacen_Omas</wikidot:authorName>				<wikidot:authorUserId>1389063</wikidot:authorUserId>				<content:encoded>
					<![CDATA[
						 <p>Okay so I have been playing around on my iPad today with Pages and this is what I came up with for a sheet, printer friendly this is not haha.</p> <p>Or not&#8230; I can't post the link&#8230;.</p> 
				 	]]>
				</content:encoded>							</item>
					<item>
				<guid>http://zodiac-ffrpg.wikidot.com/forum/t-512722#post-1490856</guid>
				<title>Re: Zodiac PDF Character Sheet</title>
				<link>http://zodiac-ffrpg.wikidot.com/forum/t-512722/zodiac-pdf-character-sheet#post-1490856</link>
				<description></description>
				<pubDate>Tue, 26 Jun 2012 17:21:08 +0000</pubDate>
				<wikidot:authorName>Jacen_Omas</wikidot:authorName>				<wikidot:authorUserId>1389063</wikidot:authorUserId>				<content:encoded>
					<![CDATA[
						 <p>I like very much. It's clean, crisp and unintrusive kind of like the default Pathfinder sheets.</p> <p>You could colour code the tech section in greens, the support in blue and the command section in yellow to add a little authentic.</p> <p>I have an idea for a sheet that looks like a final fantasy menu, sadly I'm not sure if am good enough it's graphic stuff to pull it off. Shall maybe give it a try and show my results.</p> 
				 	]]>
				</content:encoded>							</item>
					<item>
				<guid>http://zodiac-ffrpg.wikidot.com/forum/t-512722#post-1490700</guid>
				<title>Re: Zodiac PDF Character Sheet</title>
				<link>http://zodiac-ffrpg.wikidot.com/forum/t-512722/zodiac-pdf-character-sheet#post-1490700</link>
				<description></description>
				<pubDate>Tue, 26 Jun 2012 13:38:34 +0000</pubDate>
				<wikidot:authorName>Tyaeth</wikidot:authorName>				<wikidot:authorUserId>1388838</wikidot:authorUserId>				<content:encoded>
					<![CDATA[
						 <p>I have them uploaded in a directory on my webserver at the moment (tyaeth+dot+soba-scans+dot+com/Zodiac/) and am updating them whenever I find errors or change things, I'm just unable to post the link directly on this forum for some reason.</p> 
				 	]]>
				</content:encoded>							</item>
					<item>
				<guid>http://zodiac-ffrpg.wikidot.com/forum/t-512722#post-1490538</guid>
				<title>Re: Zodiac PDF Character Sheet</title>
				<link>http://zodiac-ffrpg.wikidot.com/forum/t-512722/zodiac-pdf-character-sheet#post-1490538</link>
				<description></description>
				<pubDate>Tue, 26 Jun 2012 09:35:14 +0000</pubDate>
				<wikidot:authorName>Jacen_Omas</wikidot:authorName>				<wikidot:authorUserId>1389063</wikidot:authorUserId>				<content:encoded>
					<![CDATA[
						 <p>I would b very interested in seeing your sheet if you could maybe upload it to a file hosting site like mediafire</p> 
				 	]]>
				</content:encoded>							</item>
					<item>
				<guid>http://zodiac-ffrpg.wikidot.com/forum/t-512722#post-1490223</guid>
				<title>Zodiac PDF Character Sheet</title>
				<link>http://zodiac-ffrpg.wikidot.com/forum/t-512722/zodiac-pdf-character-sheet#post-1490223</link>
				<description></description>
				<pubDate>Tue, 26 Jun 2012 02:04:59 +0000</pubDate>
				<wikidot:authorName>Tyaeth</wikidot:authorName>				<wikidot:authorUserId>1388838</wikidot:authorUserId>				<content:encoded>
					<![CDATA[
						 <p>Hey All,</p> <p>Not sure how many people are still around on these forums, but a few friends and myself have started playing Zodiac lately and I've personally been very impressed on how the feel of a Final Fantasy battle has been preserved in a tabletop format. Because I like the RPG so much I decided to put together a little 1 page character sheet for our group and figured that I'd share it here in case anyone else was interested.</p> <p>The sheet is still a bit of a WIP, and the skills section is put together with tech users in mind more than blue magic users. As far as the interactive sheet goes, I'm still a bit unsure of some of the formulas. For example, I'm not 100% sure whether Maximum Tech Levels and Tech Points gained from the MAG stat are supposed to be derived from the character's total MAG stat (including relics and enchants) or just the character's base MAG. The sheet treats MTL and Tech Points as being derived from the TOTAL stat, but if that's wrong feel free to correct me, as we've only had 2 sessions so far and I'm still quite new to the game.</p> <p>EDIT: I seem to lack the credentials to post a link to the sheet as a URL unfortunately. If anyone is interested in a copy of the sheet I'd be glad to pass it along if you could point me to a method of how I could post it :)</p> <p>Downloads at: tyaeth+dot+soba-scans+dot+com/Zodiac/</p> 
				 	]]>
				</content:encoded>							</item>
				</channel>
</rss>