<?xml version="1.0" encoding="UTF-8" ?>
<rss version="2.0" xmlns:content="http://purl.org/rss/1.0/modules/content/" xmlns:wikidot="http://www.wikidot.com/rss-namespace">

	<channel>
		<title>Clarification on accuracy rolls(if anyone is out there)</title>
		<link>http://zodiac-ffrpg.wikidot.com/forum/t-577374/clarification-on-accuracy-rolls-if-anyone-is-out-there</link>
		<description>Posts in the discussion thread &quot;Clarification on accuracy rolls(if anyone is out there)&quot; - Normal attacks vs. Techs</description>
				<copyright></copyright>
		<lastBuildDate>Thu, 18 Feb 2021 21:35:53 +0000</lastBuildDate>
		
					<item>
				<guid>http://zodiac-ffrpg.wikidot.com/forum/t-577374#post-1958933</guid>
				<title>Re: Clarification on accuracy rolls(if anyone is out there)</title>
				<link>http://zodiac-ffrpg.wikidot.com/forum/t-577374/clarification-on-accuracy-rolls-if-anyone-is-out-there#post-1958933</link>
				<description></description>
				<pubDate>Thu, 06 Feb 2014 20:41:14 +0000</pubDate>
				<wikidot:authorName>JBPuffin</wikidot:authorName>				<wikidot:authorUserId>1299270</wikidot:authorUserId>				<content:encoded>
					<![CDATA[
						 <p>Normal Techs don't have rolls; as a price, they don't crit. However, you CAN take Inaccurate, which as far as I know makes it so you can, in fact, Crit with Techs as long as you're willing to accept a chance at failure.</p> <p>Negative Status Techs, Attack rolls with weapons, Draw Out abilities and I believe certain Command Skills all have accuracy rolls. Everything else&#8230;nope.</p> 
				 	]]>
				</content:encoded>							</item>
					<item>
				<guid>http://zodiac-ffrpg.wikidot.com/forum/t-577374#post-1597187</guid>
				<title>Clarification on accuracy rolls(if anyone is out there)</title>
				<link>http://zodiac-ffrpg.wikidot.com/forum/t-577374/clarification-on-accuracy-rolls-if-anyone-is-out-there#post-1597187</link>
				<description></description>
				<pubDate>Thu, 25 Oct 2012 02:46:47 +0000</pubDate>
				<wikidot:authorName>paroikos</wikidot:authorName>				<wikidot:authorUserId>1200758</wikidot:authorUserId>				<content:encoded>
					<![CDATA[
						 <p>Obviously you have to make an accuracy roll vs. the enemy's evade stat to hit with a normal attack. There isn't a lot stated about techs regarding this in the Core Rules doc, all I can find is that in the Inaccurate secondary effect it says that Magic Attacks and Power Attacks do not require attack rolls to hit. My main question is, what requires an accuracy roll and what doesn't, and do you still make a check to check for a critical on techs that don't require accuracy rolls?</p> 
				 	]]>
				</content:encoded>							</item>
				</channel>
</rss>