<?xml version="1.0" encoding="UTF-8" ?>
<rss version="2.0" xmlns:content="http://purl.org/rss/1.0/modules/content/" xmlns:wikidot="http://www.wikidot.com/rss-namespace">

	<channel>
		<title>RE: Yahoo Zodiac RPG Group</title>
		<link>http://zodiac-ffrpg.wikidot.com/forum/t-580357/re:yahoo-zodiac-rpg-group</link>
		<description>Posts in the discussion thread &quot;RE: Yahoo Zodiac RPG Group&quot; - Trying to find the Zodiac RPG Yahoo Group.</description>
				<copyright></copyright>
		<lastBuildDate>Thu, 18 Feb 2021 21:35:43 +0000</lastBuildDate>
		
					<item>
				<guid>http://zodiac-ffrpg.wikidot.com/forum/t-580357#post-1603826</guid>
				<title>RE: Yahoo Zodiac RPG Group</title>
				<link>http://zodiac-ffrpg.wikidot.com/forum/t-580357/re:yahoo-zodiac-rpg-group#post-1603826</link>
				<description></description>
				<pubDate>Thu, 01 Nov 2012 13:40:36 +0000</pubDate>
				<wikidot:authorName>rjbprime</wikidot:authorName>				<wikidot:authorUserId>1478201</wikidot:authorUserId>				<content:encoded>
					<![CDATA[
						 <p>Hi all,</p> <p>I've spent several hours trying to find the above mentioned group, as I am looking for premade monsters, to throw at my players. I have tried several search terms on Google, yet none have turned up the requested group. Is there somewhere, other than the above mentioned Yahoo group, where I can find premade monsters? I can give whoever helps a virtual cookie for their troubles.</p> <p>RJBPrime</p> 
				 	]]>
				</content:encoded>							</item>
				</channel>
</rss>