<?xml version="1.0" encoding="UTF-8" ?>
<rss version="2.0" xmlns:content="http://purl.org/rss/1.0/modules/content/" xmlns:wikidot="http://www.wikidot.com/rss-namespace">

	<channel>
		<title>New Limit Break system</title>
		<link>http://zodiac-ffrpg.wikidot.com/forum/t-589867/new-limit-break-system</link>
		<description>Posts in the discussion thread &quot;New Limit Break system&quot; - A different way to wreak havoc.</description>
				<copyright></copyright>
		<lastBuildDate>Thu, 18 Feb 2021 21:36:06 +0000</lastBuildDate>
		
					<item>
				<guid>http://zodiac-ffrpg.wikidot.com/forum/t-589867#post-1618242</guid>
				<title>Re: New Limit Break system</title>
				<link>http://zodiac-ffrpg.wikidot.com/forum/t-589867/new-limit-break-system#post-1618242</link>
				<description></description>
				<pubDate>Fri, 16 Nov 2012 23:55:10 +0000</pubDate>
				<wikidot:authorName>Regal Pinion</wikidot:authorName>				<wikidot:authorUserId>1119553</wikidot:authorUserId>				<content:encoded>
					<![CDATA[
						 <p>Lastly the items (potions)</p> <p>ABYSS<br /> Effect: depletes 70 OP<br /> Cost: 100</p> <p>HI-ABYSS<br /> Effect: depletes 300 OP<br /> Cost: 700</p> <p>SUPER-ABYSS<br /> Effect: depletes 500 OP<br /> Cost: 2000</p> <p>X-ABYSS<br /> Effect: depletes OP to zero<br /> Cost: &#8212;-</p> <p>PARADOX<br /> Effect: cures 'Order'<br /> Cost: 50</p> <p>ETHEREAL SCISSORS<br /> Effect: cures 'Puppet'<br /> Cost: 75</p> <p>REALITY CHECK<br /> Effect: cures 'Too Calm'<br /> Cost: 100</p> 
				 	]]>
				</content:encoded>							</item>
					<item>
				<guid>http://zodiac-ffrpg.wikidot.com/forum/t-589867#post-1618223</guid>
				<title>Re: New Limit Break system</title>
				<link>http://zodiac-ffrpg.wikidot.com/forum/t-589867/new-limit-break-system#post-1618223</link>
				<description></description>
				<pubDate>Fri, 16 Nov 2012 23:33:30 +0000</pubDate>
				<wikidot:authorName>Regal Pinion</wikidot:authorName>				<wikidot:authorUserId>1119553</wikidot:authorUserId>				<content:encoded>
					<![CDATA[
						 <p>Optional stuff</p> <p>-Some Bosses know Chaoticisms</p> <p>- Status Effects<br /> Negative</p> <p>ORDER<br /> Duration: Temporary<br /> Cure: Paradox<br /> You gain 10% of your max OP when orderly at the end of each tick. It can reach your Max OP but will not exceed it.</p> <p>PUPPET<br /> Duration: Permanent<br /> Cure: Ethereal Scissors<br /> You become a marionette version of yourself and you cannot lose OP.</p> <p>TOO CALM<br /> Duration: Permanent<br /> Cure: Reality Check<br /> When you are just way too calm, you gain 20% of your max OP at the end of your turn each th round. This can reach to your Max OP but will not exceed it. Also, you cannot lose any OP.</p> <p>Positive</p> <p>EDGE<br /> When you are on the Edge you lose OP equal to the damage you dealt.</p> <p>- Secondary Skills<br /> Command:<br /> Impulse - Lose 10% of your max OP.</p> <p>Support Skill:<br /> Chaotic - Your max OP is 150% of your max HP. (As opposed to 200%)</p> <p>Equipment<br /> Weapon Skill: Chaos Blade - 3 points - Lose OP equal to half the damage dealt with this weapon. It can be stacked with the Push status.</p> <p>Armor/Guard Skill: Chaos Blood - 3 points - Lose OP equal to half of the damage you received. It can be stacked with the Edge status. Cannot simultaneously occupy both an armor and guard of the same level.</p> <p>Relic Skill: Abyssmal - 8 Points - Lose 50% more OP with Entropic effect and Disorder positive status.</p> 
				 	]]>
				</content:encoded>							</item>
					<item>
				<guid>http://zodiac-ffrpg.wikidot.com/forum/t-589867#post-1618212</guid>
				<title>Re: New Limit Break system</title>
				<link>http://zodiac-ffrpg.wikidot.com/forum/t-589867/new-limit-break-system#post-1618212</link>
				<description></description>
				<pubDate>Fri, 16 Nov 2012 23:11:29 +0000</pubDate>
				<wikidot:authorName>Regal Pinion</wikidot:authorName>				<wikidot:authorUserId>1119553</wikidot:authorUserId>				<content:encoded>
					<![CDATA[
						 <p>How to learn Chaoticisms&#8230;</p> <p>The GM may decide. Sometimes with the help of the player.<br /> Examples include (but are not limited to):<br /> -Killing a certain enemy or boss<br /> -Reaching a certain experience level<br /> -Learning a specific tech<br /> -Complete a quest<br /> -Buy a specific item<br /> -etc.</p> 
				 	]]>
				</content:encoded>							</item>
					<item>
				<guid>http://zodiac-ffrpg.wikidot.com/forum/t-589867#post-1618207</guid>
				<title>New Limit Break system</title>
				<link>http://zodiac-ffrpg.wikidot.com/forum/t-589867/new-limit-break-system#post-1618207</link>
				<description></description>
				<pubDate>Fri, 16 Nov 2012 23:07:37 +0000</pubDate>
				<wikidot:authorName>Regal Pinion</wikidot:authorName>				<wikidot:authorUserId>1119553</wikidot:authorUserId>				<content:encoded>
					<![CDATA[
						 <p>The limit break system here is called &quot;Chaoticisms&quot;. It is influenced by Final Fantasy IX limit break system for Zodiac.</p> <p>I was hoping to receive criticism for this system, and some suggestions. I tried to keep it balanced, but also slightly more challenging. Although I hope it isn't too unfair (or worse: 'monte hauling'). Also I am using my phone to 'type' this so bear with me.</p> <p>Anyway&#8230; here we go&#8230;</p> <p>Chaoticisms are like special techs that a player can use under a certain condition.<br /> The condition consists of making their Order Points (OP) reduce to zero.</p> <p>So let's start with OP. A player's max OP is double their max. HP. it is a good thing to lose OP. For they must have no Order Points left to use a Chaotism.</p> <p>There are three ways to lose OP.<br /> 1. The character is under the positive status effect 'Disorder'. When disorderly the character loses 10% of their max OP. This can deplete to zero. As a reminder, positive status positive effects are temporary. In terms of tech creation, the primary effect, 'Status Effect' (a medium power tech) can induce Disorder as a level 4 tech.</p> <p>2. There is another positive status effect: Push. When a character is Pushed they lose OP equal to the damage done to them (ally or otherwise). In terms of tech creation, the primary effect, 'Status Effect' (a medium power tech) can induce Push as a level 3 tech.</p> <p>3. There is a primary effect called Entropic. The tech depletes a total amount of OP equal to the Tech's base depleting value with a bonus dependent on your magic stat. The Entropic system is heavily - HEAVILY - influenced on the healing table in the zodiac rule book. So for reference use that table. It is in chapter 2 (Tech Creaton) page 13.</p> <div class="content-separator" style="display: none:"></div> <p>Chaoticisms</p> <p>Like Blue Magic, Chaoticsms are strange. Also like Blue magic, once they are learned they cannot be unlearned. They also can't be upgraded. The final similarity is that some of the chaoticisms are a Power Attack or Attack Magic, and the #PX / #MX rules apply. # is the level of the Chaotism P/M is physical/magical and X is the power number (1 is weak, 2 is medium, 3 is strong).</p> <p>Unlike Blue magic, Chaoticisms are personal to the character and have their own set like a White Mage knows White Magic and an Engineer knows Tools. Chaoticsms cost Chaos Points (CP) to cast. The cost of each Chaotitism is equal to its level. The max CP a player is equal to the highest level Chaoticsm they know. There are six levels of Chaoticisms and a player can know as many Chaoticisms until their heart's desirezm but can only know one level 6 Chaotism.</p> <p>When a player reaches zero CP or cannot spend anymore CP they are returned to normal a with their OP full.</p> <p>The level of a Chaoticism is determined by a judgement call. The GM has final say. The player can make up Chaoticisms but it's up to the GM to decide how they are learned.</p> 
				 	]]>
				</content:encoded>							</item>
				</channel>
</rss>