<?xml version="1.0" encoding="UTF-8" ?>
<rss version="2.0" xmlns:content="http://purl.org/rss/1.0/modules/content/" xmlns:wikidot="http://www.wikidot.com/rss-namespace">

	<channel>
		<title>Character Sheets?</title>
		<link>http://zodiac-ffrpg.wikidot.com/forum/t-581215/character-sheets</link>
		<description>Posts in the discussion thread &quot;Character Sheets?&quot;</description>
				<copyright></copyright>
		<lastBuildDate>Thu, 18 Feb 2021 21:35:54 +0000</lastBuildDate>
		
					<item>
				<guid>http://zodiac-ffrpg.wikidot.com/forum/t-581215#post-1958930</guid>
				<title>Re: Character Sheets?</title>
				<link>http://zodiac-ffrpg.wikidot.com/forum/t-581215/character-sheets#post-1958930</link>
				<description></description>
				<pubDate>Thu, 06 Feb 2014 20:38:59 +0000</pubDate>
				<wikidot:authorName>JBPuffin</wikidot:authorName>				<wikidot:authorUserId>1299270</wikidot:authorUserId>				<content:encoded>
					<![CDATA[
						 <p>Well, I've got a somewhat-mediocre-but-effective Word doc&#8230;and I can't post it due to bloody laws! Gah! Well, for those who would like a free Word doc sheet, I've got it in my Google Drive&#8230;ask for a link.</p> 
				 	]]>
				</content:encoded>							</item>
					<item>
				<guid>http://zodiac-ffrpg.wikidot.com/forum/t-581215#post-1605047</guid>
				<title>Character Sheets?</title>
				<link>http://zodiac-ffrpg.wikidot.com/forum/t-581215/character-sheets#post-1605047</link>
				<description></description>
				<pubDate>Fri, 02 Nov 2012 17:22:11 +0000</pubDate>
				<wikidot:authorName>Roxurworld</wikidot:authorName>				<wikidot:authorUserId>1480342</wikidot:authorUserId>				<content:encoded>
					<![CDATA[
						 <p>I'm looking to do a solo campaign for a buddy of mine ,where he controls up to 4 people just like in the old fashioned games. Typically though, that would require character sheets, and the only one I can find is on scribd and I have to pay to download it, which I do not want to do. I used to have the same sheet on my laptop, but that laptop is busted so I no longer have access to it. Is there a way to get a character sheet for free, like every other table top? Thanks.</p> 
				 	]]>
				</content:encoded>							</item>
				</channel>
</rss>