<?xml version="1.0" encoding="UTF-8" ?>
<rss version="2.0" xmlns:content="http://purl.org/rss/1.0/modules/content/" xmlns:wikidot="http://www.wikidot.com/rss-namespace">

	<channel>
		<title>Interactive Character Sheet for OpenOffice</title>
		<link>http://zodiac-ffrpg.wikidot.com/forum/t-625211/interactive-character-sheet-for-openoffice</link>
		<description>Posts in the discussion thread &quot;Interactive Character Sheet for OpenOffice&quot;</description>
				<copyright></copyright>
		<lastBuildDate>Thu, 18 Feb 2021 21:36:33 +0000</lastBuildDate>
		
					<item>
				<guid>http://zodiac-ffrpg.wikidot.com/forum/t-625211#post-1717494</guid>
				<title>Re: Interactive Character Sheet for OpenOffice</title>
				<link>http://zodiac-ffrpg.wikidot.com/forum/t-625211/interactive-character-sheet-for-openoffice#post-1717494</link>
				<description></description>
				<pubDate>Sat, 23 Feb 2013 10:19:26 +0000</pubDate>
				<wikidot:authorName>Doresh</wikidot:authorName>				<wikidot:authorUserId>654492</wikidot:authorUserId>				<content:encoded>
					<![CDATA[
						 <p>Neat ^^</p> <p>I once made a spreadsheet for derived attribute calculations, but nothing that big XD</p> <p>Ever thought about turning this into a template? This should prevent people from messing with the calculations.</p> 
				 	]]>
				</content:encoded>							</item>
					<item>
				<guid>http://zodiac-ffrpg.wikidot.com/forum/t-625211#post-1711904</guid>
				<title>Interactive Character Sheet for OpenOffice</title>
				<link>http://zodiac-ffrpg.wikidot.com/forum/t-625211/interactive-character-sheet-for-openoffice#post-1711904</link>
				<description></description>
				<pubDate>Sat, 16 Feb 2013 06:29:05 +0000</pubDate>
				<wikidot:authorName>Nines</wikidot:authorName>				<wikidot:authorUserId>1556007</wikidot:authorUserId>				<content:encoded>
					<![CDATA[
						 <p>Hey y'all. It's been a long, long time since I've been around, and it's been even longer since I've really had a chance to play this awesome game. But for some reason I got it in me to put together this spreadsheet to act as an interactive character sheet which automates most of the formula-generated parts of the character. Unbeknown to me, it seems like there have been a couple other efforts to do the same thing, and they all look very nice.<br /> Looking at the activity here, I wonder if anybody else will even see this, but I put it out to The Universe regardless. You can download the rar here:</p> <p>mediafire*dot*com/?fr7wc5mv8928dsy</p> <p>This includes the .ods, which requires OpenOffice.org in order to read (it's free).</p> <p>Here's some quick screenshots. I started with the standard black-on-white style, but ended up changing it to resemble something more like the classic Final Fantasy menus.</p> <p>mediafire*dot*com/view/?jmay9w7lerv90vy<br /> mediafire*dot*com/view/?4d71pogsrp4nklx</p> <p>Appearantly I don't have enough Karma to post a real link. Hopefully this will work in the meantime..</p> <p>Like I said, it's been a long time since I've played Zodiac, which means this thing has gotten zero play-testing outside of my own tinkering with it. I've spent a lot of time trying to work out all the bugs, but I'm certain it's probably still got some(a lot). If anybody has any problems, or suggestions for improvements/changes, please let me know.</p> <p>I also have an early alpha version of a monster sheet which works in much the same way as the character sheet. If there's any interest in it, I can probably provide a working version here.</p> 
				 	]]>
				</content:encoded>							</item>
				</channel>
</rss>