<?xml version="1.0" encoding="UTF-8" ?>
<rss version="2.0" xmlns:content="http://purl.org/rss/1.0/modules/content/" xmlns:wikidot="http://www.wikidot.com/rss-namespace">

	<channel>
		<title>ZODIAC archive</title>
		<link>http://zodiac-ffrpg.wikidot.com/forum/t-626053/zodiac-archive</link>
		<description>Posts in the discussion thread &quot;ZODIAC archive&quot; - I had a very successful campaign as a kid playing with my cousins and am looking for the original ANGELFIRE rules (I&#039;m presuming first or second edition) in PDF or HTML form.</description>
				<copyright></copyright>
		<lastBuildDate>Thu, 18 Feb 2021 21:35:42 +0000</lastBuildDate>
		
					<item>
				<guid>http://zodiac-ffrpg.wikidot.com/forum/t-626053#post-1717492</guid>
				<title>Re: ZODIAC archive</title>
				<link>http://zodiac-ffrpg.wikidot.com/forum/t-626053/zodiac-archive#post-1717492</link>
				<description></description>
				<pubDate>Sat, 23 Feb 2013 10:16:08 +0000</pubDate>
				<wikidot:authorName>Doresh</wikidot:authorName>				<wikidot:authorUserId>654492</wikidot:authorUserId>				<content:encoded>
					<![CDATA[
						 <p>The only angelfire rules I know are 3rd edition. The other editions are apparently lost&#8230;</p> 
				 	]]>
				</content:encoded>							</item>
					<item>
				<guid>http://zodiac-ffrpg.wikidot.com/forum/t-626053#post-1714382</guid>
				<title>ZODIAC archive</title>
				<link>http://zodiac-ffrpg.wikidot.com/forum/t-626053/zodiac-archive#post-1714382</link>
				<description></description>
				<pubDate>Tue, 19 Feb 2013 02:36:17 +0000</pubDate>
				<wikidot:authorName>Paul Scott Mulhollan</wikidot:authorName>				<wikidot:authorUserId>1557922</wikidot:authorUserId>				<content:encoded>
					<![CDATA[
						 <p>Has anyone had any luck finding/retaining such a document? I remember printing the whole thing out- inspirational art and all. It came out to be like a million pages and my aunt was pissed at me but I really enjoyed playing. I also printed out what may have been the second or third edition (most likely the second). The art was stripped out and the rules were completely rewritten with a more modular point system. I'm after what came before. No mellows harshed if it's lost or unavailable to players. I would just like it for purely nostalgic purposes.</p> <p>Thanks in advance for any answers/leads you can contribute. ZODIAC was a great RPG when I played and will always be fondly remembered part of my past. Thanks to contributors and players alike for keeping it alive through the years! :)</p> 
				 	]]>
				</content:encoded>							</item>
				</channel>
</rss>