<?xml version="1.0" encoding="UTF-8" ?>
<rss version="2.0" xmlns:content="http://purl.org/rss/1.0/modules/content/" xmlns:wikidot="http://www.wikidot.com/rss-namespace">

	<channel>
		<title>10 weapon set</title>
		<link>http://zodiac-ffrpg.wikidot.com/forum/t-626943/10-weapon-set</link>
		<description>Posts in the discussion thread &quot;10 weapon set&quot; - I dont undestand what the &quot;10 weapon set&quot; refers to</description>
				<copyright></copyright>
		<lastBuildDate>Thu, 18 Feb 2021 21:36:19 +0000</lastBuildDate>
		
					<item>
				<guid>http://zodiac-ffrpg.wikidot.com/forum/t-626943#post-1717490</guid>
				<title>Re: 10 weapon set</title>
				<link>http://zodiac-ffrpg.wikidot.com/forum/t-626943/10-weapon-set#post-1717490</link>
				<description></description>
				<pubDate>Sat, 23 Feb 2013 10:12:14 +0000</pubDate>
				<wikidot:authorName>Doresh</wikidot:authorName>				<wikidot:authorUserId>654492</wikidot:authorUserId>				<content:encoded>
					<![CDATA[
						 <p>First of all: Helloo :D !<br /> This forum might be a bit quiet at the moment, so it's good to see a new face around here.</p> <p>And you do indeed create the only 10 weapons you'll ever use, but the system is flexible enough to work around this:</p> <p>1. You could see the 10 weapons as &quot;tiers&quot; that might have more than one weapon. For example, if your 4th weapon uses 2 abilitiy points, you might see this as &quot;All tier 4 weapons of this character are build with 2 points&quot;, allowing a broarder selection.</p> <p>2. You might allow players to pick from several different weapon sets like in the older games. To balance this out, you can have your players choose a default physical and magical power distribution (2/4, 3/3, 4/3) and have the different weapon sets affect this distribution (-1/+1, +0/+0 or +1/-1), so a black mage won't suddenly turn into a physical combat beast with a greataxe.</p> <p>3. The same as 2., but with the player having the modifiers, not the weapon sets. Seems to make more sense now that I think about it.</p> 
				 	]]>
				</content:encoded>							</item>
					<item>
				<guid>http://zodiac-ffrpg.wikidot.com/forum/t-626943#post-1716203</guid>
				<title>10 weapon set</title>
				<link>http://zodiac-ffrpg.wikidot.com/forum/t-626943/10-weapon-set#post-1716203</link>
				<description></description>
				<pubDate>Thu, 21 Feb 2013 15:00:10 +0000</pubDate>
				<wikidot:authorName>pivottog</wikidot:authorName>				<wikidot:authorUserId>1559872</wikidot:authorUserId>				<content:encoded>
					<![CDATA[
						 <p>Hi, i'm about to game-master this game, but i encounter a problem regarding the equipment. I dont understand the weapon creation system. When you start you create the only 10 weapons you can use through the hole game?</p> <p>It is even hard for me to explain the question because I don't really undestand much of that topic.</p> 
				 	]]>
				</content:encoded>							</item>
				</channel>
</rss>