<?xml version="1.0" encoding="UTF-8" ?>
<rss version="2.0" xmlns:content="http://purl.org/rss/1.0/modules/content/" xmlns:wikidot="http://www.wikidot.com/rss-namespace">

	<channel>
		<title>Lokkenky</title>
		<link>http://zodiac-ffrpg.wikidot.com/forum/t-638277/lokkenky</link>
		<description>Posts in the discussion thread &quot;Lokkenky&quot; - Tech Set for Keybladers and Dark Keybladers alike...</description>
				<copyright></copyright>
		<lastBuildDate>Thu, 18 Feb 2021 21:36:23 +0000</lastBuildDate>
		
					<item>
				<guid>http://zodiac-ffrpg.wikidot.com/forum/t-638277#post-1741084</guid>
				<title>Lokkenky</title>
				<link>http://zodiac-ffrpg.wikidot.com/forum/t-638277/lokkenky#post-1741084</link>
				<description></description>
				<pubDate>Fri, 29 Mar 2013 16:21:05 +0000</pubDate>
				<wikidot:authorName>Regal Pinion</wikidot:authorName>				<wikidot:authorUserId>1119553</wikidot:authorUserId>				<content:encoded>
					<![CDATA[
						 <h1><span>Lokkenky</span></h1> <p>Lokkenky is the fighting style that is most common among Keybladers and Dark Keybladers. In fact this tech is the only thing they have in common verbatim. Lokkenky utilizes the keyblade’s structure and nature as a way to unleash physical and magical prowess. All keybladers are taught how to perform this fighting style, but their teacher is the heart they have (since it was their heart that caused them to be destined with it in the first place). As the keyblader bonds with his weapon, he begins to understand new techniques for this tech.</p> <p><strong>CURE/CURA/CURAGA</strong><br /> <em>Primary: Healing (W) / (M) / (S)</em><br /> The Keyblader finds the inner power of the keyblade to heal a comrade, or herself, of the wounds they have undertaken. White mages were not happy when they found out keybladers could do the same thing.</p> <p><strong>ELEMENTAL</strong><br /> <em>Primary: Magic Attack<br /> Secondary:Elemental</em><br /> Much Like the Black Mage’s spell: Elemental. Keybladers can upgrade and clone this spell (e.g. Fire to Fira, or Fire to Blizzard). Black Mages and white mages alike are convinced that someone stole their Techs.</p> <p><strong>GRAVITY</strong><br /> <em>Primary: Demi Attack (Level 2)</em><br /> You never liked standing anyway.</p> <p><strong>GRAVIGA</strong><br /> <em>Primary: Demi Attack (Level 5)<br /> Secondary: Area Effect</em><br /> No really! They wanted to kneel!</p> <p><strong>HEARTLESS/NOBODY SHOT</strong><br /> <em>Primary: Magic Attack (M)<br /> Secondary: Elemental (Darkness/Holy)</em><br /> Sometimes you learn from your enemies. Whether it’s the ones that represent the will power of our hearts, or the ones that represent the darkness.</p> <p><strong>KEYSTONE</strong><br /> <em>Primary: Power Attack (M)</em><br /> Stand still, while I throw this at your face.</p> <p><strong>TRANSGRESS VERSE</strong><br /> <em>Primary: Entropic (M)<br /> Secondary: Self Only</em><br /> The dark Keyblader understands that sometimes in order to save the world (or existence itself) a few rules must be broken. (This is for use with the &quot;Chaoticism Rules&quot;. The system can be found under Optional Rules: New Limit Break System.)</p> <p><strong>TRUE EDGE</strong><br /> <em>Primary: Fatal Blow</em><br /> This will only hurt you a lot.</p> <p><strong>WHIRLWIND</strong><br /> <em>Primary: Power Attack (W)<br /> Secondary: Area Effect</em><br /> The keyblader spins in a circle and strikes all of his surrounding enemies. It’s amazing how they never get dizzy.</p> <p><strong>YEN-SID’S WRATH</strong><br /> <em>Primary: Debilitate</em><br /> By the power of this strangely named wizard, you shall be weakened by&#8230; something.</p> 
				 	]]>
				</content:encoded>							</item>
				</channel>
</rss>