<?xml version="1.0" encoding="UTF-8" ?>
<rss version="2.0" xmlns:content="http://purl.org/rss/1.0/modules/content/" xmlns:wikidot="http://www.wikidot.com/rss-namespace">

	<channel>
		<title>Dark Classes</title>
		<link>http://zodiac-ffrpg.wikidot.com/forum/t-634418/dark-classes</link>
		<description>Posts in the discussion thread &quot;Dark Classes&quot; - The darker counter part of classes.</description>
				<copyright></copyright>
		<lastBuildDate>Thu, 18 Feb 2021 21:35:56 +0000</lastBuildDate>
		
					<item>
				<guid>http://zodiac-ffrpg.wikidot.com/forum/t-634418#post-1958889</guid>
				<title>Re: Dark Classes</title>
				<link>http://zodiac-ffrpg.wikidot.com/forum/t-634418/dark-classes#post-1958889</link>
				<description></description>
				<pubDate>Thu, 06 Feb 2014 19:50:45 +0000</pubDate>
				<wikidot:authorName>JBPuffin</wikidot:authorName>				<wikidot:authorUserId>1299270</wikidot:authorUserId>				<content:encoded>
					<![CDATA[
						 <p>So&#8230;where are the other two?</p> 
				 	]]>
				</content:encoded>							</item>
					<item>
				<guid>http://zodiac-ffrpg.wikidot.com/forum/t-634418#post-1783412</guid>
				<title>Re: Dark Classes</title>
				<link>http://zodiac-ffrpg.wikidot.com/forum/t-634418/dark-classes#post-1783412</link>
				<description></description>
				<pubDate>Sat, 25 May 2013 21:00:27 +0000</pubDate>
				<wikidot:authorName>Regal Pinion</wikidot:authorName>				<wikidot:authorUserId>1119553</wikidot:authorUserId>				<content:encoded>
					<![CDATA[
						 <p>3 out of 6 are done! I have some access to the interwebs, so I'll post them now as three separate threads.</p> 
				 	]]>
				</content:encoded>							</item>
					<item>
				<guid>http://zodiac-ffrpg.wikidot.com/forum/t-634418#post-1750114</guid>
				<title>Re: Dark Classes</title>
				<link>http://zodiac-ffrpg.wikidot.com/forum/t-634418/dark-classes#post-1750114</link>
				<description></description>
				<pubDate>Wed, 10 Apr 2013 14:08:01 +0000</pubDate>
				<wikidot:authorName>Doresh</wikidot:authorName>				<wikidot:authorUserId>654492</wikidot:authorUserId>				<content:encoded>
					<![CDATA[
						 <p>Don't worry. We can wait :D</p> 
				 	]]>
				</content:encoded>							</item>
					<item>
				<guid>http://zodiac-ffrpg.wikidot.com/forum/t-634418#post-1740778</guid>
				<title>Re: Dark Classes</title>
				<link>http://zodiac-ffrpg.wikidot.com/forum/t-634418/dark-classes#post-1740778</link>
				<description></description>
				<pubDate>Fri, 29 Mar 2013 03:19:29 +0000</pubDate>
				<wikidot:authorName>Regal Pinion</wikidot:authorName>				<wikidot:authorUserId>1119553</wikidot:authorUserId>				<content:encoded>
					<![CDATA[
						 <p>Deal!<br /> :D<br /> Oh the fun I'll have.</p> <p>(P.S. the only access I have for the internet is this phone hence the delay in the posting the dark keyblader class and now the dark blue mage and dark samurai)</p> 
				 	]]>
				</content:encoded>							</item>
					<item>
				<guid>http://zodiac-ffrpg.wikidot.com/forum/t-634418#post-1738608</guid>
				<title>Re: Dark Classes</title>
				<link>http://zodiac-ffrpg.wikidot.com/forum/t-634418/dark-classes#post-1738608</link>
				<description></description>
				<pubDate>Tue, 26 Mar 2013 14:28:18 +0000</pubDate>
				<wikidot:authorName>Doresh</wikidot:authorName>				<wikidot:authorUserId>654492</wikidot:authorUserId>				<content:encoded>
					<![CDATA[
						 <p>I might be interested to see what a Dark White Mage might look like XD</p> 
				 	]]>
				</content:encoded>							</item>
					<item>
				<guid>http://zodiac-ffrpg.wikidot.com/forum/t-634418#post-1732806</guid>
				<title>Dark Classes</title>
				<link>http://zodiac-ffrpg.wikidot.com/forum/t-634418/dark-classes#post-1732806</link>
				<description></description>
				<pubDate>Mon, 18 Mar 2013 01:32:34 +0000</pubDate>
				<wikidot:authorName>Regal Pinion</wikidot:authorName>				<wikidot:authorUserId>1119553</wikidot:authorUserId>				<content:encoded>
					<![CDATA[
						 <p>I have been working on this personal project for a campaign, lately where I take well known Final Fantasy classes and do an alteration on them.<br /> My goal is to make six of them.<br /> The only classes I won't make is Dark Knight and Dark Ninja.<br /> I've only finished one class: Dark Keyblader<br /> My next ones are:<br /> Dark Blue Mage<br /> Dark Samurai<br /> Dark Geomancer<br /> Dark Dragoon</p> <p>The last class I wanted someone else to choose for me. Throw out a bunch of suggestions and I'll go with the one that intrigues me.</p> <p>Thank you. :)</p> <p>I post the Dark Keyblader class ASAP.</p> 
				 	]]>
				</content:encoded>							</item>
				</channel>
</rss>