<?xml version="1.0" encoding="UTF-8" ?>
<rss version="2.0" xmlns:content="http://purl.org/rss/1.0/modules/content/" xmlns:wikidot="http://www.wikidot.com/rss-namespace">

	<channel>
		<title>Open the Box</title>
		<link>http://zodiac-ffrpg.wikidot.com/forum/t-657023/open-the-box</link>
		<description>Posts in the discussion thread &quot;Open the Box&quot; - Chaoticism Set for the Dark Keyblader (optional set)</description>
				<copyright></copyright>
		<lastBuildDate>Thu, 18 Feb 2021 21:36:22 +0000</lastBuildDate>
		
					<item>
				<guid>http://zodiac-ffrpg.wikidot.com/forum/t-657023#post-1785761</guid>
				<title>Open the Box</title>
				<link>http://zodiac-ffrpg.wikidot.com/forum/t-657023/open-the-box#post-1785761</link>
				<description></description>
				<pubDate>Wed, 29 May 2013 21:11:35 +0000</pubDate>
				<wikidot:authorName>Regal Pinion</wikidot:authorName>				<wikidot:authorUserId>1119553</wikidot:authorUserId>				<content:encoded>
					<![CDATA[
						 <p>Sometimes in order to protect, rules and codes must be broken. When a Dark Keyblader runs out of Order Points he decides to show his enemies a little taste of the Creation. The name of this Chaoticism Set is based on the myth of Pandora’s Box.<br /> Here are <em>some</em> examples for the Chaoticisms:</p> <p><strong>Fear</strong><br /> <em>Level 3 Chaoticism</em><br /> Inflict three random statuses on one enemy.</p> <p><strong>Greed</strong><br /> <em>Level 1 Chaoticism</em><br /> Deals 1M2 damage to an opponent. Gain gil from the amount of damage dealt.</p> <p><strong>Hatred</strong><br /> <em>Level 4 Chaoticism</em><br /> Inflict one random status on an enemy and deal 3P3 damage.</p> <p><strong>Hope</strong><br /> <em>Level 6 Chaoticsm</em><br /> All negative status ailments are cured on both sides. Party gains Barrier, Haste, and Regen.</p> <p><strong>Madness</strong><br /> <em>Level 5 Chaoticism</em><br /> Deal 5M3 damage to all enemies.</p> <p><strong>Old Age</strong><br /> <em>Level 2 Chaoticism</em><br /> Deals 1M2 damage to an opponent. Gain MP from the amount of damage dealt.</p> 
				 	]]>
				</content:encoded>							</item>
				</channel>
</rss>