<?xml version="1.0" encoding="UTF-8" ?>
<rss version="2.0" xmlns:content="http://purl.org/rss/1.0/modules/content/" xmlns:wikidot="http://www.wikidot.com/rss-namespace">

	<channel>
		<title>Key Rings</title>
		<link>http://zodiac-ffrpg.wikidot.com/forum/t-657022/key-rings</link>
		<description>Posts in the discussion thread &quot;Key Rings&quot; - Relics for the Dark Keybladers</description>
				<copyright></copyright>
		<lastBuildDate>Thu, 18 Feb 2021 21:34:28 +0000</lastBuildDate>
		
					<item>
				<guid>http://zodiac-ffrpg.wikidot.com/forum/t-657022#post-1785757</guid>
				<title>Key Rings</title>
				<link>http://zodiac-ffrpg.wikidot.com/forum/t-657022/key-rings#post-1785757</link>
				<description></description>
				<pubDate>Wed, 29 May 2013 21:06:34 +0000</pubDate>
				<wikidot:authorName>Regal Pinion</wikidot:authorName>				<wikidot:authorUserId>1119553</wikidot:authorUserId>				<content:encoded>
					<![CDATA[
						 <p>Where does a dark Keyblader store all of those key chains? Dark Keybladers often times use mundane key rings, but every now and then, they run into something that just might help. Remember a character can only equip one relic at a time, but may switch them out during battle.</p> <p style="text-align: center;"><strong><em>Relics</em></strong></p> <table class="wiki-content-table"> <tr> <th>Name</th> <th>Effect</th> <th>Cost</th> </tr> <tr> <td>Null-Dead</td> <td>Immunity: Zombi</td> <td>500</td> </tr> <tr> <td>Well Being</td> <td>Immunity: Venom, Poison</td> <td>1,000</td> </tr> <tr> <td>Warrior</td> <td>+5 Strength, +5 Vitality</td> <td>1,000</td> </tr> <tr> <td>Zen</td> <td>Immunity: Berserk, Confuse, Slow</td> <td>1,500</td> </tr> <tr> <td>Sniper</td> <td>-5 Critical; Immunity: Blind</td> <td>2,500</td> </tr> <tr> <td>Celestial Shroud</td> <td>Resistance: Wind; Immunity: Death, Seal, Curse</td> <td>4,000</td> </tr> <tr> <td>Terrestrial Shroud</td> <td>Resistance: Earth; Immunity: Stone, D. Sentence</td> <td>4,000</td> </tr> </table> <p style="text-align: center;"><em><strong>Artifact Relics</strong></em></p> <table class="wiki-content-table"> <tr> <th>Name</th> <th>Effect</th> </tr> <tr> <td>Ribbon-in-a-Knot</td> <td>Immunity: ALL Negative Status Effects</td> </tr> <tr> <td>Dark Matter</td> <td>-10 Critical; +20 Agility; Immunity: Blind, Stop</td> </tr> </table> 
				 	]]>
				</content:encoded>							</item>
				</channel>
</rss>