<?xml version="1.0" encoding="UTF-8" ?>
<rss version="2.0" xmlns:content="http://purl.org/rss/1.0/modules/content/" xmlns:wikidot="http://www.wikidot.com/rss-namespace">

	<channel>
		<title>Dark Keyblader</title>
		<link>http://zodiac-ffrpg.wikidot.com/forum/t-656996/dark-keyblader</link>
		<description>Posts in the discussion thread &quot;Dark Keyblader&quot; - Dark Class 1 of 6</description>
				<copyright></copyright>
		<lastBuildDate>Thu, 18 Feb 2021 21:35:59 +0000</lastBuildDate>
		
					<item>
				<guid>http://zodiac-ffrpg.wikidot.com/forum/t-656996#post-1785716</guid>
				<title>Dark Keyblader</title>
				<link>http://zodiac-ffrpg.wikidot.com/forum/t-656996/dark-keyblader#post-1785716</link>
				<description></description>
				<pubDate>Wed, 29 May 2013 19:52:49 +0000</pubDate>
				<wikidot:authorName>Regal Pinion</wikidot:authorName>				<wikidot:authorUserId>1119553</wikidot:authorUserId>				<content:encoded>
					<![CDATA[
						 <p>Dark Keybladers (class build)</p> <p>There are some secrets that must be kept hidden from the denizens of the universe. Only a few know these secrets and it is their job to keep it that way.</p> <p>Unlike normal Keybladers, who are chosen to prevent the destruction of existence, Dark Keybladers are chosen to prevent the excess creation of it.</p> <p>There are keyholes that must never be touched and if someone tampers with it, unneeded creation and splintered timelines occur, and that is only a lucky scenario.</p> <p>Dark Keybladers are not necessarily evil. Their name derives from their task: Keep things out of light.</p> <p>They are known to be agile and graceful, and they often prefer a swift clean job to be done with little effort in it. Hence their love of lowering their Critical.<br /></p> <table class="wiki-content-table"> <tr> <td>Strength</td> <td>8</td> </tr> <tr> <td>Magic</td> <td>8</td> </tr> <tr> <td>Vitality</td> <td>6</td> </tr> <tr> <td>Spirit</td> <td>5</td> </tr> <tr> <td>Agility</td> <td>13</td> </tr> </table> <table class="wiki-content-table"> <tr> <td>Command Skill</td> <td>Deathblow</td> </tr> <tr> <td>Support Skill</td> <td>Concentrate</td> </tr> </table> <table class="wiki-content-table"> <tr> <td>Weapon Set</td> <td>Dark Keyblades</td> </tr> <tr> <td>Armor Set</td> <td>Markings</td> </tr> <tr> <td>Guard Set</td> <td>Soul Dolls</td> </tr> <tr> <td>Relic Set</td> <td>Key Rings</td> </tr> <tr> <td>Tech Set</td> <td>Lokkenky</td> </tr> <tr> <td>Chaoticism Set<sup class="footnoteref"><a id="footnoteref-182820-1" href="javascript:;" class="footnoteref" >1</a></sup></td> <td>Open the Box</td> </tr> </table> <p>Since I can't post links for the other sets, I'm afraid you'll just have to go there via forums.</p> <div class="footnotes-footer"> <div class="title">Footnotes</div> <div class="footnote-footer" id="footnote-182820-1"><a href="javascript:;" >1</a>. Chaoticisms are an optional house rule I use. Think of them as Final Fantasy IX Trance Mode but Darker</div> </div> 
				 	]]>
				</content:encoded>							</item>
				</channel>
</rss>