<?xml version="1.0" encoding="UTF-8" ?>
<rss version="2.0" xmlns:content="http://purl.org/rss/1.0/modules/content/" xmlns:wikidot="http://www.wikidot.com/rss-namespace">

	<channel>
		<title>Markings</title>
		<link>http://zodiac-ffrpg.wikidot.com/forum/t-657017/markings</link>
		<description>Posts in the discussion thread &quot;Markings&quot; - Armor Set for the Dark Keybladers</description>
				<copyright></copyright>
		<lastBuildDate>Thu, 18 Feb 2021 21:36:17 +0000</lastBuildDate>
		
					<item>
				<guid>http://zodiac-ffrpg.wikidot.com/forum/t-657017#post-1785746</guid>
				<title>Markings</title>
				<link>http://zodiac-ffrpg.wikidot.com/forum/t-657017/markings#post-1785746</link>
				<description></description>
				<pubDate>Wed, 29 May 2013 20:42:35 +0000</pubDate>
				<wikidot:authorName>Regal Pinion</wikidot:authorName>				<wikidot:authorUserId>1119553</wikidot:authorUserId>				<content:encoded>
					<![CDATA[
						 <p><strong>ARMOR TYPE</strong>: Balanced<br /> <strong>NORMAL POOL / ARTIFACT POOL</strong>: 10 / 5</p> <p>Dark Keyblade Wielders have a very unique custom to ensure protection. They tattoo their bodies with ritualistic ink. Some say that they do not need this but it is true to their honor to make sure that secrets stay as secrets. The Markings they receive grants abilities and gives them a closer connection to the very lives they protect, thus adding to their vital life source (HP) and soul (MP). Each tattoo represents a portion of the Dark Keyblader philosophy. They have corresponding areas for each tattoo, and once they get a new one the previous one loses it’s effects while the new effects take over. Dark Keybladers look at it as a way of moving forward and interpersonal growth.</p> <table class="wiki-content-table"> <tr> <th>NAME</th> <th>HP</th> <th>MP</th> <th>Special</th> <th>Cost</th> </tr> <tr> <td>The Box</td> <td>20</td> <td>2</td> <td><span style="text-decoration: line-through;">-</span></td> <td>75</td> </tr> <tr> <td>Finality</td> <td>30</td> <td>3</td> <td><span style="text-decoration: line-through;">-</span></td> <td>150</td> </tr> <tr> <td>Cage</td> <td>50</td> <td>4</td> <td><span style="text-decoration: line-through;">-</span></td> <td>400</td> </tr> <tr> <td>Skull</td> <td>80</td> <td>6</td> <td>Immune: Blind and Death Sentence</td> <td>800</td> </tr> <tr> <td>Black Hole</td> <td>100</td> <td>10</td> <td>+13 Magic</td> <td>1,200</td> </tr> <tr> <td>Heart</td> <td>130</td> <td>14</td> <td><span style="text-decoration: line-through;">-</span></td> <td>2,000</td> </tr> <tr> <td>The Monster</td> <td>200</td> <td>18</td> <td>Immunity: Berserk</td> <td>3,000</td> </tr> <tr> <td>Elemental</td> <td>200</td> <td>20</td> <td>El. Absorbency, El. Weakness<sup class="footnoteref"><a id="footnoteref-461697-1" href="javascript:;" class="footnoteref" >1</a></sup></td> <td>5,000</td> </tr> <tr> <td>Links</td> <td>250</td> <td>25</td> <td>Magical Defense</td> <td>8,000</td> </tr> <tr> <td>Personal Symbol</td> <td>350</td> <td>35</td> <td>+23 Agility, Defense</td> <td>ARTIFACT</td> </tr> </table> <p><strong>The Box</strong><br /> This is the only tattoo that looks the same as every other Marking. It is a square that encompasses the heart on the Dark Keybladers chest. It represents their mission.</p> <p><strong>Finality</strong><br /> Whether it be a broken infinity sign or a cadaver this Marking represents how one day the Dark Keyblader will perish, and how they must make the best use of their time to protect us from the horrifying Creation. This tattoo is found over the area that covers their appendix.</p> <p><strong>Cage</strong><br /> This tattoo is sometimes a literal cage with a bird in it or sometimes just bars of a jail cell. Some Dark Keybladers use a simple ‘X’ to represent it. The cage is found on one of their feet to show their nomadic life style. The cage represents the isolation they sometimes feel in life.</p> <p><strong>Skull</strong><br /> Weather it be a simple skull or an entire skeleton, this is always found on the back of the Dark Keyblader’s shoulder in relation to their less dominant hand. It is a reminder of the sacrifices that have been made.</p> <p><strong>Black Hole</strong><br /> Some Dark Keybladers just do a black circle some go all out and have a picture of a dying star on their skin. The Black hole is found on the opposite shoulder and ironically represents existence itself. Some claim they see us as doomed while others think it means how we are all pulled into this universe from some unseen force.</p> <p><strong>Heart</strong><br /> This tattoo represents the will to fight through anything. This is found on the back of their dominant hand. Very rarely to Dark Keybladers get a picture of a literal heart tattooed, probably to prevent anatomical confusion.</p> <p><strong>The Monster</strong><br /> Often times a scary face or a phobia the Dark Keyblader has. The monster represents the aching doubt and fear that’s on the back of everyone’s mind. This is tattooed on the back of their necks.</p> <p><strong>Elemental</strong><br /> This is the only Marking that the Dark Keyblader doesn’t choose. When the time comes, he must ask his cohorts which element best represents his personality. This is found on the back of the Dark Keyblader’s offhand.</p> <p><strong>Links</strong><br /> We are all connected. Dark Keybladers, believe this wholeheartedly. Whether it’s a line of chain links or people holding hands the meaning is always the same. This is found on the other foot of the Dark Keyblader.</p> <p><strong>Personal Symbol</strong><br /> This is something the Dark Keyblader designs to put on his body. The personal symbol will be found in the tattoo of the box. It represents hope and reason. This Marking is their proudest.</p> <div class="footnotes-footer"> <div class="title">Footnotes</div> <div class="footnote-footer" id="footnote-461697-1"><a href="javascript:;" >1</a>. Pick one element for absorbency and it's opposite is the weakness, e.g. Absorb: Fire, Weak: Ice</div> </div> 
				 	]]>
				</content:encoded>							</item>
				</channel>
</rss>