<?xml version="1.0" encoding="UTF-8" ?>
<rss version="2.0" xmlns:content="http://purl.org/rss/1.0/modules/content/" xmlns:wikidot="http://www.wikidot.com/rss-namespace">

	<channel>
		<title>Dark Keyblades</title>
		<link>http://zodiac-ffrpg.wikidot.com/forum/t-657002/dark-keyblades</link>
		<description>Posts in the discussion thread &quot;Dark Keyblades&quot; - Weapon Set for (you guessed it) Dark Keybladers</description>
				<copyright></copyright>
		<lastBuildDate>Thu, 18 Feb 2021 21:36:18 +0000</lastBuildDate>
		
					<item>
				<guid>http://zodiac-ffrpg.wikidot.com/forum/t-657002#post-1785724</guid>
				<title>Dark Keyblades</title>
				<link>http://zodiac-ffrpg.wikidot.com/forum/t-657002/dark-keyblades#post-1785724</link>
				<description></description>
				<pubDate>Wed, 29 May 2013 20:09:46 +0000</pubDate>
				<wikidot:authorName>Regal Pinion</wikidot:authorName>				<wikidot:authorUserId>1119553</wikidot:authorUserId>				<content:encoded>
					<![CDATA[
						 <p><strong>ATTACK DICE</strong>: d8<br /> <strong>MAGIC DICE</strong>: d8<br /> <strong>RANGE</strong>: Short<br /> Some secrets are best kept locked. It is the duty of the Dark Keyblader to keep it that way. Although Dark Keybladers aren’t evil, the weapon of choice they use resembles it. Perhaps they are trying to seem intimidating.</p> <table class="wiki-content-table"> <tr> <th>Name</th> <th>AP</th> <th>MAP</th> <th>Special</th> <th>Cost</th> </tr> <tr> <td>Kingdom Key D</td> <td>15</td> <td>15</td> <td><span style="text-decoration: line-through;">-</span></td> <td>75</td> </tr> <tr> <td>Street Rat</td> <td>25</td> <td>25</td> <td><span style="text-decoration: line-through;">-</span></td> <td>150</td> </tr> <tr> <td>Nobody’s Heart</td> <td>30</td> <td>30</td> <td><span style="text-decoration: line-through;">-</span></td> <td>400</td> </tr> <tr> <td>Styx</td> <td>40</td> <td>40</td> <td>Water El.</td> <td>800</td> </tr> <tr> <td>Hellfire</td> <td>55</td> <td>55</td> <td>Fire El.; Dedicated: Undead</td> <td>1,200</td> </tr> <tr> <td>Madness Fantasy</td> <td>70</td> <td>70</td> <td>Keen Edge</td> <td>2,500</td> </tr> <tr> <td>Xyro</td> <td>85</td> <td>85</td> <td>Drain Weapon</td> <td>3,000</td> </tr> <tr> <td>The Abyss</td> <td>100</td> <td>100</td> <td>Shadow El.</td> <td>5,000</td> </tr> <tr> <td>Oblivion</td> <td>115</td> <td>115</td> <td>30% Venom</td> <td>8,000</td> </tr> <tr> <td>Pandora Weapon</td> <td>150</td> <td>150</td> <td>+23 Agility; Keen Edge</td> <td>ARTIFACT</td> </tr> </table> <p><strong>Kingdom Key D</strong><br /> Most Dark Keybladers choose this to be their first weapon, as if to remind themselves that they are still Keybladers, even if their paths will be different.</p> <p><strong>Street Rat</strong><br /> A lock pick shaped keyblade. It curiously resembles the deeds of a famous thief in a Scheherazade tale.</p> <p><strong>Nobody’s Heart</strong><br /> Nothing insults your enemies more than having a keyblade made of its friends. Due to the nature of this keyblade it is considered a rite of passage for the dark keyblader.</p> <p><strong>Styx</strong><br /> This is the result of Hades being tricked into a pact that he is forced to stay in. It has been noted that when an enemy is defeated by this keyblade, they disappear in a “watery flash”. Hades must be benefiting from this pact somehow&#8230;</p> <p><strong>Hellfire</strong><br /> Also known as Dante’s Inferno. The air from the tip of this gets heated to the point that it ripples. The undead seem to fear this thing for some reason.</p> <p><strong>Madness Fantasy</strong><br /> What would Halloween Town be without Jack Skellington? The Pumpkin King made little spider keychain trinkets that attacked those who wore it. For some reason, a Dark Keyblader thought it was a good idea to attach it to his keyblade. The Dark Keyblader was right.</p> <p><strong>Xyro</strong><br /> A Keyblade shrouded in razors seems to resemble the dark side of teen angst more than what it’s actually used for. Trading your foes blood for your physical wellbeing.</p> <p><strong>The Abyss</strong><br /> “There is nothing to fear except fear itself.” An inspiring, yet inaccurate quote from Franklin D. Roosevelt. There is another thing to fear: Nothing. The very essence of nothingness. Just remember that when one stares into the shaded abyss; the abyss gazes back.</p> <p><strong>Oblivion</strong><br /> When placed in the hands of a normal Keyblader, it sometimes reduces their magical potential. When placed in the hands of a Dark Keyblader, it unlocks the corrosive venom that hides in all of our hearts.</p> <p><strong>Pandora Weapon</strong><br /> Stemming from the legend of the girl whose curiosity damaged the world around her, the Pandora Weapon is the Dark Keybladers ultimate keyblade. However, the Pandora Weapon is just a child’s bedtime story&#8230;</p> 
				 	]]>
				</content:encoded>							</item>
				</channel>
</rss>