<?xml version="1.0" encoding="UTF-8" ?>
<rss version="2.0" xmlns:content="http://purl.org/rss/1.0/modules/content/" xmlns:wikidot="http://www.wikidot.com/rss-namespace">

	<channel>
		<title>Soul Dolls</title>
		<link>http://zodiac-ffrpg.wikidot.com/forum/t-657019/soul-dolls</link>
		<description>Posts in the discussion thread &quot;Soul Dolls&quot; - Dark Keyblader&#039;s Guard Set</description>
				<copyright></copyright>
		<lastBuildDate>Thu, 18 Feb 2021 21:36:16 +0000</lastBuildDate>
		
					<item>
				<guid>http://zodiac-ffrpg.wikidot.com/forum/t-657019#post-1785750</guid>
				<title>Soul Dolls</title>
				<link>http://zodiac-ffrpg.wikidot.com/forum/t-657019/soul-dolls#post-1785750</link>
				<description></description>
				<pubDate>Wed, 29 May 2013 20:53:46 +0000</pubDate>
				<wikidot:authorName>Regal Pinion</wikidot:authorName>				<wikidot:authorUserId>1119553</wikidot:authorUserId>				<content:encoded>
					<![CDATA[
						 <p><strong>NORMAL POOL / ARTIFACT POOL</strong>: 5 / 3<br /> Dark Keybladers carry key rings for two reasons. The first reason is so that they have a place to put their key chains and the second reason is to have a Soul Doll hanging on it to protect them. Sure it may seem superstitious, but this has been a practiced effort for them and it doesn’t seem like they’re going to stop this trend anytime soon.<br /> But the Dark Keyblader claims that these are creatures that become their personal guardians. Maybe they’re right.</p> <table class="wiki-content-table"> <tr> <th>Name</th> <th>Evasion</th> <th>Special</th> <th>Cost</th> </tr> <tr> <td>Voodoo Doll</td> <td>2</td> <td><span style="text-decoration: line-through;">-</span></td> <td>30</td> </tr> <tr> <td>Poppet</td> <td>4</td> <td><span style="text-decoration: line-through;">-</span></td> <td>75</td> </tr> <tr> <td>Smile</td> <td>6</td> <td><span style="text-decoration: line-through;">-</span></td> <td>200</td> </tr> <tr> <td>Masked Man</td> <td>8</td> <td>Immunity: Confused</td> <td>400</td> </tr> <tr> <td>Red Man</td> <td>10</td> <td><span style="text-decoration: line-through;">-</span></td> <td>600</td> </tr> <tr> <td>Ronin</td> <td>12</td> <td>Immunity: Slow</td> <td>1,000</td> </tr> <tr> <td>Summon</td> <td>14</td> <td><span style="text-decoration: line-through;">-</span></td> <td>1,500</td> </tr> <tr> <td>The Hero</td> <td>16</td> <td><span style="text-decoration: line-through;">-</span></td> <td>2,500</td> </tr> <tr> <td>The Self</td> <td>18</td> <td>+11 Vitality</td> <td>4,000</td> </tr> <tr> <td>The Allies</td> <td>23</td> <td>+23 Agility, El. Resistance<sup class="footnoteref"><a id="footnoteref-222759-1" href="javascript:;" class="footnoteref" >1</a></sup></td> <td>ARTIFACT</td> </tr> </table> <p><strong>Vended Doll</strong><br /> You know those Voo-Doo dolls you can get for a few quarters? Dark Keybladers know of them as well.</p> <p><strong>Poppet</strong><br /> A simple hand crafted doll.</p> <p><strong>Smile</strong><br /> Whether it’s a small stuffed animal or a fond childhood memorabilia this can actually be used as a guard for the Dark Keyblader. It was dubbed the “Smile” for the nostalgic effect it has.</p> <p><strong>Masked Man</strong><br /> This is actually a superhero representation of a Soul Doll.</p> <p><strong>Red Man</strong><br /> This Soul Doll represents the battle loving characters in many forms of media.</p> <p><strong>Ronin</strong><br /> The wanderer. The nomadic warrior. The Man With No Name. This Soul Doll is the very essence of it.</p> <p><strong>The Summon</strong><br /> Bahamut, Ifrit, Shiva, Golem, or what-have-you the Dark Keyblader’s favorite summon goes here.</p> <p><strong>The Hero</strong><br /> Who does the Dark Keyblader look up to and aspire to be? Just take a look at this Soul Doll and you’ll found out.</p> <p><strong>The Self</strong><br /> The Dark Keyblader must understand the importance of the Self in order to continue down the path he has chosen.</p> <p><strong>The Allies</strong><br /> Human connection. Without this their would be no reason to fight, and no reason to continue. The Allies represents the Dark Keyblader’s rag-tag motley that they are journeying with.</p> <div class="footnotes-footer"> <div class="title">Footnotes</div> <div class="footnote-footer" id="footnote-222759-1"><a href="javascript:;" >1</a>. Pick One Element For Resistance</div> </div> 
				 	]]>
				</content:encoded>							</item>
				</channel>
</rss>