<?xml version="1.0" encoding="UTF-8" ?>
<rss version="2.0" xmlns:content="http://purl.org/rss/1.0/modules/content/" xmlns:wikidot="http://www.wikidot.com/rss-namespace">

	<channel>
		<title>Damage Multiplier weirdness?</title>
		<link>http://zodiac-ffrpg.wikidot.com/forum/t-662962/damage-multiplier-weirdness</link>
		<description>Posts in the discussion thread &quot;Damage Multiplier weirdness?&quot; - is it x5 or x10?</description>
				<copyright></copyright>
		<lastBuildDate>Thu, 18 Feb 2021 21:35:58 +0000</lastBuildDate>
		
					<item>
				<guid>http://zodiac-ffrpg.wikidot.com/forum/t-662962#post-1800338</guid>
				<title>Re: Damage Multiplier weirdness?</title>
				<link>http://zodiac-ffrpg.wikidot.com/forum/t-662962/damage-multiplier-weirdness#post-1800338</link>
				<description></description>
				<pubDate>Wed, 19 Jun 2013 18:58:56 +0000</pubDate>
				<wikidot:authorName>Doresh</wikidot:authorName>				<wikidot:authorUserId>654492</wikidot:authorUserId>				<content:encoded>
					<![CDATA[
						 <p>The glossary is most likely out of date in that regard.</p> <p>As for the monsters, it's normal for them to have a lower multiplier. They make up for it by tending to have more HP - just like the enemies in most JRPGs.</p> <p>And seeing how the player characters will have to face several &quot;fresh&quot; enemy groups, it's good to know that those groups won't be too lethal :D</p> 
				 	]]>
				</content:encoded>							</item>
					<item>
				<guid>http://zodiac-ffrpg.wikidot.com/forum/t-662962#post-1799261</guid>
				<title>Damage Multiplier weirdness?</title>
				<link>http://zodiac-ffrpg.wikidot.com/forum/t-662962/damage-multiplier-weirdness#post-1799261</link>
				<description></description>
				<pubDate>Tue, 18 Jun 2013 16:06:02 +0000</pubDate>
				<wikidot:authorName>Nines</wikidot:authorName>				<wikidot:authorUserId>1556007</wikidot:authorUserId>				<content:encoded>
					<![CDATA[
						 <p>Now, I've always used the formula given in the Combat chapter of the core book:</p> <p>&quot;(Weapon Damage Roll * 10) + Total Attack Power&quot;</p> <p>The example given under Power Attack also has our buddy Diff multiplying his roll by 10.</p> <p>But, reading more carefully over other parts of the rules, I find in several other places in the rules it actually states that rolls using Strength- and Magic Dice are multiplied by 5, not 10..</p> <p>From 'Monster Creation': &quot;All physical and magical damage is calculated in the same way as for players. (Die Roll * 5) + Attack Power.&quot;</p> <p>From 'Glossary': &quot;ALL die rolls based on Strength Dice are multiplied by 5; if your Strength Die roll was an 8, you deal 40 points of damage.&quot;</p> <p>This is just a little thing that's been bugging me. Has no-one else noticed this?</p> 
				 	]]>
				</content:encoded>							</item>
				</channel>
</rss>