<?xml version="1.0" encoding="UTF-8" ?>
<rss version="2.0" xmlns:content="http://purl.org/rss/1.0/modules/content/" xmlns:wikidot="http://www.wikidot.com/rss-namespace">

	<channel>
		<title>Signature Enemies</title>
		<link>http://zodiac-ffrpg.wikidot.com/forum/t-675304/signature-enemies</link>
		<description>Posts in the discussion thread &quot;Signature Enemies&quot; - This is where you can post your signature monster ideas.</description>
				<copyright></copyright>
		<lastBuildDate>Thu, 18 Feb 2021 21:34:50 +0000</lastBuildDate>
		
					<item>
				<guid>http://zodiac-ffrpg.wikidot.com/forum/t-675304#post-1895101</guid>
				<title>Re: Signature Enemies</title>
				<link>http://zodiac-ffrpg.wikidot.com/forum/t-675304/signature-enemies#post-1895101</link>
				<description></description>
				<pubDate>Sun, 17 Nov 2013 20:58:28 +0000</pubDate>
				<wikidot:authorName>Regal Pinion</wikidot:authorName>				<wikidot:authorUserId>1119553</wikidot:authorUserId>				<content:encoded>
					<![CDATA[
						 <h1><span>The Clockwork Seraph</span></h1> <p><strong>A level 64 Boss Monster</strong><sup class="footnoteref"><a id="footnoteref-254830-1" href="javascript:;" class="footnoteref" >1</a></sup></p> <p>The Clockwork Seraph resembles an angel made out of gears. It wields the Second Hand and Hour Hand as a sword and shield respectively. A nifty (but perhaps unneeded) visual to give to your players mentioning the Minute Hand in the background as a subtle way to describe it's current HP (e.g. someone deals damage and you tell them that the minute hand moves).<br /> It is meant to be an optional boss monster.</p> <h2><span>The Stats</span></h2> <p><strong>HP: 21,700<br /> MP: 109</strong></p> <p>The Clockwork Seraph is designed to be agile, yet deadly. But that doesn't mean it can't come without weaknesses.</p> <h3><span>Base Stats</span></h3> <p>Strength: 65<br /> Magic: 50<br /> Vitality: 75<br /> Spirit: 45<br /> Agility: 110</p> <h3><span>Derived Stats</span></h3> <p>Attack Power: 130<br /> Magic Power: 100<br /> Attack Dice: 1d8<br /> Magic Dice: 1d8</p> <p>Accuracy: 27<br /> Magic Accuracy: 15<br /> Evade: 47<br /> Resist: 16<br /> Critical: 91<br /> Speed 23</p> <p>Monster Tech Points: 11</p> <h2><span>Monster Abilities</span></h2> <h3><span>Level 0:</span></h3> <p>Weakness: Wind</p> <h3><span>Level 1:</span></h3> <p>Flight<br /> Command Skill: Runic</p> <h3><span>Level 3:</span></h3> <p>Status Touch: 50% Death Sentence</p> <h3><span>Blue Magic</span></h3> <p><strong>Entropy’s Song</strong><br /> <em>26 MP</em><br /> The gear’s on the Clockwork Seraph mesh rapidly causing it to heat up and shine. The shine leaves the gears forming into little spheres of light as they swarm at its foes dealing 4M2 holy damage to all enemies.</p> <h2><span>Rewards</span></h2> <p>XP: 9,600<br /> Gil: 4,800 G<br /> Drop: Up to the Master<br /> Steal: Up to the Master</p> <div class="footnotes-footer"> <div class="title">Footnotes</div> <div class="footnote-footer" id="footnote-254830-1"><a href="javascript:;" >1</a>. All Boss Monsters are immune to Stone, Demi, Death Sentence, and instant death attacks.</div> </div> 
				 	]]>
				</content:encoded>							</item>
					<item>
				<guid>http://zodiac-ffrpg.wikidot.com/forum/t-675304#post-1821870</guid>
				<title>Signature</title>
				<link>http://zodiac-ffrpg.wikidot.com/forum/t-675304/signature-enemies#post-1821870</link>
				<description></description>
				<pubDate>Fri, 26 Jul 2013 16:56:28 +0000</pubDate>
				<wikidot:authorName>Blue Mage</wikidot:authorName>				<wikidot:authorUserId>1683017</wikidot:authorUserId>				<content:encoded>
					<![CDATA[
						 <p>I'll be creating some monsters soon, like Bomb and Flan</p> 
				 	]]>
				</content:encoded>							</item>
				</channel>
</rss>