<?xml version="1.0" encoding="UTF-8" ?>
<rss version="2.0" xmlns:content="http://purl.org/rss/1.0/modules/content/" xmlns:wikidot="http://www.wikidot.com/rss-namespace">

	<channel>
		<title>ZODIAC FFRPG Wiki Update and Discord Server!</title>
		<link>http://zodiac-ffrpg.wikidot.com/forum/t-7152965/zodiac-ffrpg-wiki-update-and-discord-server</link>
		<description>Posts in the discussion thread &quot;ZODIAC FFRPG Wiki Update and Discord Server!&quot;</description>
				<copyright></copyright>
		<lastBuildDate>Thu, 18 Feb 2021 21:33:44 +0000</lastBuildDate>
		
					<item>
				<guid>http://zodiac-ffrpg.wikidot.com/forum/t-7152965#post-3927063</guid>
				<title>ZODIAC FFRPG Wiki Update and Discord Server!</title>
				<link>http://zodiac-ffrpg.wikidot.com/forum/t-7152965/zodiac-ffrpg-wiki-update-and-discord-server#post-3927063</link>
				<description></description>
				<pubDate>Sat, 25 Aug 2018 21:39:33 +0000</pubDate>
				<wikidot:authorName>Agent Boogeyman</wikidot:authorName>				<wikidot:authorUserId>502823</wikidot:authorUserId>				<content:encoded>
					<![CDATA[
						 <p>It's been way too long since I wrote anything here. The work on 4E was put on hiatus for a while while I dealt with graduation from college and working a full time job, and I realize I hadn't kept anyone in the loop for a while. However, I still would want to talk with people, and have set up a Discord server to do just that! Here is the link:</p> <p><a href="https://discord.gg/AKTgkXu">https://discord.gg/AKTgkXu</a></p> <p>If anyone is still active here and wants to chat, just pop on in. It likely will not being going down any time soon.</p> 
				 	]]>
				</content:encoded>							</item>
				</channel>
</rss>