<?xml version="1.0" encoding="UTF-8" ?>
<rss version="2.0" xmlns:content="http://purl.org/rss/1.0/modules/content/" xmlns:wikidot="http://www.wikidot.com/rss-namespace">

	<channel>
		<title>Final Fantasy: Infinity</title>
		<link>http://zodiac-ffrpg.wikidot.com/forum/t-710070/final-fantasy:infinity</link>
		<description>Posts in the discussion thread &quot;Final Fantasy: Infinity&quot; - Someone asks you to create a character for the next installment of a Final Fantasy game. They want something new, but they want you to create it out of something old... GO!</description>
				<copyright></copyright>
		<lastBuildDate>Thu, 18 Feb 2021 21:35:41 +0000</lastBuildDate>
		
					<item>
				<guid>http://zodiac-ffrpg.wikidot.com/forum/t-710070#post-2026298</guid>
				<title>Re: Final Fantasy: Infinity</title>
				<link>http://zodiac-ffrpg.wikidot.com/forum/t-710070/final-fantasy:infinity#post-2026298</link>
				<description></description>
				<pubDate>Tue, 06 May 2014 01:15:56 +0000</pubDate>
				<wikidot:authorName>JBPuffin</wikidot:authorName>				<wikidot:authorUserId>1299270</wikidot:authorUserId>				<content:encoded>
					<![CDATA[
						 <p>More ideas! This one might just drive some people crazy, though&#8230;</p> <p>Let's say that every character is not one, but TWO classes at once. The catch? The pair they use isn't set by default, but decided by the player when they get them! I imagine the game will be very FFTA-ish, but with FFT's fatal combat. Also, there would be combo abilities - you sort of put two &quot;Techs&quot; together, or combine a passive and active or 2 passives, and get some crazy things.</p> <p>The examples that come to mind are what I imagine would be a typical &quot;hybrid&quot; party, essentially mixing two very distinct classes together.</p> <p>White Mage/Fighter - Your typical paladin-style character; heals and kills, with some overlap whenever possible.<br /> Black Mage/Archer - Who doesn't love a blaster with a decent weapon?<br /> Gunner/Black Belt - This one's a bit&#8230;far out, but dude! Imagine someone like old-age Batman, or maybe Captain America&#8230;<br /> Thief/Blue Mage - Did someone call for a guy who literally steals spells from people? I did!</p> <p>You could twist these around however you wanted, and use whatever list of classes you decide would be best, but in the end it would be a crew of characters each with a hybrid spread and a LOT of interesting options to play with. This way, everyone's pretty unique and useful at the same time.</p> 
				 	]]>
				</content:encoded>							</item>
					<item>
				<guid>http://zodiac-ffrpg.wikidot.com/forum/t-710070#post-2014092</guid>
				<title>Re: Final Fantasy: Infinity</title>
				<link>http://zodiac-ffrpg.wikidot.com/forum/t-710070/final-fantasy:infinity#post-2014092</link>
				<description></description>
				<pubDate>Thu, 17 Apr 2014 12:20:56 +0000</pubDate>
				<wikidot:authorName>Regal Pinion</wikidot:authorName>				<wikidot:authorUserId>1119553</wikidot:authorUserId>				<content:encoded>
					<![CDATA[
						 <p>That's it, we need to design Final Fantasy 16.</p> <p>While we're at it, I'll add a few bits.</p> <p>Dancer: He is actually a thug who wields a bludgeoning weapon. If he so chooses he can spend MP on &quot;Crimson Dance&quot; (or what-have-you) and the player gets to select a series of moves for him to perform as he is performing it. Each move executed is MP spent. And he can cancel at anytime.<br /> (Example: His first move he strikes the enemy, and upon striking four button appear on the screen -A,B,X,Y- the player then can select another move, and continue on, or cancel it by waiting out the few seconds he has to hit a button).</p> <p>Bard: This character would be optional and downloadable/unlockable. They're sole purpose is to perform and rally their comrades rising stats and slowly healing. The gimmick for her is that if there is a song, from the game counsel's hard drive, being played while the game is running it alters the way the stats are given. The best way to describe this, is that her stat boosting becomes a visualizer for the song that is played.</p> <p>Of course this is just brainstorming.</p> 
				 	]]>
				</content:encoded>							</item>
					<item>
				<guid>http://zodiac-ffrpg.wikidot.com/forum/t-710070#post-2011985</guid>
				<title>Re: Final Fantasy: Infinity</title>
				<link>http://zodiac-ffrpg.wikidot.com/forum/t-710070/final-fantasy:infinity#post-2011985</link>
				<description></description>
				<pubDate>Mon, 14 Apr 2014 02:29:42 +0000</pubDate>
				<wikidot:authorName>JBPuffin</wikidot:authorName>				<wikidot:authorUserId>1299270</wikidot:authorUserId>				<content:encoded>
					<![CDATA[
						 <p><strong>Arithmetic/Calculator</strong>: Uses arcane formulas called &quot;Functions&quot; instead of normal spells. A few classics in include &quot;Exponential Decay&quot;, a spell that does damage over time, and &quot;Y=X&quot;, which trades certain aspects of two targets temporarily (weaknesses/resistances, stat boosts/drops, etc).</p> 
				 	]]>
				</content:encoded>							</item>
					<item>
				<guid>http://zodiac-ffrpg.wikidot.com/forum/t-710070#post-2006224</guid>
				<title>Re: Final Fantasy: Infinity</title>
				<link>http://zodiac-ffrpg.wikidot.com/forum/t-710070/final-fantasy:infinity#post-2006224</link>
				<description></description>
				<pubDate>Fri, 04 Apr 2014 18:58:41 +0000</pubDate>
				<wikidot:authorName>Doresh</wikidot:authorName>				<wikidot:authorUserId>654492</wikidot:authorUserId>				<content:encoded>
					<![CDATA[
						 <p>Sounds interesting. And I also think it might make more sense if the heroes don't switch their whole gear every city XD</p> 
				 	]]>
				</content:encoded>							</item>
					<item>
				<guid>http://zodiac-ffrpg.wikidot.com/forum/t-710070#post-2003844</guid>
				<title>Re: Final Fantasy: Infinity</title>
				<link>http://zodiac-ffrpg.wikidot.com/forum/t-710070/final-fantasy:infinity#post-2003844</link>
				<description></description>
				<pubDate>Wed, 02 Apr 2014 02:43:09 +0000</pubDate>
				<wikidot:authorName>Dark_Star2222</wikidot:authorName>				<wikidot:authorUserId>1865032</wikidot:authorUserId>				<content:encoded>
					<![CDATA[
						 <p>So, I put way more thought into this than I probably should've. First off, this game (Let's call it Final Fantasy 18) would feature a weapon system where each character only has one weapon, but it can be modified (improving its base stats) and Customized (giving it special features). Modifications are permanent upgrades, but Customizations can be added and removed as much as the player wants, with each Customization deducting a certain number of 'Customization Points' or CP from the total available to the weapon.</p> <p>And now, the 'characters'!<br /> <strong>Machinist</strong>: The main character, an inventive young man and aspiring engineer. His &quot;Techs&quot; are all various personal inventions of his, and most of them can only be used a certain number of times per battle. His weapon has the most CP out of any of the characters, at the cost of also having the lowest base stats (Though, with the right Customizations, this isn't that big of a deal), and his &quot;Mix&quot; ability allows him to combine two items to create a new and more potent item, which is immediately used.</p> <p><strong>Cyborg</strong>: A mysterious young woman found in a pod in the ruins of an ancient city, highly advanced civilization by Machinist. Most of her techs actually require HP rather than MP, though her special ability &quot;Recharge&quot; (renamed Chakra) can be used at any time to restore a percentage of her HP. Her weapon has the highest base stats of all the characters, but also the least CP, a mirror image of Machinist.</p> <p><strong>Red Mage</strong>: A handsome, gentlemanly traveler with a bit of a womanizing streak, he joins the party for reasons he keeps to himself, though he seems to have an interest in Cyborg that goes beyond aesthetic appreciation. Like any good Red Mage he combines offensive and supportive magic with physical prowess, and is the first party member to use 'traditional' techs in the manner that they all cost MP. He also possesses the ability Runic, making him ideal when facing spellcasting foes, as he can both protect the entire party and replenish his own MP stores at the same time.</p> <p><strong>Scholar</strong>: The last party member, she is a scholar (hehe) of the same ancient civilization that built the city Cyborg's pod was discovered in. She's a bit odd, having spent more time around books and ancient artifacts than actual people, but tries her best to help despite this. Like Red Mage she uses regular techs, but has a much wider variety available to her, at the cost of lower physical prowess. Her unique ability &quot;Libra&quot; (AKA Peep) allows her to ascertain the strengths and weaknesses of her target, a handy ability when facing powerful foes.</p> 
				 	]]>
				</content:encoded>							</item>
					<item>
				<guid>http://zodiac-ffrpg.wikidot.com/forum/t-710070#post-1873937</guid>
				<title>Re: Final Fantasy: Infinity</title>
				<link>http://zodiac-ffrpg.wikidot.com/forum/t-710070/final-fantasy:infinity#post-1873937</link>
				<description></description>
				<pubDate>Sat, 19 Oct 2013 14:49:44 +0000</pubDate>
				<wikidot:authorName>Doresh</wikidot:authorName>				<wikidot:authorUserId>654492</wikidot:authorUserId>				<content:encoded>
					<![CDATA[
						 <p>Let's see if I can come up with a few ideas&#8230;</p> <p><strong>Dragoon:</strong> A bit closer to their real-life namesake: A mounted gunner with a short-range rifle specializing on ride-by attacks.</p> <p><strong>Knight:</strong> A tactician wielding a lance decorated with his banner. He gives orders and makes a few encouraging speeches (aka buffs).</p> <p><strong>Mystic Knight:</strong> A mage using protective magic and a quarterstaff charged with energy to fool people into believing he's a squishy wizard.</p> <p>All in all, martial classes are a bit easier to modify, since they don't have too many unique tricks to begin with :D</p> 
				 	]]>
				</content:encoded>							</item>
					<item>
				<guid>http://zodiac-ffrpg.wikidot.com/forum/t-710070#post-1872144</guid>
				<title>Final Fantasy: Infinity</title>
				<link>http://zodiac-ffrpg.wikidot.com/forum/t-710070/final-fantasy:infinity#post-1872144</link>
				<description></description>
				<pubDate>Wed, 16 Oct 2013 21:38:44 +0000</pubDate>
				<wikidot:authorName>Regal Pinion</wikidot:authorName>				<wikidot:authorUserId>1119553</wikidot:authorUserId>				<content:encoded>
					<![CDATA[
						 <p>The powers of boredom, had decided to bestow upon me this idea:</p> <p>You take a job class from the Final Fantasy series and change it up to make it unique&#8230; at the time I also wanted to see what it would look like if they made it in a present-day setting.</p> <p>I myself, took on the dancer class. Perhaps I'll post it in this thread later.</p> <p>So here is the challenge:<br /> Design a character around a job class, but revamp it.</p> <p>One example (albeit vaguely done) could be as simple as asking your self, &quot;how can I make my Black Mage, stand out from the others?&quot;<br /> Is it the gameplay of it?<br /> Is it the character's equipment?<br /> Even if it's her style of casting.</p> <p>Feel free to utilize a real console system (e.g. X-Box 360, PSP, etc.) to alter it.</p> <p>Here are some classes if you need help:</p> <table class="wiki-content-table"> <tr> <td style="text-align: center;">Black Mage</td> <td style="text-align: center;">Red Mage</td> <td style="text-align: center;">Knight</td> <td style="text-align: center;">Cyborg</td> </tr> <tr> <td style="text-align: center;">White Mage</td> <td style="text-align: center;">Machinist</td> <td style="text-align: center;">Monk</td> <td style="text-align: center;">Dark Knight</td> </tr> <tr> <td style="text-align: center;">Green Mage</td> <td style="text-align: center;">Thief</td> <td style="text-align: center;">Hunter</td> <td style="text-align: center;">Paladin</td> </tr> <tr> <td style="text-align: center;">Time Mage</td> <td style="text-align: center;">Gambler</td> <td style="text-align: center;">Dragoon</td> <td style="text-align: center;">Dancer</td> </tr> <tr> <td style="text-align: center;">Blue Mage</td> <td style="text-align: center;">Alchemist</td> <td style="text-align: center;">Berserker</td> <td style="text-align: center;">Bard</td> </tr> <tr> <td style="text-align: center;">Summoner</td> <td style="text-align: center;">Mascot</td> <td style="text-align: center;">Samurai</td> <td style="text-align: center;">Cannoneer</td> </tr> <tr> <td style="text-align: center;">Scholar</td> <td style="text-align: center;">Orator</td> <td style="text-align: center;">Ninja</td> <td style="text-align: center;">Mime</td> </tr> <tr> <td style="text-align: center;">Arithmetic</td> <td style="text-align: center;">Artist</td> <td style="text-align: center;">Gunner</td> <td style="text-align: center;">Geomancer</td> </tr> <tr> <td style="text-align: center;">Necromancer</td> <td style="text-align: center;">Onion Knight</td> <td style="text-align: center;">Mystic Knight</td> <td style="text-align: center;">Feral Child</td> </tr> </table> <p>Let's see what we make!</p> 
				 	]]>
				</content:encoded>							</item>
				</channel>
</rss>