<?xml version="1.0" encoding="UTF-8" ?>
<rss version="2.0" xmlns:content="http://purl.org/rss/1.0/modules/content/" xmlns:wikidot="http://www.wikidot.com/rss-namespace">

	<channel>
		<title>Three Techs at Character Creation?</title>
		<link>http://zodiac-ffrpg.wikidot.com/forum/t-713645/three-techs-at-character-creation</link>
		<description>Posts in the discussion thread &quot;Three Techs at Character Creation?&quot; - What&#039;s the point of this rule?</description>
				<copyright></copyright>
		<lastBuildDate>Thu, 18 Feb 2021 21:35:55 +0000</lastBuildDate>
		
					<item>
				<guid>http://zodiac-ffrpg.wikidot.com/forum/t-713645#post-1958891</guid>
				<title>Re: Three Techs at Character Creation?</title>
				<link>http://zodiac-ffrpg.wikidot.com/forum/t-713645/three-techs-at-character-creation#post-1958891</link>
				<description></description>
				<pubDate>Thu, 06 Feb 2014 19:52:25 +0000</pubDate>
				<wikidot:authorName>JBPuffin</wikidot:authorName>				<wikidot:authorUserId>1299270</wikidot:authorUserId>				<content:encoded>
					<![CDATA[
						 <p>The extra tech points are for your next level, so you can upgrade your previously-purchased techs.</p> 
				 	]]>
				</content:encoded>							</item>
					<item>
				<guid>http://zodiac-ffrpg.wikidot.com/forum/t-713645#post-1883575</guid>
				<title>Re: Three Techs at Character Creation?</title>
				<link>http://zodiac-ffrpg.wikidot.com/forum/t-713645/three-techs-at-character-creation#post-1883575</link>
				<description></description>
				<pubDate>Sat, 02 Nov 2013 11:54:11 +0000</pubDate>
				<wikidot:authorName>Doresh</wikidot:authorName>				<wikidot:authorUserId>654492</wikidot:authorUserId>				<content:encoded>
					<![CDATA[
						 <p>Level 1 is the tutorial stage after which the entire gameplay mechanics are unlocked :D</p> 
				 	]]>
				</content:encoded>							</item>
					<item>
				<guid>http://zodiac-ffrpg.wikidot.com/forum/t-713645#post-1883209</guid>
				<title>Re: Three Techs at Character Creation?</title>
				<link>http://zodiac-ffrpg.wikidot.com/forum/t-713645/three-techs-at-character-creation#post-1883209</link>
				<description></description>
				<pubDate>Fri, 01 Nov 2013 18:42:10 +0000</pubDate>
				<wikidot:authorName>shatterspike1</wikidot:authorName>				<wikidot:authorUserId>522619</wikidot:authorUserId>				<content:encoded>
					<![CDATA[
						 <p>Honestly, as a workaround, I'd just ignore this rule entirely and give Blue Mages two spells instead of one. It would make things a bit simpler. Alternatively, and I don't prefer this, keep the rule and just say no one can freely spend leftover tech points until level 2.</p> 
				 	]]>
				</content:encoded>							</item>
					<item>
				<guid>http://zodiac-ffrpg.wikidot.com/forum/t-713645#post-1881695</guid>
				<title>Re: Three Techs at Character Creation?</title>
				<link>http://zodiac-ffrpg.wikidot.com/forum/t-713645/three-techs-at-character-creation#post-1881695</link>
				<description></description>
				<pubDate>Wed, 30 Oct 2013 16:22:12 +0000</pubDate>
				<wikidot:authorName>Doresh</wikidot:authorName>				<wikidot:authorUserId>654492</wikidot:authorUserId>				<content:encoded>
					<![CDATA[
						 <p>Oh, I forgot the &quot;at any time&quot; part. Never mind XD</p> 
				 	]]>
				</content:encoded>							</item>
					<item>
				<guid>http://zodiac-ffrpg.wikidot.com/forum/t-713645#post-1880060</guid>
				<title>Re: Three Techs at Character Creation?</title>
				<link>http://zodiac-ffrpg.wikidot.com/forum/t-713645/three-techs-at-character-creation#post-1880060</link>
				<description></description>
				<pubDate>Mon, 28 Oct 2013 16:42:27 +0000</pubDate>
				<wikidot:authorName>shatterspike1</wikidot:authorName>				<wikidot:authorUserId>522619</wikidot:authorUserId>				<content:encoded>
					<![CDATA[
						 <p>Is the whole &quot;Tech Users have to wait a level for the Tech System to unlock&quot; a house rule? I'm asking about the rules as written in this case. &quot;A character may spend Tech Points to learn a Tech at any time.&quot; is what they say right now. I'm saying I don't understand what this rule accomplishes given that.</p> 
				 	]]>
				</content:encoded>							</item>
					<item>
				<guid>http://zodiac-ffrpg.wikidot.com/forum/t-713645#post-1878539</guid>
				<title>Re: Three Techs at Character Creation?</title>
				<link>http://zodiac-ffrpg.wikidot.com/forum/t-713645/three-techs-at-character-creation#post-1878539</link>
				<description></description>
				<pubDate>Sat, 26 Oct 2013 08:14:01 +0000</pubDate>
				<wikidot:authorName>Doresh</wikidot:authorName>				<wikidot:authorUserId>654492</wikidot:authorUserId>				<content:encoded>
					<![CDATA[
						 <p>The thing is that Blue Mages <em>don't</em> have techs. They start the game with a single Blue Magic spell. Further spells can only be gained through battles. Tech users probably have to wait a level for the entire Tech System to unlock so any Blue Mage has a bit of time to learn additional spells.</p> <p>The &quot;flexible&quot; part was referring to Tech users. It allows them to keep a few Tech points and get a hang of the combat system before spending them.</p> <p>And let's see&#8230; A starting character has 12 Tech Points, with a further 3 or 20 depending on their MAG. I'd say they also didn't want high-MAG characters to start out with almost a dozen cloned Techs.</p> 
				 	]]>
				</content:encoded>							</item>
					<item>
				<guid>http://zodiac-ffrpg.wikidot.com/forum/t-713645#post-1877355</guid>
				<title>Re: Three Techs at Character Creation?</title>
				<link>http://zodiac-ffrpg.wikidot.com/forum/t-713645/three-techs-at-character-creation#post-1877355</link>
				<description></description>
				<pubDate>Thu, 24 Oct 2013 16:08:26 +0000</pubDate>
				<wikidot:authorName>shatterspike1</wikidot:authorName>				<wikidot:authorUserId>522619</wikidot:authorUserId>				<content:encoded>
					<![CDATA[
						 <p>Shouldn't it say that this rule only applies to Blue Mages in that case, since it exists primarily so that they start with some techs instead of none? Right now, as it's written, it would be better for a character to take no techs at character creation and immediately assign techs as soon as they start play. I'm not understanding how this keeps a non-blue mage character's advancement flexible.</p> 
				 	]]>
				</content:encoded>							</item>
					<item>
				<guid>http://zodiac-ffrpg.wikidot.com/forum/t-713645#post-1876914</guid>
				<title>Re: Three Techs at Character Creation?</title>
				<link>http://zodiac-ffrpg.wikidot.com/forum/t-713645/three-techs-at-character-creation#post-1876914</link>
				<description></description>
				<pubDate>Wed, 23 Oct 2013 22:12:06 +0000</pubDate>
				<wikidot:authorName>Doresh</wikidot:authorName>				<wikidot:authorUserId>654492</wikidot:authorUserId>				<content:encoded>
					<![CDATA[
						 <p>There is a guideline:</p> <p>&quot;A character can have a maximum number of Tech Levels equal to 5 + (MAG / 2)&quot;</p> <p>I'd say this starting tech limit exists so a character's advancement stays flexible and so that Blue Mages don't start too gimped.</p> 
				 	]]>
				</content:encoded>							</item>
					<item>
				<guid>http://zodiac-ffrpg.wikidot.com/forum/t-713645#post-1876753</guid>
				<title>Three Techs at Character Creation?</title>
				<link>http://zodiac-ffrpg.wikidot.com/forum/t-713645/three-techs-at-character-creation#post-1876753</link>
				<description></description>
				<pubDate>Wed, 23 Oct 2013 17:20:47 +0000</pubDate>
				<wikidot:authorName>shatterspike1</wikidot:authorName>				<wikidot:authorUserId>522619</wikidot:authorUserId>				<content:encoded>
					<![CDATA[
						 <p>I've read through the new edition of the ZODIAC RPG, and I really like it. This particular rule bugs me though; I only get three techs at character creation, and they all have to be level 1? By the rules, I can buy any tech I want if I have the tech points for it after character creation, and I can easily have more tech points than I can spend if I'm only limited to three techs for a 1st-level character, so what's the point of this rule? I could understand if there was a tech level by xp level guideline, but as written, it doesn't actually do anything as far as I can tell.</p> 
				 	]]>
				</content:encoded>							</item>
				</channel>
</rss>