<?xml version="1.0" encoding="UTF-8" ?>
<rss version="2.0" xmlns:content="http://purl.org/rss/1.0/modules/content/" xmlns:wikidot="http://www.wikidot.com/rss-namespace">

	<channel>
		<title>New Blue Mages</title>
		<link>http://zodiac-ffrpg.wikidot.com/forum/t-749706/new-blue-mages</link>
		<description>Posts in the discussion thread &quot;New Blue Mages&quot; - New methods of learning blue magic!</description>
				<copyright></copyright>
		<lastBuildDate>Thu, 18 Feb 2021 21:36:05 +0000</lastBuildDate>
		
					<item>
				<guid>http://zodiac-ffrpg.wikidot.com/forum/t-749706#post-1958886</guid>
				<title>Re: New Blue Mages</title>
				<link>http://zodiac-ffrpg.wikidot.com/forum/t-749706/new-blue-mages#post-1958886</link>
				<description></description>
				<pubDate>Thu, 06 Feb 2014 19:49:33 +0000</pubDate>
				<wikidot:authorName>JBPuffin</wikidot:authorName>				<wikidot:authorUserId>1299270</wikidot:authorUserId>				<content:encoded>
					<![CDATA[
						 <p>Well, there's the obvious &quot;steal gold to use for Blue Gil method&quot;&#8230;</p> <h1><span>New Command Skill: Hijack</span></h1> <p>Choose an opponent, then make a Magic attack roll; if it hits, the target loses the use of either the most recent Tech ability they've used, or a randomly-determined ability, for the remainder of the battle. If you are a Blue Mage, you may instead steal the appropriate Blue Item for the Tech. This Tech may only used once per battle OR per enemy type at the GM's discretion.</p> 
				 	]]>
				</content:encoded>							</item>
					<item>
				<guid>http://zodiac-ffrpg.wikidot.com/forum/t-749706#post-1958226</guid>
				<title>Re: New Blue Mages</title>
				<link>http://zodiac-ffrpg.wikidot.com/forum/t-749706/new-blue-mages#post-1958226</link>
				<description></description>
				<pubDate>Thu, 06 Feb 2014 04:20:51 +0000</pubDate>
				<wikidot:authorName>Regal Pinion</wikidot:authorName>				<wikidot:authorUserId>1119553</wikidot:authorUserId>				<content:encoded>
					<![CDATA[
						 <p>I am one of the few players who chooses Blue Magic over Techs 9 times out of 10.</p> <p>Thankfully the GM is always prepared. In terms of strategy, I learned to have &quot;Memory&quot; be warrior, &quot;Lore&quot; become the balanced type, and yes, &quot;Assimilate&quot; is the magic oriented guy.</p> <p>I can see why Leap was not made as well, but I am a huge fan of the sixth Final Fantasy, so it was begging to be used.</p> <p>I will warn you: I only play tested &quot;Lich&quot;, and &quot;Leap&quot;&#8230; Lich was extremely difficult, it was (slightly) less harder once I favored vitality. Leap is fun, but I suggest choosing it if the Master has many preplanned Blue spells for each monster.</p> <p>The other three still need testing.</p> 
				 	]]>
				</content:encoded>							</item>
					<item>
				<guid>http://zodiac-ffrpg.wikidot.com/forum/t-749706#post-1958220</guid>
				<title>Re: New Blue Mages</title>
				<link>http://zodiac-ffrpg.wikidot.com/forum/t-749706/new-blue-mages#post-1958220</link>
				<description></description>
				<pubDate>Thu, 06 Feb 2014 04:09:43 +0000</pubDate>
				<wikidot:authorName>Regal Pinion</wikidot:authorName>				<wikidot:authorUserId>1119553</wikidot:authorUserId>				<content:encoded>
					<![CDATA[
						 <p>Good question! For the sake of simplicity, Blue Items must be dropped.</p> <p>I was going to have one learning tactic involving the &quot;Steal&quot; command, I was going to call it Druid, but truth be told, &quot;Lore&quot; is pretty much the same thing.</p> <p>If you find a way to apply the Steal command skill to a new learning tactic, I encourage you to post it. :)</p> 
				 	]]>
				</content:encoded>							</item>
					<item>
				<guid>http://zodiac-ffrpg.wikidot.com/forum/t-749706#post-1954999</guid>
				<title>Re: New Blue Mages</title>
				<link>http://zodiac-ffrpg.wikidot.com/forum/t-749706/new-blue-mages#post-1954999</link>
				<description></description>
				<pubDate>Mon, 03 Feb 2014 06:04:29 +0000</pubDate>
				<wikidot:authorName>JBPuffin</wikidot:authorName>				<wikidot:authorUserId>1299270</wikidot:authorUserId>				<content:encoded>
					<![CDATA[
						 <p>Hey, wait a sec: if you're using Blue Items, could they be stolen, or would there be a similar Tech for this purpose?</p> 
				 	]]>
				</content:encoded>							</item>
					<item>
				<guid>http://zodiac-ffrpg.wikidot.com/forum/t-749706#post-1941581</guid>
				<title>Re: New Blue Mages</title>
				<link>http://zodiac-ffrpg.wikidot.com/forum/t-749706/new-blue-mages#post-1941581</link>
				<description></description>
				<pubDate>Tue, 21 Jan 2014 04:30:33 +0000</pubDate>
				<wikidot:authorName>Messianic Dragoon</wikidot:authorName>				<wikidot:authorUserId>1816094</wikidot:authorUserId>				<content:encoded>
					<![CDATA[
						 <p>Great job. I really appreciate more &quot;story specific&quot; Blue Magic. The rules for Memory i find can work for most everything in a story perspective, but mechanically it kind of sucks if your Blue Mage has a low vitality. I'm surprised Leap wasn't included in the Core Rulebook aswell, but I guess from a FF VI perspective that isn't Blue Magic.</p> 
				 	]]>
				</content:encoded>							</item>
					<item>
				<guid>http://zodiac-ffrpg.wikidot.com/forum/t-749706#post-1916264</guid>
				<title>New Blue Mages</title>
				<link>http://zodiac-ffrpg.wikidot.com/forum/t-749706/new-blue-mages#post-1916264</link>
				<description></description>
				<pubDate>Mon, 16 Dec 2013 08:57:30 +0000</pubDate>
				<wikidot:authorName>Regal Pinion</wikidot:authorName>				<wikidot:authorUserId>1119553</wikidot:authorUserId>				<content:encoded>
					<![CDATA[
						 <p>My favorite job class throughout Final Fantasy has always been the Blue Mage.</p> <p>So in hopes of honoring this class I have here for you five new methods for them to learn magic!</p> <h2><span>Blue Gil</span></h2> <p>When a monster is defeated, the Blue Mage may spend half of the gil they earned in order learn all of the monster's skills. In story the example could be making an offering of money to a higher power, or simply paying a mentor to help teach them the ways of the beast.</p> <h2><span>Blue Item Drop</span></h2> <p>There is a 30% chance that a monster will drop an item related to one of it's skills. (A goblin might drop &quot;gloves&quot; for Goblin Punch, and a bomb might drop &quot;gun powder&quot; for Suicide.) In story it can mean anything, whether the Blue Mage channels the spell out of the item or they simply apply it to them selves.</p> <h2><span>Leap</span></h2> <p>When in battle if one decides to Leap an enemy there is a 60% chance that your character will Leap the foe, and both you and your foe leave the battle. When the battle is over you learn the all the Blue Magic your foe knew.<br /> However, during a boss fight, if you use leap you must roll a d%. If the result is 50 or higher you succeed, but you and the boss must remain in battle. You will learn the skills when the battle is over. In story this could mean that you studied its ways until you became fully absorbed or that you literally leaped on them while sucking the the power out of the monster as it ran off in terror.</p> <h2><span>Lich</span></h2> <p>Once you defeat an enemy you learn all of its Blue Magic. As a result you are considered &quot;Undead&quot;.<sup class="footnoteref"><a id="footnoteref-403292-1" href="javascript:;" class="footnoteref" >1</a></sup> The only methods of MP and HP healing are from Blue Magic and resting. In story you might be a lich, or your character is cursed.</p> <h2><span>Sky Ore</span></h2> <p>This is like lore but with a higher chance of success, but also with a price. The character may buy an item dedicated to absorbing a monster's skills. The item is called &quot;Sky Ore&quot;. During a battle the character may use a blue ore and has a 70% chance of learning a spell at random (or whatever the master chooses). He may also choose to single out a particular power that he has already seen, with a 90% chance to learn that specific power. A Sky Ore costs 500 gil.<br /> Optionally there is also the Midnight Ore which has a 50% chance to learn all of the blue magic from a foe for 1000 gil.<br /> Another optional ore is the Nebula Ore which has a 50% chance to learn every blue magic from each enemy in battle. This (like X-Potions and X-Ethers) can only be found and not bought.</p> <div class="footnotes-footer"> <div class="title">Footnotes</div> <div class="footnote-footer" id="footnote-403292-1"><a href="javascript:;" >1</a>. All drain-type attacks are reversed, meaning the user loses HP or MP and the you gain it. The you have Absorbency to Shadow damage, and a Weakness to Holy damage. Cure spells and Healing Techs deal damage instead of restoring HP.</div> </div> 
				 	]]>
				</content:encoded>							</item>
				</channel>
</rss>