<?xml version="1.0" encoding="UTF-8" ?>
<rss version="2.0" xmlns:content="http://purl.org/rss/1.0/modules/content/" xmlns:wikidot="http://www.wikidot.com/rss-namespace">

	<channel>
		<title>Uses for Morph</title>
		<link>http://zodiac-ffrpg.wikidot.com/forum/t-765497/uses-for-morph</link>
		<description>Posts in the discussion thread &quot;Uses for Morph&quot; - Or exploiting it.</description>
				<copyright></copyright>
		<lastBuildDate>Thu, 18 Feb 2021 21:35:57 +0000</lastBuildDate>
		
					<item>
				<guid>http://zodiac-ffrpg.wikidot.com/forum/t-765497#post-1952012</guid>
				<title>Re: Uses for Morph</title>
				<link>http://zodiac-ffrpg.wikidot.com/forum/t-765497/uses-for-morph#post-1952012</link>
				<description></description>
				<pubDate>Thu, 30 Jan 2014 18:12:05 +0000</pubDate>
				<wikidot:authorName>Messianic Dragoon</wikidot:authorName>				<wikidot:authorUserId>1816094</wikidot:authorUserId>				<content:encoded>
					<![CDATA[
						 <p>Funny you mention that. A lot of the classes I make end up taking inspiration from Persona. And Froggotten made the Tarotmaster, so it's probably bound to happen :P</p> 
				 	]]>
				</content:encoded>							</item>
					<item>
				<guid>http://zodiac-ffrpg.wikidot.com/forum/t-765497#post-1946125</guid>
				<title>Re: Uses for Morph</title>
				<link>http://zodiac-ffrpg.wikidot.com/forum/t-765497/uses-for-morph#post-1946125</link>
				<description></description>
				<pubDate>Sat, 25 Jan 2014 10:44:10 +0000</pubDate>
				<wikidot:authorName>Doresh</wikidot:authorName>				<wikidot:authorUserId>654492</wikidot:authorUserId>				<content:encoded>
					<![CDATA[
						 <p>Well, I'd say the ability to have a lot of different Tech sets can be quite scary if you can convince your GM that the MP drain doesn't apply to that use of Morph :3</p> <p>(Though if you remove said drain, you've taken your first step towards a Persona adaption.)</p> 
				 	]]>
				</content:encoded>							</item>
					<item>
				<guid>http://zodiac-ffrpg.wikidot.com/forum/t-765497#post-1941589</guid>
				<title>Uses for Morph</title>
				<link>http://zodiac-ffrpg.wikidot.com/forum/t-765497/uses-for-morph#post-1941589</link>
				<description></description>
				<pubDate>Tue, 21 Jan 2014 04:41:53 +0000</pubDate>
				<wikidot:authorName>Messianic Dragoon</wikidot:authorName>				<wikidot:authorUserId>1816094</wikidot:authorUserId>				<content:encoded>
					<![CDATA[
						 <p>Hey everyone, I've been a fan of the game for a couple of years now, and I returned to the site to see if there's still a community left while Froggotten writes up those new rulebooks.</p> <p>I was just wondering if anyone out there had any particularly interesting ways of using Morph. I gave my Blue Mage a sort of &quot;last resort&quot; morph, which opened him up to a powerful physical attack tech, a sacrifice HP AOE magic tech, and an MP Steal tech. This kind of seemed like cheating to me, since Blue Mages don't use techs and the fact that he would rarely morph allowed me to give him a small number of super powerful attacks. Then again, it's kind of an emulation of FF IX trances and FF VIII limit breaks, which gave the characters job-specific powerups. If anyone else has any opinion on the potential cheapness of morph, or has any example of how they used it, I would love to hear it.</p> 
				 	]]>
				</content:encoded>							</item>
				</channel>
</rss>