<?xml version="1.0" encoding="UTF-8" ?>
<rss version="2.0" xmlns:content="http://purl.org/rss/1.0/modules/content/" xmlns:wikidot="http://www.wikidot.com/rss-namespace">

	<channel>
		<title>Dark Sword</title>
		<link>http://zodiac-ffrpg.wikidot.com/forum/t-773261/dark-sword</link>
		<description>Posts in the discussion thread &quot;Dark Sword&quot; - An updated tech, for the Dark Knight.</description>
				<copyright></copyright>
		<lastBuildDate>Thu, 18 Feb 2021 21:36:21 +0000</lastBuildDate>
		
					<item>
				<guid>http://zodiac-ffrpg.wikidot.com/forum/t-773261#post-1988889</guid>
				<title>Re: Dark Sword</title>
				<link>http://zodiac-ffrpg.wikidot.com/forum/t-773261/dark-sword#post-1988889</link>
				<description></description>
				<pubDate>Tue, 11 Mar 2014 18:18:32 +0000</pubDate>
				<wikidot:authorName>Regal Pinion</wikidot:authorName>				<wikidot:authorUserId>1119553</wikidot:authorUserId>				<content:encoded>
					<![CDATA[
						 <p>I was a bit worried that the self-heal was a bit out-of-character.<br /> To be honest I was trying to find a way in which the Sable Knight could gain some spent HP without another drain.</p> <p>Although after making this class, I'm pretty sure their ultimate enemy is anything undead. XD</p> 
				 	]]>
				</content:encoded>							</item>
					<item>
				<guid>http://zodiac-ffrpg.wikidot.com/forum/t-773261#post-1985463</guid>
				<title>Re: Dark Sword</title>
				<link>http://zodiac-ffrpg.wikidot.com/forum/t-773261/dark-sword#post-1985463</link>
				<description></description>
				<pubDate>Thu, 06 Mar 2014 21:38:23 +0000</pubDate>
				<wikidot:authorName>Doresh</wikidot:authorName>				<wikidot:authorUserId>654492</wikidot:authorUserId>				<content:encoded>
					<![CDATA[
						 <p>Nice - though I think a HP drain move would be more fitting than a self-heal :3</p> 
				 	]]>
				</content:encoded>							</item>
					<item>
				<guid>http://zodiac-ffrpg.wikidot.com/forum/t-773261#post-1959658</guid>
				<title>Dark Sword</title>
				<link>http://zodiac-ffrpg.wikidot.com/forum/t-773261/dark-sword#post-1959658</link>
				<description></description>
				<pubDate>Fri, 07 Feb 2014 08:14:27 +0000</pubDate>
				<wikidot:authorName>Regal Pinion</wikidot:authorName>				<wikidot:authorUserId>1119553</wikidot:authorUserId>				<content:encoded>
					<![CDATA[
						 <p>The opposite of the Paladin, a Sable Knight is a warrior shrouded in darkness. Many Sable Knights draw their strength from powerful demons or from the netherworld itself. Yet not all Sable Knights are evil. Perhaps they have been coerced or misguided, or perhaps have had no other choice but to turn to the darkness after having been cast from the light. Often, these unfortunate Sable Knights wish for nothing more than to leave the shadows behind. But whatever their motivation, their Dark Sword technique is deadly, and with a large number of techniques that drain the life and spirit from their foes to replenish the Sable Knight's strength.</p> <p><strong>Abyssal Blade</strong><br /> <em>Cost: 70 HP (Sacrifice)</em><br /> Primary: Quadra Slam (Strong)<br /> Secondary: Shadow elemental<br /> A red light leaves the Sable Knight's body and envelopes his sword. He swings his blade and attacks his foes four times using his lost vitality as his weapon.<br /> <em>(Level 3 Tech)</em></p> <p><strong>Crushing Blow</strong><br /> <em>Cost: 26 MP</em><br /> Primary: Demi Attack (33% of Current Value)<br /> Secondary: Inflict Stop at -65<br /> Secondary: Shadow Elemental<br /> The Sable Knight points her weapon at an opponent and focuses all of her wrath unto them. A cloud of black surrounds her foe and, without a second wasted, collapses on them. Sometimes the victim of this attack freezes with fear after being crushed by the darkness. It makes one wonder what they saw&#8230;<br /> <em>(Level 2 Tech)</em></p> <p><strong>Dark Wave</strong><br /> <em>Cost: 12 MP</em><br /> Primary: Power Attack (Medium)<br /> Secondary: Area Effect<br /> Secondary: Shadow Elemental<br /> The signature move of a Sable Knight. The Sable Knight focuses his energy on his weapon and swings it, allowing the dark energy to escape and unleash it's destruction on his enemies.<br /> <em>(Level 2 Tech)</em></p> <p><strong>Final Ebony</strong><br /> <em>Cost: 340 HP (Sacrifice)</em><br /> Primary: Power Attack (Strong)<br /> Secondary: Boost +50% Damage<br /> Secondary: Shadow Elemental<br /> The Sable Knight's ultimate move. The Sable Knight sacrifices a piece of her soul; darkness surrounds the Sable Knight's body until it solidifies, transforming her into a beast resembling black smoke and glowing red eyes. She charges at her enemy and unleashes a series of devastating blows.<br /> <em>(Level 6 Tech)</em></p> <p><strong>Infernal Leech</strong><br /> <em>Cost: 9 SP (Charge Power)</em><br /> Primary: MP Steal<br /> The Sable Knight puts his free hand in the air, palm facing his opponent. Dark spirits escape his palm and leeches MP from his foe and come back to their master bestowing him the boon of someone's power.<br /> (Level 3 Tech)</p> <p><strong>Last Dream</strong><br /> <em>Cost: 26 MP</em><br /> Primary: Inflict Sleep at -35<br /> Secondary: Inflict Poison at -60<br /> The Sable Knight summons a ball of dark energy above her enemy. The ball hesitates for a few moments then quickly falls and engulfs the opponent. If she is lucky the opponent will succumb to fatigue and sleep. If she is luckier, the opponent will suffer from a nightmare and will slowly fade away.<br /> <em>(Level 4 Tech)</em></p> <p><strong>Night's Vow</strong><br /> <em>Cost: 30 HP (Sacrifice)</em><br /> Primary: Haste<br /> Secondary: Self-Only<br /> The Sable Knight makes an oath to the darkness. By giving a piece of himself to Night, he can now achieve tasks at an inhuman rate.<br /> <em>(Level 3 Tech)</em></p> <p><strong>Pitch Black</strong><br /> <em>Cost: 6 MP</em><br /> Primary: Healing (Medium)<br /> Secondary: Self-Only<br /> An aura of ebony shrouds the Sable Knight. When the aura becomes large enough it gets absorbed into her body, healing her of her wounds.<br /> <em>(Level 3 Tech)</em></p> <p><strong>Sanguine Sword</strong><br /> <em>Cost: 37 MP</em><br /> Primary: Power Attack (Medium)<br /> Secondary: Drain 50%<br /> Secondary: Shadow Elemental<br /> The Sable Knight focuses his energy on his sword. A red aura is unleashed as he swings it. The aura leaves his enemy's body and enters him, healing the Sable Knight with his foe's life force.<br /> <em>(Level 4 Tech)</em></p> <p><strong>Unholy Sacrifice</strong><br /> <em>Cost: 60 HP (Sacrifice)</em><br /> Primary: Power Attack (Medium)<br /> Secondary: Area Attack<br /> Secondary: Shadow Elemental<br /> The Sable Knight entrusts her soul into her sword. She stabs the earth and a black burst of energy erupts from the ground, damaging all enemies.<br /> <em>(Level 2 Tech)</em></p> <p>Hope this helps.</p> 
				 	]]>
				</content:encoded>							</item>
				</channel>
</rss>