<?xml version="1.0" encoding="UTF-8" ?>
<rss version="2.0" xmlns:content="http://purl.org/rss/1.0/modules/content/" xmlns:wikidot="http://www.wikidot.com/rss-namespace">

	<channel>
		<title>A little something for Zodiac...</title>
		<link>http://zodiac-ffrpg.wikidot.com/forum/t-867818/a-little-something-for-zodiac</link>
		<description>Posts in the discussion thread &quot;A little something for Zodiac...&quot; - A Final Fantasy Rap Song!</description>
				<copyright></copyright>
		<lastBuildDate>Thu, 18 Feb 2021 21:35:40 +0000</lastBuildDate>
		
					<item>
				<guid>http://zodiac-ffrpg.wikidot.com/forum/t-867818#post-2187082</guid>
				<title>Re: A little something for Zodiac...</title>
				<link>http://zodiac-ffrpg.wikidot.com/forum/t-867818/a-little-something-for-zodiac#post-2187082</link>
				<description></description>
				<pubDate>Tue, 23 Dec 2014 07:13:37 +0000</pubDate>
				<wikidot:authorName>Regal Pinion</wikidot:authorName>				<wikidot:authorUserId>1119553</wikidot:authorUserId>				<content:encoded>
					<![CDATA[
						 <p>So my new album, Shadow Plays, can be bought online at <a href="https://regalpinion.bandcamp.com/album/shadow-plays">https://regalpinion.bandcamp.com/album/shadow-plays</a> for $2.00</p> <p>BUT, the real reasoning behind this post is because one of the tracks is a song from the perspective of Kefka Palazzo called &quot;Kafkaesque&quot;.<br /> <a href="https://soundcloud.com/regal-pinion/kafkaesque">https://soundcloud.com/regal-pinion/kafkaesque</a><br /> I hope you all enjoy this.</p> <p>(Also for those who don't want to pay the full $2.00 but want to buy the album, the discount code is <em>crowcode</em> for fifty percent off. Lasts until 1/1/15.)</p> <p>Either way all y'all enjoy yourselves and end this year on an awesome note. :)</p> 
				 	]]>
				</content:encoded>							</item>
					<item>
				<guid>http://zodiac-ffrpg.wikidot.com/forum/t-867818#post-2042678</guid>
				<title>A little something for Zodiac...</title>
				<link>http://zodiac-ffrpg.wikidot.com/forum/t-867818/a-little-something-for-zodiac#post-2042678</link>
				<description></description>
				<pubDate>Sat, 31 May 2014 10:27:41 +0000</pubDate>
				<wikidot:authorName>Regal Pinion</wikidot:authorName>				<wikidot:authorUserId>1119553</wikidot:authorUserId>				<content:encoded>
					<![CDATA[
						 <p>A song I wrote and recorded about some of the Final Fantasy games we know and love.<br /> Let's just hope I'm no spoony bard.</p> <p><a href="https://www.youtube.com/watch?v=5i00lJl2PbA">https://www.youtube.com/watch?v=5i00lJl2PbA</a></p> <p>I hope you all enjoy it. :)</p> 
				 	]]>
				</content:encoded>							</item>
				</channel>
</rss>