<?xml version="1.0" encoding="UTF-8" ?>
<rss version="2.0" xmlns:content="http://purl.org/rss/1.0/modules/content/" xmlns:wikidot="http://www.wikidot.com/rss-namespace">

	<channel>
		<title>Per page discussions (new threads)</title>
		<link>http://ffrpg4e.wikidot.com/forum/c-2549960/per-page-discussions</link>
		<description>Threads in the forum category &quot;Per page discussions&quot; - This category groups discussions related to particular pages within this site.</description>
				<copyright></copyright>
		<lastBuildDate>Sun, 21 Feb 2021 20:26:49 +0000</lastBuildDate>
		
				</channel>
</rss>