<?xml version="1.0" encoding="UTF-8" ?>
<rss version="2.0" xmlns:content="http://purl.org/rss/1.0/modules/content/" xmlns:wikidot="http://www.wikidot.com/rss-namespace">

	<channel>
		<title>Final Fantasy RPG 4th Edition - new forum posts</title>
		<link>http://ffrpg4e.wikidot.com/forum/start</link>
		<description>Posts in forums of the site &quot;Final Fantasy RPG 4th Edition&quot; - A resource center for the fan made FFRPG 4e</description>
				<copyright></copyright>
		<lastBuildDate>Sun, 21 Feb 2021 20:25:03 +0000</lastBuildDate>
		
				</channel>
</rss>