<?xml version="1.0" encoding="UTF-8" ?>
<rss version="2.0" xmlns:content="http://purl.org/rss/1.0/modules/content/" xmlns:wikidot="http://www.wikidot.com/rss-namespace">

	<channel>
		<title>Comments for page &quot;Wiki Template Created&quot;</title>
		<link>http://ffrpg4e.wikidot.com/forum/t-4145960/wiki-template-created</link>
		<description>Posts in the discussion thread &quot;Wiki Template Created&quot;</description>
				<copyright></copyright>
		<lastBuildDate>Sun, 21 Feb 2021 20:27:07 +0000</lastBuildDate>
		
				</channel>
</rss>