<?xml version="1.0" encoding="UTF-8" ?>
<rss version="2.0" xmlns:content="http://purl.org/rss/1.0/modules/content/" xmlns:wikidot="http://www.wikidot.com/rss-namespace">

	<channel>
		<title>Recent page changes from site &quot;Final Fantasy RPG 4th Edition&quot; (a Wikidot site)</title>
		<link>http://ffrpg4e.wikidot.com</link>
		<description></description>
				<copyright></copyright>
		<lastBuildDate>Sun, 21 Feb 2021 20:24:15 +0000</lastBuildDate>
		
					<item>
				<guid>http://ffrpg4e.wikidot.com/ordjobs#revision-1358467096</guid>
				<title>&quot;Ordjobs&quot; - source change</title>
				<link>http://ffrpg4e.wikidot.com/ordjobs</link>
				<description>Page: &lt;a href=&quot;http://ffrpg4e.wikidot.com/ordjobs&quot;&gt;Ordjobs&lt;/a&gt; (ordjobs)&lt;br/&gt;Current revision number: 11&lt;br/&gt;Date changed: Wed, 16 Dec 2020 16:13:08 +0000&lt;br/&gt;Change type: source change&lt;br/&gt;By: &lt;span class=&quot;printuser&quot;&gt;&lt;a href=&quot;http://www.wikidot.com/user:info/brunocarvalhopaula&quot; onclick=&quot;WIKIDOT.page.listeners.userInfo(3403085); return false;&quot; &gt;BrunoCarvalhoPaula&lt;/a&gt;&lt;/span&gt;&lt;br/&gt;&lt;br/&gt;Page content preview: &lt;br/&gt;Alternate Fencer
Inspired by the FF VII remake, this alternate Fencer focuses on using !Dodge to protect itself and counterattack. It uses many tools avaiable to the normal Fencer alongside its...</description>
				<pubDate>Wed, 16 Dec 2020 16:13:08 +0000</pubDate>
												<content:encoded>
					<![CDATA[
						Page: <a href="http://ffrpg4e.wikidot.com/ordjobs">Ordjobs</a> (ordjobs)<br/>Current revision number: 11<br/>Date changed: Wed, 16 Dec 2020 16:13:08 +0000<br/>Change type: source change<br/>By: <span class="printuser"><a href="http://www.wikidot.com/user:info/brunocarvalhopaula" onclick="WIKIDOT.page.listeners.userInfo(3403085); return false;" >BrunoCarvalhoPaula</a></span><br/><br/>Page content preview: <br/>Alternate Fencer Inspired by the FF VII remake, this alternate Fencer focuses on using !Dodge to protect itself and counterattack. It uses many tools avaiable to the normal Fencer alongside its...
				 	]]>
				</content:encoded>							</item>
					<item>
				<guid>http://ffrpg4e.wikidot.com/ordjobs#revision-1358466645</guid>
				<title>&quot;Ordjobs&quot; - source change</title>
				<link>http://ffrpg4e.wikidot.com/ordjobs</link>
				<description>Page: &lt;a href=&quot;http://ffrpg4e.wikidot.com/ordjobs&quot;&gt;Ordjobs&lt;/a&gt; (ordjobs)&lt;br/&gt;Current revision number: 10&lt;br/&gt;Date changed: Wed, 16 Dec 2020 15:43:35 +0000&lt;br/&gt;Change type: source change&lt;br/&gt;By: &lt;span class=&quot;printuser&quot;&gt;&lt;a href=&quot;http://www.wikidot.com/user:info/brunocarvalhopaula&quot; onclick=&quot;WIKIDOT.page.listeners.userInfo(3403085); return false;&quot; &gt;BrunoCarvalhoPaula&lt;/a&gt;&lt;/span&gt;&lt;br/&gt;&lt;br/&gt;Page content preview: &lt;br/&gt;Alternate Fencer
Inspired by the FF VII remake, this alternate Fencer focuses on using !Dodge to protect itself and counterattack. It uses many tools avaiable to the normal Fencer alongside its...</description>
				<pubDate>Wed, 16 Dec 2020 15:43:35 +0000</pubDate>
												<content:encoded>
					<![CDATA[
						Page: <a href="http://ffrpg4e.wikidot.com/ordjobs">Ordjobs</a> (ordjobs)<br/>Current revision number: 10<br/>Date changed: Wed, 16 Dec 2020 15:43:35 +0000<br/>Change type: source change<br/>By: <span class="printuser"><a href="http://www.wikidot.com/user:info/brunocarvalhopaula" onclick="WIKIDOT.page.listeners.userInfo(3403085); return false;" >BrunoCarvalhoPaula</a></span><br/><br/>Page content preview: <br/>Alternate Fencer Inspired by the FF VII remake, this alternate Fencer focuses on using !Dodge to protect itself and counterattack. It uses many tools avaiable to the normal Fencer alongside its...
				 	]]>
				</content:encoded>							</item>
					<item>
				<guid>http://ffrpg4e.wikidot.com/ordjobs#revision-1358466632</guid>
				<title>&quot;Ordjobs&quot; - source change</title>
				<link>http://ffrpg4e.wikidot.com/ordjobs</link>
				<description>Page: &lt;a href=&quot;http://ffrpg4e.wikidot.com/ordjobs&quot;&gt;Ordjobs&lt;/a&gt; (ordjobs)&lt;br/&gt;Current revision number: 9&lt;br/&gt;Date changed: Wed, 16 Dec 2020 15:41:49 +0000&lt;br/&gt;Change type: source change&lt;br/&gt;By: &lt;span class=&quot;printuser&quot;&gt;&lt;a href=&quot;http://www.wikidot.com/user:info/brunocarvalhopaula&quot; onclick=&quot;WIKIDOT.page.listeners.userInfo(3403085); return false;&quot; &gt;BrunoCarvalhoPaula&lt;/a&gt;&lt;/span&gt;&lt;br/&gt;&lt;br/&gt;Page content preview: &lt;br/&gt;Alternate Fencer
Inspired by the FF VII remake, this alternate Fencer focuses on using !Dodge to protect itself and counterattack. It uses many tools avaiable to the normal Fencer alongside its...</description>
				<pubDate>Wed, 16 Dec 2020 15:41:49 +0000</pubDate>
												<content:encoded>
					<![CDATA[
						Page: <a href="http://ffrpg4e.wikidot.com/ordjobs">Ordjobs</a> (ordjobs)<br/>Current revision number: 9<br/>Date changed: Wed, 16 Dec 2020 15:41:49 +0000<br/>Change type: source change<br/>By: <span class="printuser"><a href="http://www.wikidot.com/user:info/brunocarvalhopaula" onclick="WIKIDOT.page.listeners.userInfo(3403085); return false;" >BrunoCarvalhoPaula</a></span><br/><br/>Page content preview: <br/>Alternate Fencer Inspired by the FF VII remake, this alternate Fencer focuses on using !Dodge to protect itself and counterattack. It uses many tools avaiable to the normal Fencer alongside its...
				 	]]>
				</content:encoded>							</item>
					<item>
				<guid>http://ffrpg4e.wikidot.com/ordjobs#revision-1358466620</guid>
				<title>&quot;Ordjobs&quot; - source change</title>
				<link>http://ffrpg4e.wikidot.com/ordjobs</link>
				<description>Page: &lt;a href=&quot;http://ffrpg4e.wikidot.com/ordjobs&quot;&gt;Ordjobs&lt;/a&gt; (ordjobs)&lt;br/&gt;Current revision number: 8&lt;br/&gt;Date changed: Wed, 16 Dec 2020 15:40:40 +0000&lt;br/&gt;Change type: source change&lt;br/&gt;By: &lt;span class=&quot;printuser&quot;&gt;&lt;a href=&quot;http://www.wikidot.com/user:info/brunocarvalhopaula&quot; onclick=&quot;WIKIDOT.page.listeners.userInfo(3403085); return false;&quot; &gt;BrunoCarvalhoPaula&lt;/a&gt;&lt;/span&gt;&lt;br/&gt;&lt;br/&gt;Page content preview: &lt;br/&gt;Alternate Fencer
Inspired by the FF VII remake, this alternate Fencer focuses on using !Dodge to protect itself and counterattack. It uses many tools avaiable to the normal Fencer alongside its...</description>
				<pubDate>Wed, 16 Dec 2020 15:40:40 +0000</pubDate>
												<content:encoded>
					<![CDATA[
						Page: <a href="http://ffrpg4e.wikidot.com/ordjobs">Ordjobs</a> (ordjobs)<br/>Current revision number: 8<br/>Date changed: Wed, 16 Dec 2020 15:40:40 +0000<br/>Change type: source change<br/>By: <span class="printuser"><a href="http://www.wikidot.com/user:info/brunocarvalhopaula" onclick="WIKIDOT.page.listeners.userInfo(3403085); return false;" >BrunoCarvalhoPaula</a></span><br/><br/>Page content preview: <br/>Alternate Fencer Inspired by the FF VII remake, this alternate Fencer focuses on using !Dodge to protect itself and counterattack. It uses many tools avaiable to the normal Fencer alongside its...
				 	]]>
				</content:encoded>							</item>
					<item>
				<guid>http://ffrpg4e.wikidot.com/ordquirks#revision-1358456259</guid>
				<title>&quot;Optional Quirks&quot; - source change</title>
				<link>http://ffrpg4e.wikidot.com/ordquirks</link>
				<description>Page: &lt;a href=&quot;http://ffrpg4e.wikidot.com/ordquirks&quot;&gt;Optional Quirks&lt;/a&gt; (ordquirks)&lt;br/&gt;Current revision number: 4&lt;br/&gt;Date changed: Wed, 16 Dec 2020 00:01:30 +0000&lt;br/&gt;Change type: source change&lt;br/&gt;By: &lt;span class=&quot;printuser&quot;&gt;&lt;a href=&quot;http://www.wikidot.com/user:info/brunocarvalhopaula&quot; onclick=&quot;WIKIDOT.page.listeners.userInfo(3403085); return false;&quot; &gt;BrunoCarvalhoPaula&lt;/a&gt;&lt;/span&gt;&lt;br/&gt;&lt;br/&gt;Page content preview: &lt;br/&gt;Races Compendium
Ronso (1st Variant)
Ronso (Racial): Tall, Proud, and Athletic, Ronso are large Feline warriors who are renowned for their skill and prowess in combat. Sentient creatures fear you...</description>
				<pubDate>Wed, 16 Dec 2020 00:01:30 +0000</pubDate>
												<content:encoded>
					<![CDATA[
						Page: <a href="http://ffrpg4e.wikidot.com/ordquirks">Optional Quirks</a> (ordquirks)<br/>Current revision number: 4<br/>Date changed: Wed, 16 Dec 2020 00:01:30 +0000<br/>Change type: source change<br/>By: <span class="printuser"><a href="http://www.wikidot.com/user:info/brunocarvalhopaula" onclick="WIKIDOT.page.listeners.userInfo(3403085); return false;" >BrunoCarvalhoPaula</a></span><br/><br/>Page content preview: <br/>Races Compendium Ronso (1st Variant) Ronso (Racial): Tall, Proud, and Athletic, Ronso are large Feline warriors who are renowned for their skill and prowess in combat. Sentient creatures fear you...
				 	]]>
				</content:encoded>							</item>
					<item>
				<guid>http://ffrpg4e.wikidot.com/bestiary#revision-1357735002</guid>
				<title>&quot;Bestiary&quot; - source change</title>
				<link>http://ffrpg4e.wikidot.com/bestiary</link>
				<description>Page: &lt;a href=&quot;http://ffrpg4e.wikidot.com/bestiary&quot;&gt;Bestiary&lt;/a&gt; (bestiary)&lt;br/&gt;Current revision number: 15&lt;br/&gt;Date changed: Thu, 19 Nov 2020 18:40:21 +0000&lt;br/&gt;Change type: source change&lt;br/&gt;By: &lt;span class=&quot;printuser&quot;&gt;&lt;a href=&quot;http://www.wikidot.com/user:info/brunocarvalhopaula&quot; onclick=&quot;WIKIDOT.page.listeners.userInfo(3403085); return false;&quot; &gt;BrunoCarvalhoPaula&lt;/a&gt;&lt;/span&gt;&lt;br/&gt;&lt;br/&gt;Page content preview: &lt;br/&gt;ABERRATION
Harried Tentacle Mass
Author:Box_of_Hats
10th level Aberration Elite, 4 initiative dice
E 10&amp;#160;A 30&amp;#160;F 40&amp;#160;W 10
HP 160 MP 50 ARM 10 MARM 10
Slap: Quick physical attack, Air...</description>
				<pubDate>Thu, 19 Nov 2020 18:40:21 +0000</pubDate>
												<content:encoded>
					<![CDATA[
						Page: <a href="http://ffrpg4e.wikidot.com/bestiary">Bestiary</a> (bestiary)<br/>Current revision number: 15<br/>Date changed: Thu, 19 Nov 2020 18:40:21 +0000<br/>Change type: source change<br/>By: <span class="printuser"><a href="http://www.wikidot.com/user:info/brunocarvalhopaula" onclick="WIKIDOT.page.listeners.userInfo(3403085); return false;" >BrunoCarvalhoPaula</a></span><br/><br/>Page content preview: <br/>ABERRATION Harried Tentacle Mass Author:Box_of_Hats 10th level Aberration Elite, 4 initiative dice E 10&#160;A 30&#160;F 40&#160;W 10 HP 160 MP 50 ARM 10 MARM 10 Slap: Quick physical attack, Air...
				 	]]>
				</content:encoded>							</item>
					<item>
				<guid>http://ffrpg4e.wikidot.com/bestiarytier2#revision-1357734989</guid>
				<title>&quot;Bestiary: Monsters Tier 2&quot; - source change</title>
				<link>http://ffrpg4e.wikidot.com/bestiarytier2</link>
				<description>Page: &lt;a href=&quot;http://ffrpg4e.wikidot.com/bestiarytier2&quot;&gt;Bestiary: Monsters Tier 2&lt;/a&gt; (bestiarytier2)&lt;br/&gt;Current revision number: 16&lt;br/&gt;Date changed: Thu, 19 Nov 2020 18:39:43 +0000&lt;br/&gt;Change type: source change&lt;br/&gt;By: &lt;span class=&quot;printuser&quot;&gt;&lt;a href=&quot;http://www.wikidot.com/user:info/brunocarvalhopaula&quot; onclick=&quot;WIKIDOT.page.listeners.userInfo(3403085); return false;&quot; &gt;BrunoCarvalhoPaula&lt;/a&gt;&lt;/span&gt;&lt;br/&gt;&lt;br/&gt;Page content preview: &lt;br/&gt;The Monsters below are suited for low level characters, ranging from levels 10-27, with Level 10 equipment. They present only a modest challenge for characters above level 19 if they already have...</description>
				<pubDate>Thu, 19 Nov 2020 18:39:43 +0000</pubDate>
												<content:encoded>
					<![CDATA[
						Page: <a href="http://ffrpg4e.wikidot.com/bestiarytier2">Bestiary: Monsters Tier 2</a> (bestiarytier2)<br/>Current revision number: 16<br/>Date changed: Thu, 19 Nov 2020 18:39:43 +0000<br/>Change type: source change<br/>By: <span class="printuser"><a href="http://www.wikidot.com/user:info/brunocarvalhopaula" onclick="WIKIDOT.page.listeners.userInfo(3403085); return false;" >BrunoCarvalhoPaula</a></span><br/><br/>Page content preview: <br/>The Monsters below are suited for low level characters, ranging from levels 10-27, with Level 10 equipment. They present only a modest challenge for characters above level 19 if they already have...
				 	]]>
				</content:encoded>							</item>
					<item>
				<guid>http://ffrpg4e.wikidot.com/ordjobs#revision-1344787454</guid>
				<title>&quot;Ordjobs&quot; - source change</title>
				<link>http://ffrpg4e.wikidot.com/ordjobs</link>
				<description>Page: &lt;a href=&quot;http://ffrpg4e.wikidot.com/ordjobs&quot;&gt;Ordjobs&lt;/a&gt; (ordjobs)&lt;br/&gt;Current revision number: 7&lt;br/&gt;Date changed: Sun, 13 Sep 2020 13:38:09 +0000&lt;br/&gt;Change type: source change&lt;br/&gt;By: &lt;span class=&quot;printuser&quot;&gt;&lt;a href=&quot;http://www.wikidot.com/user:info/brunocarvalhopaula&quot; onclick=&quot;WIKIDOT.page.listeners.userInfo(3403085); return false;&quot; &gt;BrunoCarvalhoPaula&lt;/a&gt;&lt;/span&gt;&lt;br/&gt;&lt;br/&gt;Page content preview: &lt;br/&gt;Alternate Fencer
Inspired by the FF VII remake, this alternate Fencer focuses on using !Dodge to protect itself and counterattack. It uses many tools avaiable to the normal Fencer alongside its...</description>
				<pubDate>Sun, 13 Sep 2020 13:38:09 +0000</pubDate>
												<content:encoded>
					<![CDATA[
						Page: <a href="http://ffrpg4e.wikidot.com/ordjobs">Ordjobs</a> (ordjobs)<br/>Current revision number: 7<br/>Date changed: Sun, 13 Sep 2020 13:38:09 +0000<br/>Change type: source change<br/>By: <span class="printuser"><a href="http://www.wikidot.com/user:info/brunocarvalhopaula" onclick="WIKIDOT.page.listeners.userInfo(3403085); return false;" >BrunoCarvalhoPaula</a></span><br/><br/>Page content preview: <br/>Alternate Fencer Inspired by the FF VII remake, this alternate Fencer focuses on using !Dodge to protect itself and counterattack. It uses many tools avaiable to the normal Fencer alongside its...
				 	]]>
				</content:encoded>							</item>
					<item>
				<guid>http://ffrpg4e.wikidot.com/bestiary#revision-1319105838</guid>
				<title>&quot;Bestiary&quot; - source change</title>
				<link>http://ffrpg4e.wikidot.com/bestiary</link>
				<description>Page: &lt;a href=&quot;http://ffrpg4e.wikidot.com/bestiary&quot;&gt;Bestiary&lt;/a&gt; (bestiary)&lt;br/&gt;Current revision number: 14&lt;br/&gt;Date changed: Fri, 04 Sep 2020 17:53:30 +0000&lt;br/&gt;Change type: source change&lt;br/&gt;By: &lt;span class=&quot;printuser&quot;&gt;&lt;a href=&quot;http://www.wikidot.com/user:info/brunocarvalhopaula&quot; onclick=&quot;WIKIDOT.page.listeners.userInfo(3403085); return false;&quot; &gt;BrunoCarvalhoPaula&lt;/a&gt;&lt;/span&gt;&lt;br/&gt;&lt;br/&gt;Page content preview: &lt;br/&gt;ABERRATION
Harried Tentacle Mass
Author:Box_of_Hats
10th level Aberration Elite, 4 initiative dice
E 10&amp;#160;A 30&amp;#160;F 40&amp;#160;W 10
HP 160 MP 50 ARM 10 MARM 10
Slap: Quick physical attack, Air...</description>
				<pubDate>Fri, 04 Sep 2020 17:53:30 +0000</pubDate>
												<content:encoded>
					<![CDATA[
						Page: <a href="http://ffrpg4e.wikidot.com/bestiary">Bestiary</a> (bestiary)<br/>Current revision number: 14<br/>Date changed: Fri, 04 Sep 2020 17:53:30 +0000<br/>Change type: source change<br/>By: <span class="printuser"><a href="http://www.wikidot.com/user:info/brunocarvalhopaula" onclick="WIKIDOT.page.listeners.userInfo(3403085); return false;" >BrunoCarvalhoPaula</a></span><br/><br/>Page content preview: <br/>ABERRATION Harried Tentacle Mass Author:Box_of_Hats 10th level Aberration Elite, 4 initiative dice E 10&#160;A 30&#160;F 40&#160;W 10 HP 160 MP 50 ARM 10 MARM 10 Slap: Quick physical attack, Air...
				 	]]>
				</content:encoded>							</item>
					<item>
				<guid>http://ffrpg4e.wikidot.com/bestiarytier2#revision-1319105809</guid>
				<title>&quot;Bestiary: Monsters Tier 2&quot; - source change</title>
				<link>http://ffrpg4e.wikidot.com/bestiarytier2</link>
				<description>Page: &lt;a href=&quot;http://ffrpg4e.wikidot.com/bestiarytier2&quot;&gt;Bestiary: Monsters Tier 2&lt;/a&gt; (bestiarytier2)&lt;br/&gt;Current revision number: 15&lt;br/&gt;Date changed: Fri, 04 Sep 2020 17:52:25 +0000&lt;br/&gt;Change type: source change&lt;br/&gt;By: &lt;span class=&quot;printuser&quot;&gt;&lt;a href=&quot;http://www.wikidot.com/user:info/brunocarvalhopaula&quot; onclick=&quot;WIKIDOT.page.listeners.userInfo(3403085); return false;&quot; &gt;BrunoCarvalhoPaula&lt;/a&gt;&lt;/span&gt;&lt;br/&gt;&lt;br/&gt;Page content preview: &lt;br/&gt;The Monsters below are suited for low level characters, ranging from levels 10-27, with Level 10 equipment. They present only a modest challenge for characters above level 19 if they already have...</description>
				<pubDate>Fri, 04 Sep 2020 17:52:25 +0000</pubDate>
												<content:encoded>
					<![CDATA[
						Page: <a href="http://ffrpg4e.wikidot.com/bestiarytier2">Bestiary: Monsters Tier 2</a> (bestiarytier2)<br/>Current revision number: 15<br/>Date changed: Fri, 04 Sep 2020 17:52:25 +0000<br/>Change type: source change<br/>By: <span class="printuser"><a href="http://www.wikidot.com/user:info/brunocarvalhopaula" onclick="WIKIDOT.page.listeners.userInfo(3403085); return false;" >BrunoCarvalhoPaula</a></span><br/><br/>Page content preview: <br/>The Monsters below are suited for low level characters, ranging from levels 10-27, with Level 10 equipment. They present only a modest challenge for characters above level 19 if they already have...
				 	]]>
				</content:encoded>							</item>
					<item>
				<guid>http://ffrpg4e.wikidot.com/bestiary#revision-1319104929</guid>
				<title>&quot;Bestiary&quot; - source change</title>
				<link>http://ffrpg4e.wikidot.com/bestiary</link>
				<description>Page: &lt;a href=&quot;http://ffrpg4e.wikidot.com/bestiary&quot;&gt;Bestiary&lt;/a&gt; (bestiary)&lt;br/&gt;Current revision number: 13&lt;br/&gt;Date changed: Fri, 04 Sep 2020 17:20:44 +0000&lt;br/&gt;Change type: source change&lt;br/&gt;By: &lt;span class=&quot;printuser&quot;&gt;&lt;a href=&quot;http://www.wikidot.com/user:info/brunocarvalhopaula&quot; onclick=&quot;WIKIDOT.page.listeners.userInfo(3403085); return false;&quot; &gt;BrunoCarvalhoPaula&lt;/a&gt;&lt;/span&gt;&lt;br/&gt;&lt;br/&gt;Page content preview: &lt;br/&gt;ABERRATION
Harried Tentacle Mass
Author:Box_of_Hats
10th level Aberration Elite, 4 initiative dice
E 10&amp;#160;A 30&amp;#160;F 40&amp;#160;W 10
HP 160 MP 50 ARM 10 MARM 10
Slap: Quick physical attack, Air...</description>
				<pubDate>Fri, 04 Sep 2020 17:20:44 +0000</pubDate>
												<content:encoded>
					<![CDATA[
						Page: <a href="http://ffrpg4e.wikidot.com/bestiary">Bestiary</a> (bestiary)<br/>Current revision number: 13<br/>Date changed: Fri, 04 Sep 2020 17:20:44 +0000<br/>Change type: source change<br/>By: <span class="printuser"><a href="http://www.wikidot.com/user:info/brunocarvalhopaula" onclick="WIKIDOT.page.listeners.userInfo(3403085); return false;" >BrunoCarvalhoPaula</a></span><br/><br/>Page content preview: <br/>ABERRATION Harried Tentacle Mass Author:Box_of_Hats 10th level Aberration Elite, 4 initiative dice E 10&#160;A 30&#160;F 40&#160;W 10 HP 160 MP 50 ARM 10 MARM 10 Slap: Quick physical attack, Air...
				 	]]>
				</content:encoded>							</item>
					<item>
				<guid>http://ffrpg4e.wikidot.com/bestiarytier2#revision-1319104912</guid>
				<title>&quot;Bestiary: Monsters Tier 2&quot; - source change</title>
				<link>http://ffrpg4e.wikidot.com/bestiarytier2</link>
				<description>Page: &lt;a href=&quot;http://ffrpg4e.wikidot.com/bestiarytier2&quot;&gt;Bestiary: Monsters Tier 2&lt;/a&gt; (bestiarytier2)&lt;br/&gt;Current revision number: 14&lt;br/&gt;Date changed: Fri, 04 Sep 2020 17:20:16 +0000&lt;br/&gt;Change type: source change&lt;br/&gt;By: &lt;span class=&quot;printuser&quot;&gt;&lt;a href=&quot;http://www.wikidot.com/user:info/brunocarvalhopaula&quot; onclick=&quot;WIKIDOT.page.listeners.userInfo(3403085); return false;&quot; &gt;BrunoCarvalhoPaula&lt;/a&gt;&lt;/span&gt;&lt;br/&gt;&lt;br/&gt;Page content preview: &lt;br/&gt;The Monsters below are suited for low level characters, ranging from levels 10-27, with Level 10 equipment. They present only a modest challenge for characters above level 19 if they already have...</description>
				<pubDate>Fri, 04 Sep 2020 17:20:16 +0000</pubDate>
												<content:encoded>
					<![CDATA[
						Page: <a href="http://ffrpg4e.wikidot.com/bestiarytier2">Bestiary: Monsters Tier 2</a> (bestiarytier2)<br/>Current revision number: 14<br/>Date changed: Fri, 04 Sep 2020 17:20:16 +0000<br/>Change type: source change<br/>By: <span class="printuser"><a href="http://www.wikidot.com/user:info/brunocarvalhopaula" onclick="WIKIDOT.page.listeners.userInfo(3403085); return false;" >BrunoCarvalhoPaula</a></span><br/><br/>Page content preview: <br/>The Monsters below are suited for low level characters, ranging from levels 10-27, with Level 10 equipment. They present only a modest challenge for characters above level 19 if they already have...
				 	]]>
				</content:encoded>							</item>
					<item>
				<guid>http://ffrpg4e.wikidot.com/bestiary#revision-1319104709</guid>
				<title>&quot;Bestiary&quot; - source change</title>
				<link>http://ffrpg4e.wikidot.com/bestiary</link>
				<description>Page: &lt;a href=&quot;http://ffrpg4e.wikidot.com/bestiary&quot;&gt;Bestiary&lt;/a&gt; (bestiary)&lt;br/&gt;Current revision number: 12&lt;br/&gt;Date changed: Fri, 04 Sep 2020 17:13:46 +0000&lt;br/&gt;Change type: source change&lt;br/&gt;By: &lt;span class=&quot;printuser&quot;&gt;&lt;a href=&quot;http://www.wikidot.com/user:info/brunocarvalhopaula&quot; onclick=&quot;WIKIDOT.page.listeners.userInfo(3403085); return false;&quot; &gt;BrunoCarvalhoPaula&lt;/a&gt;&lt;/span&gt;&lt;br/&gt;&lt;br/&gt;Page content preview: &lt;br/&gt;ABERRATION
Harried Tentacle Mass
Author:Box_of_Hats
10th level Aberration Elite, 4 initiative dice
E 10&amp;#160;A 30&amp;#160;F 40&amp;#160;W 10
HP 160 MP 50 ARM 10 MARM 10
Slap: Quick physical attack, Air...</description>
				<pubDate>Fri, 04 Sep 2020 17:13:46 +0000</pubDate>
												<content:encoded>
					<![CDATA[
						Page: <a href="http://ffrpg4e.wikidot.com/bestiary">Bestiary</a> (bestiary)<br/>Current revision number: 12<br/>Date changed: Fri, 04 Sep 2020 17:13:46 +0000<br/>Change type: source change<br/>By: <span class="printuser"><a href="http://www.wikidot.com/user:info/brunocarvalhopaula" onclick="WIKIDOT.page.listeners.userInfo(3403085); return false;" >BrunoCarvalhoPaula</a></span><br/><br/>Page content preview: <br/>ABERRATION Harried Tentacle Mass Author:Box_of_Hats 10th level Aberration Elite, 4 initiative dice E 10&#160;A 30&#160;F 40&#160;W 10 HP 160 MP 50 ARM 10 MARM 10 Slap: Quick physical attack, Air...
				 	]]>
				</content:encoded>							</item>
					<item>
				<guid>http://ffrpg4e.wikidot.com/bestiarytier2#revision-1319104662</guid>
				<title>&quot;Bestiary: Monsters Tier 2&quot; - source change</title>
				<link>http://ffrpg4e.wikidot.com/bestiarytier2</link>
				<description>Page: &lt;a href=&quot;http://ffrpg4e.wikidot.com/bestiarytier2&quot;&gt;Bestiary: Monsters Tier 2&lt;/a&gt; (bestiarytier2)&lt;br/&gt;Current revision number: 13&lt;br/&gt;Date changed: Fri, 04 Sep 2020 17:12:02 +0000&lt;br/&gt;Change type: source change&lt;br/&gt;By: &lt;span class=&quot;printuser&quot;&gt;&lt;a href=&quot;http://www.wikidot.com/user:info/brunocarvalhopaula&quot; onclick=&quot;WIKIDOT.page.listeners.userInfo(3403085); return false;&quot; &gt;BrunoCarvalhoPaula&lt;/a&gt;&lt;/span&gt;&lt;br/&gt;&lt;br/&gt;Page content preview: &lt;br/&gt;The Monsters below are suited for low level characters, ranging from levels 10-27, with Level 10 equipment. They present only a modest challenge for characters above level 19 if they already have...</description>
				<pubDate>Fri, 04 Sep 2020 17:12:02 +0000</pubDate>
												<content:encoded>
					<![CDATA[
						Page: <a href="http://ffrpg4e.wikidot.com/bestiarytier2">Bestiary: Monsters Tier 2</a> (bestiarytier2)<br/>Current revision number: 13<br/>Date changed: Fri, 04 Sep 2020 17:12:02 +0000<br/>Change type: source change<br/>By: <span class="printuser"><a href="http://www.wikidot.com/user:info/brunocarvalhopaula" onclick="WIKIDOT.page.listeners.userInfo(3403085); return false;" >BrunoCarvalhoPaula</a></span><br/><br/>Page content preview: <br/>The Monsters below are suited for low level characters, ranging from levels 10-27, with Level 10 equipment. They present only a modest challenge for characters above level 19 if they already have...
				 	]]>
				</content:encoded>							</item>
					<item>
				<guid>http://ffrpg4e.wikidot.com/start#revision-1276803805</guid>
				<title>&quot;FFRPG 4th Edition Resources&quot; - source change</title>
				<link>http://ffrpg4e.wikidot.com/start</link>
				<description>Page: &lt;a href=&quot;http://ffrpg4e.wikidot.com/start&quot;&gt;FFRPG 4th Edition Resources&lt;/a&gt; (start)&lt;br/&gt;Current revision number: 41&lt;br/&gt;Date changed: Fri, 24 Jul 2020 15:17:59 +0000&lt;br/&gt;Change type: source change&lt;br/&gt;By: &lt;span class=&quot;printuser&quot;&gt;&lt;a href=&quot;http://www.wikidot.com/user:info/brunocarvalhopaula&quot; onclick=&quot;WIKIDOT.page.listeners.userInfo(3403085); return false;&quot; &gt;BrunoCarvalhoPaula&lt;/a&gt;&lt;/span&gt;&lt;br/&gt;&lt;br/&gt;Page content preview: &lt;br/&gt;Welcome to the Final Fantasy RPG 4th Edition Resources Wiki!
Navigate using the following links:

Download Links

FFRPG 4th Edition Remastered - Core rules for players and GMs
Final Fantasy IV...</description>
				<pubDate>Fri, 24 Jul 2020 15:17:59 +0000</pubDate>
												<content:encoded>
					<![CDATA[
						Page: <a href="http://ffrpg4e.wikidot.com/start">FFRPG 4th Edition Resources</a> (start)<br/>Current revision number: 41<br/>Date changed: Fri, 24 Jul 2020 15:17:59 +0000<br/>Change type: source change<br/>By: <span class="printuser"><a href="http://www.wikidot.com/user:info/brunocarvalhopaula" onclick="WIKIDOT.page.listeners.userInfo(3403085); return false;" >BrunoCarvalhoPaula</a></span><br/><br/>Page content preview: <br/>Welcome to the Final Fantasy RPG 4th Edition Resources Wiki! Navigate using the following links: Download Links FFRPG 4th Edition Remastered - Core rules for players and GMs Final Fantasy IV...
				 	]]>
				</content:encoded>							</item>
					<item>
				<guid>http://ffrpg4e.wikidot.com/ordquirks#revision-1215066639</guid>
				<title>&quot;Optional Quirks&quot; - source change</title>
				<link>http://ffrpg4e.wikidot.com/ordquirks</link>
				<description>Page: &lt;a href=&quot;http://ffrpg4e.wikidot.com/ordquirks&quot;&gt;Optional Quirks&lt;/a&gt; (ordquirks)&lt;br/&gt;Current revision number: 3&lt;br/&gt;Date changed: Mon, 22 Jun 2020 20:05:47 +0000&lt;br/&gt;Change type: source change&lt;br/&gt;By: &lt;span class=&quot;printuser&quot;&gt;&lt;a href=&quot;http://www.wikidot.com/user:info/brunocarvalhopaula&quot; onclick=&quot;WIKIDOT.page.listeners.userInfo(3403085); return false;&quot; &gt;BrunoCarvalhoPaula&lt;/a&gt;&lt;/span&gt;&lt;br/&gt;&lt;br/&gt;Page content preview: &lt;br/&gt;Races Compendium
Ronso (1st Variant)
Ronso (Racial): Tall, Proud, and Athletic, Ronso are large Feline warriors who are renowned for their skill and prowess in combat. Sentient creatures fear you...</description>
				<pubDate>Mon, 22 Jun 2020 20:05:47 +0000</pubDate>
												<content:encoded>
					<![CDATA[
						Page: <a href="http://ffrpg4e.wikidot.com/ordquirks">Optional Quirks</a> (ordquirks)<br/>Current revision number: 3<br/>Date changed: Mon, 22 Jun 2020 20:05:47 +0000<br/>Change type: source change<br/>By: <span class="printuser"><a href="http://www.wikidot.com/user:info/brunocarvalhopaula" onclick="WIKIDOT.page.listeners.userInfo(3403085); return false;" >BrunoCarvalhoPaula</a></span><br/><br/>Page content preview: <br/>Races Compendium Ronso (1st Variant) Ronso (Racial): Tall, Proud, and Athletic, Ronso are large Feline warriors who are renowned for their skill and prowess in combat. Sentient creatures fear you...
				 	]]>
				</content:encoded>							</item>
					<item>
				<guid>http://ffrpg4e.wikidot.com/bestiarytier5#revision-1190283899</guid>
				<title>&quot;Bestiary: Monsters Tier 5 &amp; over&quot; - source change</title>
				<link>http://ffrpg4e.wikidot.com/bestiarytier5</link>
				<description>Page: &lt;a href=&quot;http://ffrpg4e.wikidot.com/bestiarytier5&quot;&gt;Bestiary: Monsters Tier 5 &amp;amp; over&lt;/a&gt; (bestiarytier5)&lt;br/&gt;Current revision number: 5&lt;br/&gt;Date changed: Fri, 05 Jun 2020 15:23:43 +0000&lt;br/&gt;Change type: source change&lt;br/&gt;By: &lt;span class=&quot;printuser&quot;&gt;&lt;a href=&quot;http://www.wikidot.com/user:info/warpfire&quot; onclick=&quot;WIKIDOT.page.listeners.userInfo(6529442); return false;&quot; &gt;Warpfire&lt;/a&gt;&lt;/span&gt;&lt;br/&gt;&lt;br/&gt;Page content preview: &lt;br/&gt;The Monsters below are suited for very high level characters, with Level 37 equipment, and higher.
HUMANOID
Devil Bandit
Author:Poweful Black Gangs
40th level Humanoid Demon Common, 3 initiative...</description>
				<pubDate>Fri, 05 Jun 2020 15:23:43 +0000</pubDate>
												<content:encoded>
					<![CDATA[
						Page: <a href="http://ffrpg4e.wikidot.com/bestiarytier5">Bestiary: Monsters Tier 5 &amp; over</a> (bestiarytier5)<br/>Current revision number: 5<br/>Date changed: Fri, 05 Jun 2020 15:23:43 +0000<br/>Change type: source change<br/>By: <span class="printuser"><a href="http://www.wikidot.com/user:info/warpfire" onclick="WIKIDOT.page.listeners.userInfo(6529442); return false;" >Warpfire</a></span><br/><br/>Page content preview: <br/>The Monsters below are suited for very high level characters, with Level 37 equipment, and higher. HUMANOID Devil Bandit Author:Poweful Black Gangs 40th level Humanoid Demon Common, 3 initiative...
				 	]]>
				</content:encoded>							</item>
					<item>
				<guid>http://ffrpg4e.wikidot.com/bestiarytier5#revision-1190283822</guid>
				<title>&quot;Bestiary: Monsters Tier 5 &amp; over&quot; - source change</title>
				<link>http://ffrpg4e.wikidot.com/bestiarytier5</link>
				<description>Page: &lt;a href=&quot;http://ffrpg4e.wikidot.com/bestiarytier5&quot;&gt;Bestiary: Monsters Tier 5 &amp;amp; over&lt;/a&gt; (bestiarytier5)&lt;br/&gt;Current revision number: 4&lt;br/&gt;Date changed: Fri, 05 Jun 2020 15:22:22 +0000&lt;br/&gt;Change type: source change&lt;br/&gt;Change comments: Goldarian Magitech Armor&lt;br/&gt;By: &lt;span class=&quot;printuser&quot;&gt;&lt;a href=&quot;http://www.wikidot.com/user:info/warpfire&quot; onclick=&quot;WIKIDOT.page.listeners.userInfo(6529442); return false;&quot; &gt;Warpfire&lt;/a&gt;&lt;/span&gt;&lt;br/&gt;&lt;br/&gt;Page content preview: &lt;br/&gt;The Monsters below are suited for very high level characters, with Level 37 equipment, and higher.
HUMANOID
Devil Bandit
Author:Poweful Black Gangs
40th level Humanoid Demon Common, 3 initiative...</description>
				<pubDate>Fri, 05 Jun 2020 15:22:22 +0000</pubDate>
												<content:encoded>
					<![CDATA[
						Page: <a href="http://ffrpg4e.wikidot.com/bestiarytier5">Bestiary: Monsters Tier 5 &amp; over</a> (bestiarytier5)<br/>Current revision number: 4<br/>Date changed: Fri, 05 Jun 2020 15:22:22 +0000<br/>Change type: source change<br/>Change comments: Goldarian Magitech Armor<br/>By: <span class="printuser"><a href="http://www.wikidot.com/user:info/warpfire" onclick="WIKIDOT.page.listeners.userInfo(6529442); return false;" >Warpfire</a></span><br/><br/>Page content preview: <br/>The Monsters below are suited for very high level characters, with Level 37 equipment, and higher. HUMANOID Devil Bandit Author:Poweful Black Gangs 40th level Humanoid Demon Common, 3 initiative...
				 	]]>
				</content:encoded>							</item>
					<item>
				<guid>http://ffrpg4e.wikidot.com/bestiarytier5#revision-1190283467</guid>
				<title>&quot;Bestiary: Monsters Tier 5 &amp; over&quot; - source change</title>
				<link>http://ffrpg4e.wikidot.com/bestiarytier5</link>
				<description>Page: &lt;a href=&quot;http://ffrpg4e.wikidot.com/bestiarytier5&quot;&gt;Bestiary: Monsters Tier 5 &amp;amp; over&lt;/a&gt; (bestiarytier5)&lt;br/&gt;Current revision number: 3&lt;br/&gt;Date changed: Fri, 05 Jun 2020 15:12:52 +0000&lt;br/&gt;Change type: source change&lt;br/&gt;Change comments: Added Goldarian Humanoid Soldiers&lt;br/&gt;By: &lt;span class=&quot;printuser&quot;&gt;&lt;a href=&quot;http://www.wikidot.com/user:info/warpfire&quot; onclick=&quot;WIKIDOT.page.listeners.userInfo(6529442); return false;&quot; &gt;Warpfire&lt;/a&gt;&lt;/span&gt;&lt;br/&gt;&lt;br/&gt;Page content preview: &lt;br/&gt;The Monsters below are suited for very high level characters, with Level 37 equipment, and higher.
HUMANOID
Devil Bandit
Author:Poweful Black Gangs
40th level Humanoid Demon Common, 3 initiative...</description>
				<pubDate>Fri, 05 Jun 2020 15:12:52 +0000</pubDate>
												<content:encoded>
					<![CDATA[
						Page: <a href="http://ffrpg4e.wikidot.com/bestiarytier5">Bestiary: Monsters Tier 5 &amp; over</a> (bestiarytier5)<br/>Current revision number: 3<br/>Date changed: Fri, 05 Jun 2020 15:12:52 +0000<br/>Change type: source change<br/>Change comments: Added Goldarian Humanoid Soldiers<br/>By: <span class="printuser"><a href="http://www.wikidot.com/user:info/warpfire" onclick="WIKIDOT.page.listeners.userInfo(6529442); return false;" >Warpfire</a></span><br/><br/>Page content preview: <br/>The Monsters below are suited for very high level characters, with Level 37 equipment, and higher. HUMANOID Devil Bandit Author:Poweful Black Gangs 40th level Humanoid Demon Common, 3 initiative...
				 	]]>
				</content:encoded>							</item>
					<item>
				<guid>http://ffrpg4e.wikidot.com/bestiary#revision-1190174913</guid>
				<title>&quot;Bestiary&quot; - source change</title>
				<link>http://ffrpg4e.wikidot.com/bestiary</link>
				<description>Page: &lt;a href=&quot;http://ffrpg4e.wikidot.com/bestiary&quot;&gt;Bestiary&lt;/a&gt; (bestiary)&lt;br/&gt;Current revision number: 11&lt;br/&gt;Date changed: Fri, 05 Jun 2020 14:25:31 +0000&lt;br/&gt;Change type: source change&lt;br/&gt;By: &lt;span class=&quot;printuser&quot;&gt;&lt;a href=&quot;http://www.wikidot.com/user:info/brunocarvalhopaula&quot; onclick=&quot;WIKIDOT.page.listeners.userInfo(3403085); return false;&quot; &gt;BrunoCarvalhoPaula&lt;/a&gt;&lt;/span&gt;&lt;br/&gt;&lt;br/&gt;Page content preview: &lt;br/&gt;ABERRATION
Harried Tentacle Mass
Author:Box_of_Hats
10th level Aberration Elite, 4 initiative dice
E 10&amp;#160;A 30&amp;#160;F 40&amp;#160;W 10
HP 160 MP 50 ARM 10 MARM 10
Slap: Quick physical attack, Air...</description>
				<pubDate>Fri, 05 Jun 2020 14:25:31 +0000</pubDate>
												<content:encoded>
					<![CDATA[
						Page: <a href="http://ffrpg4e.wikidot.com/bestiary">Bestiary</a> (bestiary)<br/>Current revision number: 11<br/>Date changed: Fri, 05 Jun 2020 14:25:31 +0000<br/>Change type: source change<br/>By: <span class="printuser"><a href="http://www.wikidot.com/user:info/brunocarvalhopaula" onclick="WIKIDOT.page.listeners.userInfo(3403085); return false;" >BrunoCarvalhoPaula</a></span><br/><br/>Page content preview: <br/>ABERRATION Harried Tentacle Mass Author:Box_of_Hats 10th level Aberration Elite, 4 initiative dice E 10&#160;A 30&#160;F 40&#160;W 10 HP 160 MP 50 ARM 10 MARM 10 Slap: Quick physical attack, Air...
				 	]]>
				</content:encoded>							</item>
					<item>
				<guid>http://ffrpg4e.wikidot.com/bestiarytier3#revision-1116833784</guid>
				<title>&quot;Bestiary: Monsters Tier 3&quot; - source change</title>
				<link>http://ffrpg4e.wikidot.com/bestiarytier3</link>
				<description>Page: &lt;a href=&quot;http://ffrpg4e.wikidot.com/bestiarytier3&quot;&gt;Bestiary: Monsters Tier 3&lt;/a&gt; (bestiarytier3)&lt;br/&gt;Current revision number: 12&lt;br/&gt;Date changed: Sat, 23 May 2020 21:30:21 +0000&lt;br/&gt;Change type: source change&lt;br/&gt;By: &lt;span class=&quot;printuser&quot;&gt;&lt;a href=&quot;http://www.wikidot.com/user:info/brunocarvalhopaula&quot; onclick=&quot;WIKIDOT.page.listeners.userInfo(3403085); return false;&quot; &gt;BrunoCarvalhoPaula&lt;/a&gt;&lt;/span&gt;&lt;br/&gt;&lt;br/&gt;Page content preview: &lt;br/&gt;The Monsters below are suited for mid level characters, ranging from levels 19-35, with Level 19 equipment. They present only a modest challenge for characters above level 28 if they already have...</description>
				<pubDate>Sat, 23 May 2020 21:30:21 +0000</pubDate>
												<content:encoded>
					<![CDATA[
						Page: <a href="http://ffrpg4e.wikidot.com/bestiarytier3">Bestiary: Monsters Tier 3</a> (bestiarytier3)<br/>Current revision number: 12<br/>Date changed: Sat, 23 May 2020 21:30:21 +0000<br/>Change type: source change<br/>By: <span class="printuser"><a href="http://www.wikidot.com/user:info/brunocarvalhopaula" onclick="WIKIDOT.page.listeners.userInfo(3403085); return false;" >BrunoCarvalhoPaula</a></span><br/><br/>Page content preview: <br/>The Monsters below are suited for mid level characters, ranging from levels 19-35, with Level 19 equipment. They present only a modest challenge for characters above level 28 if they already have...
				 	]]>
				</content:encoded>							</item>
					<item>
				<guid>http://ffrpg4e.wikidot.com/bestiary#revision-1116820461</guid>
				<title>&quot;Bestiary&quot; - source change</title>
				<link>http://ffrpg4e.wikidot.com/bestiary</link>
				<description>Page: &lt;a href=&quot;http://ffrpg4e.wikidot.com/bestiary&quot;&gt;Bestiary&lt;/a&gt; (bestiary)&lt;br/&gt;Current revision number: 10&lt;br/&gt;Date changed: Sat, 23 May 2020 21:28:35 +0000&lt;br/&gt;Change type: source change&lt;br/&gt;By: &lt;span class=&quot;printuser&quot;&gt;&lt;a href=&quot;http://www.wikidot.com/user:info/brunocarvalhopaula&quot; onclick=&quot;WIKIDOT.page.listeners.userInfo(3403085); return false;&quot; &gt;BrunoCarvalhoPaula&lt;/a&gt;&lt;/span&gt;&lt;br/&gt;&lt;br/&gt;Page content preview: &lt;br/&gt;ABERRATION
Harried Tentacle Mass
Author:Box_of_Hats
10th level Aberration Elite, 4 initiative dice
E 10&amp;#160;A 30&amp;#160;F 40&amp;#160;W 10
HP 160 MP 50 ARM 10 MARM 10
Slap: Quick physical attack, Air...</description>
				<pubDate>Sat, 23 May 2020 21:28:35 +0000</pubDate>
												<content:encoded>
					<![CDATA[
						Page: <a href="http://ffrpg4e.wikidot.com/bestiary">Bestiary</a> (bestiary)<br/>Current revision number: 10<br/>Date changed: Sat, 23 May 2020 21:28:35 +0000<br/>Change type: source change<br/>By: <span class="printuser"><a href="http://www.wikidot.com/user:info/brunocarvalhopaula" onclick="WIKIDOT.page.listeners.userInfo(3403085); return false;" >BrunoCarvalhoPaula</a></span><br/><br/>Page content preview: <br/>ABERRATION Harried Tentacle Mass Author:Box_of_Hats 10th level Aberration Elite, 4 initiative dice E 10&#160;A 30&#160;F 40&#160;W 10 HP 160 MP 50 ARM 10 MARM 10 Slap: Quick physical attack, Air...
				 	]]>
				</content:encoded>							</item>
					<item>
				<guid>http://ffrpg4e.wikidot.com/ordrules#revision-1115175710</guid>
				<title>&quot;Optional Rules&quot; - source change</title>
				<link>http://ffrpg4e.wikidot.com/ordrules</link>
				<description>Page: &lt;a href=&quot;http://ffrpg4e.wikidot.com/ordrules&quot;&gt;Optional Rules&lt;/a&gt; (ordrules)&lt;br/&gt;Current revision number: 19&lt;br/&gt;Date changed: Sat, 23 May 2020 17:21:36 +0000&lt;br/&gt;Change type: source change&lt;br/&gt;By: &lt;span class=&quot;printuser&quot;&gt;&lt;a href=&quot;http://www.wikidot.com/user:info/brunocarvalhopaula&quot; onclick=&quot;WIKIDOT.page.listeners.userInfo(3403085); return false;&quot; &gt;BrunoCarvalhoPaula&lt;/a&gt;&lt;/span&gt;&lt;br/&gt;&lt;br/&gt;Page content preview: &lt;br/&gt;FF7&#039;s Materia Rules
These rules intend to simulate FF7&#039;s Materia rules. They intend to give players a similar experience to the game rules, with spells and abilities encapsulated inside magical...</description>
				<pubDate>Sat, 23 May 2020 17:21:36 +0000</pubDate>
												<content:encoded>
					<![CDATA[
						Page: <a href="http://ffrpg4e.wikidot.com/ordrules">Optional Rules</a> (ordrules)<br/>Current revision number: 19<br/>Date changed: Sat, 23 May 2020 17:21:36 +0000<br/>Change type: source change<br/>By: <span class="printuser"><a href="http://www.wikidot.com/user:info/brunocarvalhopaula" onclick="WIKIDOT.page.listeners.userInfo(3403085); return false;" >BrunoCarvalhoPaula</a></span><br/><br/>Page content preview: <br/>FF7's Materia Rules These rules intend to simulate FF7's Materia rules. They intend to give players a similar experience to the game rules, with spells and abilities encapsulated inside magical...
				 	]]>
				</content:encoded>							</item>
					<item>
				<guid>http://ffrpg4e.wikidot.com/ordjobs#revision-1106277719</guid>
				<title>&quot;Ordjobs&quot; - source change</title>
				<link>http://ffrpg4e.wikidot.com/ordjobs</link>
				<description>Page: &lt;a href=&quot;http://ffrpg4e.wikidot.com/ordjobs&quot;&gt;Ordjobs&lt;/a&gt; (ordjobs)&lt;br/&gt;Current revision number: 6&lt;br/&gt;Date changed: Sat, 23 May 2020 01:33:17 +0000&lt;br/&gt;Change type: source change&lt;br/&gt;By: &lt;span class=&quot;printuser&quot;&gt;&lt;a href=&quot;http://www.wikidot.com/user:info/brunocarvalhopaula&quot; onclick=&quot;WIKIDOT.page.listeners.userInfo(3403085); return false;&quot; &gt;BrunoCarvalhoPaula&lt;/a&gt;&lt;/span&gt;&lt;br/&gt;&lt;br/&gt;Page content preview: &lt;br/&gt;Alternate Fencer
Inspired by the FF VII remake, this alternate Fencer focuses on using !Dodge to protect itself and counterattack. It uses many tools avaiable to the normal Fencer alongside its...</description>
				<pubDate>Sat, 23 May 2020 01:33:17 +0000</pubDate>
												<content:encoded>
					<![CDATA[
						Page: <a href="http://ffrpg4e.wikidot.com/ordjobs">Ordjobs</a> (ordjobs)<br/>Current revision number: 6<br/>Date changed: Sat, 23 May 2020 01:33:17 +0000<br/>Change type: source change<br/>By: <span class="printuser"><a href="http://www.wikidot.com/user:info/brunocarvalhopaula" onclick="WIKIDOT.page.listeners.userInfo(3403085); return false;" >BrunoCarvalhoPaula</a></span><br/><br/>Page content preview: <br/>Alternate Fencer Inspired by the FF VII remake, this alternate Fencer focuses on using !Dodge to protect itself and counterattack. It uses many tools avaiable to the normal Fencer alongside its...
				 	]]>
				</content:encoded>							</item>
					<item>
				<guid>http://ffrpg4e.wikidot.com/ordjobs#revision-1105987789</guid>
				<title>&quot;Ordjobs&quot; - source change</title>
				<link>http://ffrpg4e.wikidot.com/ordjobs</link>
				<description>Page: &lt;a href=&quot;http://ffrpg4e.wikidot.com/ordjobs&quot;&gt;Ordjobs&lt;/a&gt; (ordjobs)&lt;br/&gt;Current revision number: 5&lt;br/&gt;Date changed: Sat, 23 May 2020 00:43:17 +0000&lt;br/&gt;Change type: source change&lt;br/&gt;By: &lt;span class=&quot;printuser&quot;&gt;&lt;a href=&quot;http://www.wikidot.com/user:info/brunocarvalhopaula&quot; onclick=&quot;WIKIDOT.page.listeners.userInfo(3403085); return false;&quot; &gt;BrunoCarvalhoPaula&lt;/a&gt;&lt;/span&gt;&lt;br/&gt;&lt;br/&gt;Page content preview: &lt;br/&gt;Alternate Fencer
Inspired by the FF VII remake, this alternate Fencer focuses on using !Dodge to protect itself and counterattack. It uses many tools avaiable to the normal Fencer alongside its...</description>
				<pubDate>Sat, 23 May 2020 00:43:17 +0000</pubDate>
												<content:encoded>
					<![CDATA[
						Page: <a href="http://ffrpg4e.wikidot.com/ordjobs">Ordjobs</a> (ordjobs)<br/>Current revision number: 5<br/>Date changed: Sat, 23 May 2020 00:43:17 +0000<br/>Change type: source change<br/>By: <span class="printuser"><a href="http://www.wikidot.com/user:info/brunocarvalhopaula" onclick="WIKIDOT.page.listeners.userInfo(3403085); return false;" >BrunoCarvalhoPaula</a></span><br/><br/>Page content preview: <br/>Alternate Fencer Inspired by the FF VII remake, this alternate Fencer focuses on using !Dodge to protect itself and counterattack. It uses many tools avaiable to the normal Fencer alongside its...
				 	]]>
				</content:encoded>							</item>
					<item>
				<guid>http://ffrpg4e.wikidot.com/ordjobs#revision-1105903230</guid>
				<title>&quot;Ordjobs&quot; - source change</title>
				<link>http://ffrpg4e.wikidot.com/ordjobs</link>
				<description>Page: &lt;a href=&quot;http://ffrpg4e.wikidot.com/ordjobs&quot;&gt;Ordjobs&lt;/a&gt; (ordjobs)&lt;br/&gt;Current revision number: 4&lt;br/&gt;Date changed: Sat, 23 May 2020 00:31:03 +0000&lt;br/&gt;Change type: source change&lt;br/&gt;By: &lt;span class=&quot;printuser&quot;&gt;&lt;a href=&quot;http://www.wikidot.com/user:info/brunocarvalhopaula&quot; onclick=&quot;WIKIDOT.page.listeners.userInfo(3403085); return false;&quot; &gt;BrunoCarvalhoPaula&lt;/a&gt;&lt;/span&gt;&lt;br/&gt;&lt;br/&gt;Page content preview: &lt;br/&gt;Alternate Fencer
Inspired by the FF VII remake, this alternate Fencer focuses on using !Dodge to protect itself and counterattack. It uses many tools avaiable to the normal Fencer alongside its...</description>
				<pubDate>Sat, 23 May 2020 00:31:03 +0000</pubDate>
												<content:encoded>
					<![CDATA[
						Page: <a href="http://ffrpg4e.wikidot.com/ordjobs">Ordjobs</a> (ordjobs)<br/>Current revision number: 4<br/>Date changed: Sat, 23 May 2020 00:31:03 +0000<br/>Change type: source change<br/>By: <span class="printuser"><a href="http://www.wikidot.com/user:info/brunocarvalhopaula" onclick="WIKIDOT.page.listeners.userInfo(3403085); return false;" >BrunoCarvalhoPaula</a></span><br/><br/>Page content preview: <br/>Alternate Fencer Inspired by the FF VII remake, this alternate Fencer focuses on using !Dodge to protect itself and counterattack. It uses many tools avaiable to the normal Fencer alongside its...
				 	]]>
				</content:encoded>							</item>
					<item>
				<guid>http://ffrpg4e.wikidot.com/ordjobs#revision-1105899495</guid>
				<title>&quot;Ordjobs&quot; - source change</title>
				<link>http://ffrpg4e.wikidot.com/ordjobs</link>
				<description>Page: &lt;a href=&quot;http://ffrpg4e.wikidot.com/ordjobs&quot;&gt;Ordjobs&lt;/a&gt; (ordjobs)&lt;br/&gt;Current revision number: 3&lt;br/&gt;Date changed: Sat, 23 May 2020 00:30:34 +0000&lt;br/&gt;Change type: source change&lt;br/&gt;By: &lt;span class=&quot;printuser&quot;&gt;&lt;a href=&quot;http://www.wikidot.com/user:info/brunocarvalhopaula&quot; onclick=&quot;WIKIDOT.page.listeners.userInfo(3403085); return false;&quot; &gt;BrunoCarvalhoPaula&lt;/a&gt;&lt;/span&gt;&lt;br/&gt;&lt;br/&gt;Page content preview: &lt;br/&gt;Alternate Fencer
Inspired by the FF VII remake, this alternate Fencer focuses on using !Dodge to protect itself and counterattack. It uses many tools avaiable to the normal Fencer alongside its...</description>
				<pubDate>Sat, 23 May 2020 00:30:34 +0000</pubDate>
												<content:encoded>
					<![CDATA[
						Page: <a href="http://ffrpg4e.wikidot.com/ordjobs">Ordjobs</a> (ordjobs)<br/>Current revision number: 3<br/>Date changed: Sat, 23 May 2020 00:30:34 +0000<br/>Change type: source change<br/>By: <span class="printuser"><a href="http://www.wikidot.com/user:info/brunocarvalhopaula" onclick="WIKIDOT.page.listeners.userInfo(3403085); return false;" >BrunoCarvalhoPaula</a></span><br/><br/>Page content preview: <br/>Alternate Fencer Inspired by the FF VII remake, this alternate Fencer focuses on using !Dodge to protect itself and counterattack. It uses many tools avaiable to the normal Fencer alongside its...
				 	]]>
				</content:encoded>							</item>
					<item>
				<guid>http://ffrpg4e.wikidot.com/ordrules#revision-1101862100</guid>
				<title>&quot;Optional Rules&quot; - source change</title>
				<link>http://ffrpg4e.wikidot.com/ordrules</link>
				<description>Page: &lt;a href=&quot;http://ffrpg4e.wikidot.com/ordrules&quot;&gt;Optional Rules&lt;/a&gt; (ordrules)&lt;br/&gt;Current revision number: 18&lt;br/&gt;Date changed: Fri, 22 May 2020 14:38:15 +0000&lt;br/&gt;Change type: source change&lt;br/&gt;By: &lt;span class=&quot;printuser&quot;&gt;&lt;a href=&quot;http://www.wikidot.com/user:info/brunocarvalhopaula&quot; onclick=&quot;WIKIDOT.page.listeners.userInfo(3403085); return false;&quot; &gt;BrunoCarvalhoPaula&lt;/a&gt;&lt;/span&gt;&lt;br/&gt;&lt;br/&gt;Page content preview: &lt;br/&gt;FF7&#039;s Materia Rules
These rules intend to simulate FF7&#039;s Materia rules. They intend to give players a similar experience to the game rules, with spells and abilities encapsulated inside magical...</description>
				<pubDate>Fri, 22 May 2020 14:38:15 +0000</pubDate>
												<content:encoded>
					<![CDATA[
						Page: <a href="http://ffrpg4e.wikidot.com/ordrules">Optional Rules</a> (ordrules)<br/>Current revision number: 18<br/>Date changed: Fri, 22 May 2020 14:38:15 +0000<br/>Change type: source change<br/>By: <span class="printuser"><a href="http://www.wikidot.com/user:info/brunocarvalhopaula" onclick="WIKIDOT.page.listeners.userInfo(3403085); return false;" >BrunoCarvalhoPaula</a></span><br/><br/>Page content preview: <br/>FF7's Materia Rules These rules intend to simulate FF7's Materia rules. They intend to give players a similar experience to the game rules, with spells and abilities encapsulated inside magical...
				 	]]>
				</content:encoded>							</item>
					<item>
				<guid>http://ffrpg4e.wikidot.com/ordrules#revision-1101854259</guid>
				<title>&quot;Optional Rules&quot; - source change</title>
				<link>http://ffrpg4e.wikidot.com/ordrules</link>
				<description>Page: &lt;a href=&quot;http://ffrpg4e.wikidot.com/ordrules&quot;&gt;Optional Rules&lt;/a&gt; (ordrules)&lt;br/&gt;Current revision number: 17&lt;br/&gt;Date changed: Fri, 22 May 2020 14:37:20 +0000&lt;br/&gt;Change type: source change&lt;br/&gt;By: &lt;span class=&quot;printuser&quot;&gt;&lt;a href=&quot;http://www.wikidot.com/user:info/brunocarvalhopaula&quot; onclick=&quot;WIKIDOT.page.listeners.userInfo(3403085); return false;&quot; &gt;BrunoCarvalhoPaula&lt;/a&gt;&lt;/span&gt;&lt;br/&gt;&lt;br/&gt;Page content preview: &lt;br/&gt;FF7&#039;s Materia Rules
These rules intend to simulate FF7&#039;s Materia rules. They intend to give players a similar experience to the game rules, with spells and abilities encapsulated inside magical...</description>
				<pubDate>Fri, 22 May 2020 14:37:20 +0000</pubDate>
												<content:encoded>
					<![CDATA[
						Page: <a href="http://ffrpg4e.wikidot.com/ordrules">Optional Rules</a> (ordrules)<br/>Current revision number: 17<br/>Date changed: Fri, 22 May 2020 14:37:20 +0000<br/>Change type: source change<br/>By: <span class="printuser"><a href="http://www.wikidot.com/user:info/brunocarvalhopaula" onclick="WIKIDOT.page.listeners.userInfo(3403085); return false;" >BrunoCarvalhoPaula</a></span><br/><br/>Page content preview: <br/>FF7's Materia Rules These rules intend to simulate FF7's Materia rules. They intend to give players a similar experience to the game rules, with spells and abilities encapsulated inside magical...
				 	]]>
				</content:encoded>							</item>
					<item>
				<guid>http://ffrpg4e.wikidot.com/ordrules#revision-1101847985</guid>
				<title>&quot;Optional Rules&quot; - source change</title>
				<link>http://ffrpg4e.wikidot.com/ordrules</link>
				<description>Page: &lt;a href=&quot;http://ffrpg4e.wikidot.com/ordrules&quot;&gt;Optional Rules&lt;/a&gt; (ordrules)&lt;br/&gt;Current revision number: 16&lt;br/&gt;Date changed: Fri, 22 May 2020 14:36:33 +0000&lt;br/&gt;Change type: source change&lt;br/&gt;By: &lt;span class=&quot;printuser&quot;&gt;&lt;a href=&quot;http://www.wikidot.com/user:info/brunocarvalhopaula&quot; onclick=&quot;WIKIDOT.page.listeners.userInfo(3403085); return false;&quot; &gt;BrunoCarvalhoPaula&lt;/a&gt;&lt;/span&gt;&lt;br/&gt;&lt;br/&gt;Page content preview: &lt;br/&gt;FF7&#039;s Materia Rules
These rules intend to simulate FF7&#039;s Materia rules. They intend to give players a similar experience to the game rules, with spells and abilities encapsulated inside magical...</description>
				<pubDate>Fri, 22 May 2020 14:36:33 +0000</pubDate>
												<content:encoded>
					<![CDATA[
						Page: <a href="http://ffrpg4e.wikidot.com/ordrules">Optional Rules</a> (ordrules)<br/>Current revision number: 16<br/>Date changed: Fri, 22 May 2020 14:36:33 +0000<br/>Change type: source change<br/>By: <span class="printuser"><a href="http://www.wikidot.com/user:info/brunocarvalhopaula" onclick="WIKIDOT.page.listeners.userInfo(3403085); return false;" >BrunoCarvalhoPaula</a></span><br/><br/>Page content preview: <br/>FF7's Materia Rules These rules intend to simulate FF7's Materia rules. They intend to give players a similar experience to the game rules, with spells and abilities encapsulated inside magical...
				 	]]>
				</content:encoded>							</item>
				</channel>
</rss>